date,job_id,well_id,rig_id,operation_phase,depth_drilled_m,cumulative_depth_m,drilling_hours,productive_hours,standby_hours,maintenance_hours,rig_available_hours
2025-01-07,JOB0001,WELL001,RIG001,Surface,26.11,26.11,18.98,18.98,0.0,0.0,24.0
2025-01-08,JOB0001,WELL001,RIG001,Surface,86.34,112.45,20.35,20.35,1.14,0.92,24.0
2025-01-09,JOB0001,WELL001,RIG001,Surface,35.5,147.95,21.44,21.44,2.27,0.29,24.0
2025-01-10,JOB0001,WELL001,RIG001,Surface,61.4,209.35,21.37,21.37,0.38,0.82,24.0
2025-01-11,JOB0001,WELL001,RIG001,Intermediate,95.29,304.64,17.23,17.23,0.0,0.42,24.0
2025-01-12,JOB0001,WELL001,RIG001,Intermediate,33.24,337.88,21.75,21.75,0.0,0.84,24.0
2025-01-13,JOB0001,WELL001,RIG001,Intermediate,58.08,395.97,13.38,13.38,0.9,0.79,24.0
2025-01-14,JOB0001,WELL001,RIG001,Intermediate,110.9,506.86,18.36,18.36,1.31,1.04,24.0
2025-01-15,JOB0001,WELL001,RIG001,Intermediate,117.69,624.56,23.66,23.66,0.34,0.0,24.0
2025-01-16,JOB0001,WELL001,RIG001,Intermediate,63.03,687.59,17.87,17.87,0.78,0.74,24.0
2025-01-17,JOB0001,WELL001,RIG001,Intermediate,46.36,733.95,23.04,23.04,0.08,0.0,24.0
2025-01-18,JOB0001,WELL001,RIG001,Intermediate,91.55,825.5,15.28,15.28,1.59,1.57,24.0
2025-01-19,JOB0001,WELL001,RIG001,Intermediate,85.82,911.31,19.52,19.52,0.0,2.15,24.0
2025-01-20,JOB0001,WELL001,RIG001,Intermediate,115.48,1026.79,19.0,19.0,1.63,1.13,24.0
2025-01-21,JOB0001,WELL001,RIG001,Intermediate,163.79,1190.58,21.23,21.23,0.32,1.46,24.0
2025-01-22,JOB0001,WELL001,RIG001,Intermediate,54.53,1245.11,22.15,22.15,1.07,0.49,24.0
2025-01-23,JOB0001,WELL001,RIG001,Intermediate,95.65,1340.76,10.75,10.75,0.0,1.67,24.0
2025-01-24,JOB0001,WELL001,RIG001,Intermediate,114.41,1455.17,18.15,18.15,2.62,0.0,24.0
2025-01-25,JOB0001,WELL001,RIG001,Intermediate,51.64,1506.8,21.51,21.51,1.83,0.66,24.0
2025-01-26,JOB0001,WELL001,RIG001,Intermediate,85.67,1592.47,17.45,17.45,2.54,2.5,24.0
2025-01-27,JOB0001,WELL001,RIG001,Intermediate,195.49,1787.96,22.86,22.86,0.0,0.35,24.0
2025-01-28,JOB0001,WELL001,RIG001,Intermediate,28.25,1816.21,10.05,10.05,1.87,0.0,24.0
2025-01-29,JOB0001,WELL001,RIG001,Intermediate,66.6,1882.81,18.01,18.01,1.29,0.51,24.0
2025-01-30,JOB0001,WELL001,RIG001,Intermediate,99.34,1982.15,14.44,14.44,1.76,1.08,24.0
2025-01-31,JOB0001,WELL001,RIG001,Intermediate,147.09,2129.23,21.03,21.03,0.33,1.5,24.0
2025-02-01,JOB0001,WELL001,RIG001,Intermediate,20.55,2149.79,20.49,20.49,0.78,1.42,24.0
2025-02-02,JOB0001,WELL001,RIG001,Intermediate,56.27,2206.06,22.29,22.29,0.86,0.84,24.0
2025-02-03,JOB0001,WELL001,RIG001,Intermediate,181.22,2387.28,18.99,18.99,0.5,2.25,24.0
2025-02-04,JOB0001,WELL001,RIG001,Intermediate,75.82,2463.1,19.7,19.7,0.84,0.35,24.0
2025-02-05,JOB0001,WELL001,RIG001,Production,38.79,2501.88,19.94,19.94,1.37,0.89,24.0
2025-02-06,JOB0001,WELL001,RIG001,Production,220.48,2722.37,19.85,19.85,2.58,0.0,24.0
2025-02-07,JOB0001,WELL001,RIG001,Production,68.44,2790.8,21.14,21.14,0.04,0.88,24.0
2025-02-08,JOB0001,WELL001,RIG001,Production,61.19,2852.0,22.92,22.92,0.02,0.0,24.0
2025-02-09,JOB0001,WELL001,RIG001,Production,195.76,3047.76,19.68,19.68,1.54,0.87,24.0
2025-02-10,JOB0001,WELL001,RIG001,Production,136.54,3184.3,15.97,15.97,1.8,0.5,24.0
2025-02-11,JOB0001,WELL001,RIG001,Production,34.96,3219.26,18.06,18.06,0.0,1.0,24.0
2025-02-12,JOB0001,WELL001,RIG001,Production,132.6,3351.86,18.42,18.42,2.17,2.22,24.0
2025-02-13,JOB0001,WELL001,RIG001,Production,52.59,3404.45,18.89,18.89,0.98,1.65,24.0
2025-02-14,JOB0001,WELL001,RIG001,Production,45.55,3450.0,19.7,19.7,0.55,1.88,24.0
2025-01-21,JOB0002,WELL002,RIG002,Surface,89.11,89.11,18.89,18.89,0.43,1.04,24.0
2025-01-22,JOB0002,WELL002,RIG002,Surface,82.59,171.7,12.3,12.3,0.0,0.0,24.0
2025-01-23,JOB0002,WELL002,RIG002,Surface,95.39,267.08,23.04,23.04,0.0,0.83,24.0
2025-01-24,JOB0002,WELL002,RIG002,Surface,92.67,359.76,16.74,16.74,1.62,0.85,24.0
2025-01-25,JOB0002,WELL002,RIG002,Intermediate,118.8,478.56,10.32,10.32,1.37,1.14,24.0
2025-01-26,JOB0002,WELL002,RIG002,Intermediate,43.94,522.5,18.01,18.01,1.22,2.89,24.0
2025-01-27,JOB0002,WELL002,RIG002,Intermediate,121.77,644.27,18.85,18.85,1.11,0.56,24.0
2025-01-28,JOB0002,WELL002,RIG002,Intermediate,31.05,675.32,14.72,14.72,0.0,1.21,24.0
2025-01-29,JOB0002,WELL002,RIG002,Intermediate,114.39,789.71,20.38,20.38,0.49,0.0,24.0
2025-01-30,JOB0002,WELL002,RIG002,Intermediate,62.94,852.65,15.22,15.22,0.0,1.51,24.0
2025-01-31,JOB0002,WELL002,RIG002,Intermediate,35.41,888.06,16.59,16.59,1.86,1.96,24.0
2025-02-01,JOB0002,WELL002,RIG002,Intermediate,80.73,968.79,19.25,19.25,1.96,0.5,24.0
2025-02-02,JOB0002,WELL002,RIG002,Intermediate,36.5,1005.29,19.7,19.7,0.0,0.03,24.0
2025-02-03,JOB0002,WELL002,RIG002,Intermediate,87.18,1092.47,19.07,19.07,1.25,1.19,24.0
2025-02-04,JOB0002,WELL002,RIG002,Intermediate,77.93,1170.41,17.09,17.09,1.2,0.87,24.0
2025-02-05,JOB0002,WELL002,RIG002,Intermediate,96.52,1266.92,10.11,10.11,2.6,0.25,24.0
2025-02-06,JOB0002,WELL002,RIG002,Intermediate,69.03,1335.95,15.18,15.18,1.09,1.76,24.0
2025-02-07,JOB0002,WELL002,RIG002,Intermediate,47.28,1383.23,16.9,16.9,0.0,3.25,24.0
2025-02-08,JOB0002,WELL002,RIG002,Intermediate,143.29,1526.52,18.0,18.0,0.21,1.28,24.0
2025-02-09,JOB0002,WELL002,RIG002,Intermediate,123.5,1650.02,22.69,22.69,0.0,0.02,24.0
2025-02-10,JOB0002,WELL002,RIG002,Intermediate,64.8,1714.83,18.19,18.19,1.18,1.58,24.0
2025-02-11,JOB0002,WELL002,RIG002,Intermediate,69.63,1784.46,19.7,19.7,0.0,1.47,24.0
2025-02-12,JOB0002,WELL002,RIG002,Intermediate,45.26,1829.72,19.6,19.6,1.17,0.0,24.0
2025-02-13,JOB0002,WELL002,RIG002,Intermediate,63.54,1893.26,17.31,17.31,0.44,1.63,24.0
2025-02-14,JOB0002,WELL002,RIG002,Intermediate,112.89,2006.15,12.83,12.83,1.37,0.49,24.0
2025-02-15,JOB0002,WELL002,RIG002,Intermediate,102.26,2108.4,13.38,13.38,0.0,0.51,24.0
2025-02-16,JOB0002,WELL002,RIG002,Intermediate,122.08,2230.48,15.18,15.18,3.11,0.0,24.0
2025-02-17,JOB0002,WELL002,RIG002,Intermediate,81.46,2311.95,18.33,18.33,1.29,1.03,24.0
2025-02-18,JOB0002,WELL002,RIG002,Production,86.83,2398.77,15.32,15.32,1.23,2.31,24.0
2025-02-19,JOB0002,WELL002,RIG002,Production,33.76,2432.53,16.17,16.17,2.45,1.78,24.0
2025-02-20,JOB0002,WELL002,RIG002,Production,58.67,2491.2,21.43,21.43,0.0,0.53,24.0
2025-02-21,JOB0002,WELL002,RIG002,Production,47.86,2539.06,11.99,11.99,0.04,1.2,24.0
2025-02-22,JOB0002,WELL002,RIG002,Production,64.09,2603.15,18.34,18.34,0.53,0.26,24.0
2025-02-23,JOB0002,WELL002,RIG002,Production,101.08,2704.22,8.11,8.11,2.78,1.28,24.0
2025-02-24,JOB0002,WELL002,RIG002,Production,252.15,2956.37,13.46,13.46,0.0,2.1,24.0
2025-02-25,JOB0002,WELL002,RIG002,Production,64.5,3020.87,12.51,12.51,0.0,1.37,24.0
2025-02-26,JOB0002,WELL002,RIG002,Production,74.47,3095.34,21.43,21.43,0.0,2.57,24.0
2025-02-27,JOB0002,WELL002,RIG002,Production,27.57,3122.91,13.36,13.36,1.1,0.93,24.0
2025-02-28,JOB0002,WELL002,RIG002,Production,82.13,3205.04,17.94,17.94,1.17,1.39,24.0
2025-03-01,JOB0002,WELL002,RIG002,Production,94.96,3300.0,19.59,19.59,0.29,1.49,24.0
2025-02-02,JOB0003,WELL003,RIG003,Surface,91.74,91.74,21.12,21.12,0.2,2.68,24.0
2025-02-03,JOB0003,WELL003,RIG003,Surface,32.62,124.36,23.05,23.05,0.69,0.0,24.0
2025-02-04,JOB0003,WELL003,RIG003,Surface,72.03,196.38,19.89,19.89,1.3,1.26,24.0
2025-02-05,JOB0003,WELL003,RIG003,Surface,33.44,229.83,19.87,19.87,0.0,1.48,24.0
2025-02-06,JOB0003,WELL003,RIG003,Intermediate,132.2,362.02,21.02,21.02,1.55,1.39,24.0
2025-02-07,JOB0003,WELL003,RIG003,Intermediate,58.7,420.72,16.61,16.61,2.83,0.49,24.0
2025-02-08,JOB0003,WELL003,RIG003,Intermediate,35.91,456.63,19.59,19.59,0.72,1.2,24.0
2025-02-09,JOB0003,WELL003,RIG003,Intermediate,77.15,533.78,13.6,13.6,1.81,1.18,24.0
2025-02-10,JOB0003,WELL003,RIG003,Intermediate,183.37,717.15,20.0,20.0,0.36,1.25,24.0
2025-02-11,JOB0003,WELL003,RIG003,Intermediate,27.32,744.46,18.03,18.03,1.6,2.61,24.0
2025-02-12,JOB0003,WELL003,RIG003,Intermediate,71.72,816.18,16.7,16.7,0.48,1.77,24.0
2025-02-13,JOB0003,WELL003,RIG003,Intermediate,61.15,877.33,22.24,22.24,1.07,0.69,24.0
2025-02-14,JOB0003,WELL003,RIG003,Intermediate,35.48,912.81,11.44,11.44,1.95,0.66,24.0
2025-02-15,JOB0003,WELL003,RIG003,Intermediate,158.96,1071.76,16.18,16.18,0.51,0.0,24.0
2025-02-16,JOB0003,WELL003,RIG003,Intermediate,84.64,1156.4,17.83,17.83,1.29,1.2,24.0
2025-02-17,JOB0003,WELL003,RIG003,Intermediate,19.21,1175.61,23.92,23.92,0.03,0.0,24.0
2025-02-18,JOB0003,WELL003,RIG003,Intermediate,112.22,1287.83,19.49,19.49,1.36,0.95,24.0
2025-02-19,JOB0003,WELL003,RIG003,Intermediate,54.71,1342.54,19.36,19.36,1.18,0.08,24.0
2025-02-20,JOB0003,WELL003,RIG003,Intermediate,65.92,1408.46,11.42,11.42,1.46,0.8,24.0
2025-02-21,JOB0003,WELL003,RIG003,Intermediate,223.46,1631.92,18.12,18.12,1.04,1.2,24.0
2025-02-22,JOB0003,WELL003,RIG003,Intermediate,138.84,1770.76,8.03,8.03,1.29,1.4,24.0
2025-02-23,JOB0003,WELL003,RIG003,Intermediate,51.57,1822.32,18.34,18.34,1.99,0.0,24.0
2025-02-24,JOB0003,WELL003,RIG003,Intermediate,55.19,1877.52,20.87,20.87,2.01,0.37,24.0
2025-02-25,JOB0003,WELL003,RIG003,Intermediate,204.93,2082.45,19.46,19.46,0.02,1.91,24.0
2025-02-26,JOB0003,WELL003,RIG003,Intermediate,30.79,2113.24,22.13,22.13,0.72,0.62,24.0
2025-02-27,JOB0003,WELL003,RIG003,Intermediate,84.27,2197.51,19.9,19.9,0.0,0.23,24.0
2025-02-28,JOB0003,WELL003,RIG003,Intermediate,116.55,2314.06,20.72,20.72,0.95,1.66,24.0
2025-03-01,JOB0003,WELL003,RIG003,Intermediate,104.8,2418.85,18.89,18.89,1.39,0.61,24.0
2025-03-02,JOB0003,WELL003,RIG003,Intermediate,102.15,2521.0,20.95,20.95,0.45,2.24,24.0
2025-03-03,JOB0003,WELL003,RIG003,Intermediate,34.25,2555.25,10.0,10.0,0.8,1.89,24.0
2025-03-04,JOB0003,WELL003,RIG003,Intermediate,54.97,2610.22,21.19,21.19,0.07,2.2,24.0
2025-03-05,JOB0003,WELL003,RIG003,Intermediate,42.24,2652.46,18.77,18.77,1.05,1.2,24.0
2025-03-06,JOB0003,WELL003,RIG003,Intermediate,43.14,2695.6,18.67,18.67,0.89,1.28,24.0
2025-03-07,JOB0003,WELL003,RIG003,Intermediate,26.47,2722.07,20.03,20.03,0.83,0.48,24.0
2025-03-08,JOB0003,WELL003,RIG003,Intermediate,48.66,2770.73,22.7,22.7,0.03,0.1,24.0
2025-03-09,JOB0003,WELL003,RIG003,Intermediate,70.71,2841.44,21.52,21.52,1.42,1.06,24.0
2025-03-10,JOB0003,WELL003,RIG003,Intermediate,95.13,2936.57,12.35,12.35,0.12,0.02,24.0
2025-03-11,JOB0003,WELL003,RIG003,Production,72.14,3008.71,22.84,22.84,0.0,0.0,24.0
2025-03-12,JOB0003,WELL003,RIG003,Production,70.69,3079.4,13.05,13.05,0.0,1.0,24.0
2025-03-13,JOB0003,WELL003,RIG003,Production,71.36,3150.76,21.05,21.05,1.85,0.0,24.0
2025-03-14,JOB0003,WELL003,RIG003,Production,41.9,3192.66,19.44,19.44,2.3,0.75,24.0
2025-03-15,JOB0003,WELL003,RIG003,Production,114.27,3306.93,19.67,19.67,0.95,1.05,24.0
2025-03-16,JOB0003,WELL003,RIG003,Production,43.34,3350.27,19.57,19.57,0.67,2.44,24.0
2025-03-17,JOB0003,WELL003,RIG003,Production,22.18,3372.45,17.98,17.98,0.33,2.26,24.0
2025-03-18,JOB0003,WELL003,RIG003,Production,26.04,3398.49,17.66,17.66,0.38,1.5,24.0
2025-03-19,JOB0003,WELL003,RIG003,Production,55.56,3454.05,12.8,12.8,0.39,1.31,24.0
2025-03-20,JOB0003,WELL003,RIG003,Production,63.05,3517.1,20.89,20.89,0.44,0.95,24.0
2025-03-21,JOB0003,WELL003,RIG003,Production,99.14,3616.24,18.82,18.82,0.36,1.89,24.0
2025-03-22,JOB0003,WELL003,RIG003,Production,54.76,3671.0,9.02,9.02,0.96,3.09,24.0
2025-03-23,JOB0003,WELL003,RIG003,Production,97.05,3768.04,20.25,20.25,1.35,2.4,24.0
2025-03-24,JOB0003,WELL003,RIG003,Production,46.71,3814.75,21.56,21.56,0.63,0.0,24.0
2025-03-25,JOB0003,WELL003,RIG003,Production,86.95,3901.7,20.11,20.11,0.87,1.78,24.0
2025-03-26,JOB0003,WELL003,RIG003,Production,34.16,3935.87,19.53,19.53,1.19,1.3,24.0
2025-03-27,JOB0003,WELL003,RIG003,Production,126.38,4062.25,17.15,17.15,1.09,1.45,24.0
2025-03-28,JOB0003,WELL003,RIG003,Production,37.75,4100.0,6.73,6.73,0.66,1.16,24.0
2025-02-21,JOB0004,WELL004,RIG004,Surface,25.46,25.46,16.67,16.67,0.69,2.13,24.0
2025-02-22,JOB0004,WELL004,RIG004,Surface,77.93,103.39,19.38,19.38,0.0,3.36,24.0
2025-02-23,JOB0004,WELL004,RIG004,Surface,45.02,148.41,7.56,7.56,2.74,0.02,24.0
2025-02-24,JOB0004,WELL004,RIG004,Surface,93.98,242.39,23.69,23.69,0.0,0.31,24.0
2025-02-25,JOB0004,WELL004,RIG004,Intermediate,102.29,344.68,17.08,17.08,1.06,0.72,24.0
2025-02-26,JOB0004,WELL004,RIG004,Intermediate,46.47,391.15,15.09,15.09,1.76,0.43,24.0
2025-02-27,JOB0004,WELL004,RIG004,Intermediate,93.24,484.39,18.98,18.98,0.32,0.0,24.0
2025-02-28,JOB0004,WELL004,RIG004,Intermediate,79.86,564.24,19.78,19.78,1.36,0.0,24.0
2025-03-01,JOB0004,WELL004,RIG004,Intermediate,24.34,588.58,20.25,20.25,1.29,0.0,24.0
2025-03-02,JOB0004,WELL004,RIG004,Intermediate,59.6,648.18,15.68,15.68,2.22,2.42,24.0
2025-03-03,JOB0004,WELL004,RIG004,Intermediate,68.53,716.71,15.92,15.92,0.0,1.32,24.0
2025-03-04,JOB0004,WELL004,RIG004,Intermediate,87.98,804.69,19.19,19.19,0.18,0.46,24.0
2025-03-05,JOB0004,WELL004,RIG004,Intermediate,107.26,911.95,17.75,17.75,0.82,1.32,24.0
2025-03-06,JOB0004,WELL004,RIG004,Intermediate,72.21,984.16,19.78,19.78,2.57,0.21,24.0
2025-03-07,JOB0004,WELL004,RIG004,Intermediate,105.9,1090.06,20.87,20.87,0.88,0.75,24.0
2025-03-08,JOB0004,WELL004,RIG004,Intermediate,36.58,1126.64,21.9,21.9,1.64,0.0,24.0
2025-03-09,JOB0004,WELL004,RIG004,Intermediate,85.33,1211.97,20.32,20.32,0.53,0.8,24.0
2025-03-10,JOB0004,WELL004,RIG004,Intermediate,132.13,1344.1,17.8,17.8,0.41,0.7,24.0
2025-03-11,JOB0004,WELL004,RIG004,Intermediate,63.44,1407.54,18.84,18.84,1.11,1.18,24.0
2025-03-12,JOB0004,WELL004,RIG004,Intermediate,36.05,1443.59,19.99,19.99,0.09,0.45,24.0
2025-03-13,JOB0004,WELL004,RIG004,Intermediate,94.33,1537.92,18.95,18.95,2.32,0.71,24.0
2025-03-14,JOB0004,WELL004,RIG004,Intermediate,135.76,1673.68,15.02,15.02,0.91,0.68,24.0
2025-03-15,JOB0004,WELL004,RIG004,Intermediate,129.77,1803.46,20.15,20.15,1.21,1.0,24.0
2025-03-16,JOB0004,WELL004,RIG004,Intermediate,48.29,1851.74,22.41,22.41,0.94,0.46,24.0
2025-03-17,JOB0004,WELL004,RIG004,Intermediate,104.19,1955.93,20.04,20.04,1.76,2.21,24.0
2025-03-18,JOB0004,WELL004,RIG004,Intermediate,45.33,2001.26,17.75,17.75,2.79,0.79,24.0
2025-03-19,JOB0004,WELL004,RIG004,Production,111.77,2113.03,22.24,22.24,0.0,1.52,24.0
2025-03-20,JOB0004,WELL004,RIG004,Production,40.01,2153.04,18.01,18.01,0.43,1.84,24.0
2025-03-21,JOB0004,WELL004,RIG004,Production,49.39,2202.43,9.43,9.43,0.91,2.57,24.0
2025-03-22,JOB0004,WELL004,RIG004,Production,45.36,2247.8,17.73,17.73,0.0,1.53,24.0
2025-03-23,JOB0004,WELL004,RIG004,Production,35.87,2283.67,13.71,13.71,0.03,0.88,24.0
2025-03-24,JOB0004,WELL004,RIG004,Production,32.35,2316.02,17.72,17.72,1.86,1.12,24.0
2025-03-25,JOB0004,WELL004,RIG004,Production,134.03,2450.05,15.73,15.73,1.3,1.48,24.0
2025-03-26,JOB0004,WELL004,RIG004,Production,55.64,2505.69,17.31,17.31,1.59,1.15,24.0
2025-03-27,JOB0004,WELL004,RIG004,Production,52.82,2558.5,17.31,17.31,2.05,0.3,24.0
2025-03-28,JOB0004,WELL004,RIG004,Production,166.36,2724.86,18.41,18.41,1.57,1.56,24.0
2025-03-29,JOB0004,WELL004,RIG004,Production,98.99,2823.85,21.31,21.31,0.44,0.0,24.0
2025-03-30,JOB0004,WELL004,RIG004,Production,26.15,2850.0,19.77,19.77,0.99,1.57,24.0
2025-03-09,JOB0005,WELL005,RIG005,Surface,30.25,30.25,19.98,19.98,1.02,0.19,24.0
2025-03-10,JOB0005,WELL005,RIG005,Surface,137.46,167.71,23.09,23.09,0.0,0.91,24.0
2025-03-11,JOB0005,WELL005,RIG005,Surface,161.45,329.15,11.36,11.36,0.0,0.63,24.0
2025-03-12,JOB0005,WELL005,RIG005,Surface,106.24,435.39,19.88,19.88,0.47,0.82,24.0
2025-03-13,JOB0005,WELL005,RIG005,Intermediate,120.75,556.14,17.71,17.71,0.31,0.89,24.0
2025-03-14,JOB0005,WELL005,RIG005,Intermediate,60.95,617.09,18.68,18.68,0.64,1.23,24.0
2025-03-15,JOB0005,WELL005,RIG005,Intermediate,61.69,678.78,16.73,16.73,1.55,1.99,24.0
2025-03-16,JOB0005,WELL005,RIG005,Intermediate,102.04,780.81,14.67,14.67,2.12,2.33,24.0
2025-03-17,JOB0005,WELL005,RIG005,Intermediate,46.53,827.35,16.69,16.69,1.28,0.83,24.0
2025-03-18,JOB0005,WELL005,RIG005,Intermediate,95.28,922.63,15.77,15.77,0.03,1.42,24.0
2025-03-19,JOB0005,WELL005,RIG005,Intermediate,123.05,1045.68,19.43,19.43,0.01,1.57,24.0
2025-03-20,JOB0005,WELL005,RIG005,Intermediate,112.51,1158.19,23.11,23.11,0.0,0.89,24.0
2025-03-21,JOB0005,WELL005,RIG005,Intermediate,18.26,1176.45,19.26,19.26,0.27,2.01,24.0
2025-03-22,JOB0005,WELL005,RIG005,Intermediate,67.27,1243.73,17.24,17.24,1.25,2.13,24.0
2025-03-23,JOB0005,WELL005,RIG005,Intermediate,77.23,1320.96,13.88,13.88,0.0,0.91,24.0
2025-03-24,JOB0005,WELL005,RIG005,Intermediate,38.96,1359.92,15.15,15.15,2.09,0.0,24.0
2025-03-25,JOB0005,WELL005,RIG005,Intermediate,57.6,1417.52,16.87,16.87,1.31,1.26,24.0
2025-03-26,JOB0005,WELL005,RIG005,Intermediate,58.5,1476.02,11.7,11.7,0.0,0.39,24.0
2025-03-27,JOB0005,WELL005,RIG005,Intermediate,102.52,1578.54,19.74,19.74,1.68,0.28,24.0
2025-03-28,JOB0005,WELL005,RIG005,Intermediate,84.23,1662.77,19.57,19.57,1.38,0.87,24.0
2025-03-29,JOB0005,WELL005,RIG005,Intermediate,89.76,1752.53,18.99,18.99,0.67,0.75,24.0
2025-03-30,JOB0005,WELL005,RIG005,Intermediate,100.41,1852.94,22.1,22.1,0.0,0.07,24.0
2025-03-31,JOB0005,WELL005,RIG005,Intermediate,79.74,1932.68,22.08,22.08,1.06,0.47,24.0
2025-04-01,JOB0005,WELL005,RIG005,Intermediate,107.18,2039.87,20.67,20.67,0.0,0.41,24.0
2025-04-02,JOB0005,WELL005,RIG005,Intermediate,55.09,2094.95,18.81,18.81,0.14,1.46,24.0
2025-04-03,JOB0005,WELL005,RIG005,Intermediate,20.93,2115.88,17.72,17.72,0.89,0.06,24.0
2025-04-04,JOB0005,WELL005,RIG005,Intermediate,33.93,2149.81,22.8,22.8,1.2,0.0,24.0
2025-04-05,JOB0005,WELL005,RIG005,Intermediate,26.28,2176.09,8.95,8.95,1.37,1.67,24.0
2025-04-06,JOB0005,WELL005,RIG005,Intermediate,113.53,2289.61,22.88,22.88,0.35,0.77,24.0
2025-04-07,JOB0005,WELL005,RIG005,Intermediate,42.12,2331.73,17.2,17.2,1.77,1.39,24.0
2025-04-08,JOB0005,WELL005,RIG005,Intermediate,37.95,2369.69,8.16,8.16,2.31,1.14,24.0
2025-04-09,JOB0005,WELL005,RIG005,Intermediate,53.43,2423.12,20.76,20.76,1.11,1.05,24.0
2025-04-10,JOB0005,WELL005,RIG005,Intermediate,56.7,2479.81,17.53,17.53,0.15,0.35,24.0
2025-04-11,JOB0005,WELL005,RIG005,Intermediate,48.41,2528.22,11.31,11.31,0.0,1.65,24.0
2025-04-12,JOB0005,WELL005,RIG005,Intermediate,53.0,2581.22,21.7,21.7,0.98,1.32,24.0
2025-04-13,JOB0005,WELL005,RIG005,Production,31.59,2612.81,18.26,18.26,0.0,1.53,24.0
2025-04-14,JOB0005,WELL005,RIG005,Production,38.48,2651.3,23.15,23.15,0.85,0.0,24.0
2025-04-15,JOB0005,WELL005,RIG005,Production,52.03,2703.33,18.95,18.95,0.59,0.67,24.0
2025-04-16,JOB0005,WELL005,RIG005,Production,68.6,2771.92,20.04,20.04,0.58,1.51,24.0
2025-04-17,JOB0005,WELL005,RIG005,Production,40.78,2812.71,16.63,16.63,0.0,2.59,24.0
2025-04-18,JOB0005,WELL005,RIG005,Production,36.36,2849.06,22.86,22.86,0.03,1.11,24.0
2025-04-19,JOB0005,WELL005,RIG005,Production,63.56,2912.62,21.23,21.23,0.0,1.57,24.0
2025-04-20,JOB0005,WELL005,RIG005,Production,32.42,2945.04,17.39,17.39,1.65,1.45,24.0
2025-04-21,JOB0005,WELL005,RIG005,Production,49.56,2994.6,19.66,19.66,1.82,0.77,24.0
2025-04-22,JOB0005,WELL005,RIG005,Production,114.66,3109.26,16.8,16.8,1.4,1.65,24.0
2025-04-23,JOB0005,WELL005,RIG005,Production,107.51,3216.77,23.44,23.44,0.0,0.56,24.0
2025-04-24,JOB0005,WELL005,RIG005,Production,64.29,3281.06,19.8,19.8,1.2,0.69,24.0
2025-04-25,JOB0005,WELL005,RIG005,Production,38.06,3319.12,20.34,20.34,0.18,0.91,24.0
2025-04-26,JOB0005,WELL005,RIG005,Production,38.12,3357.25,20.26,20.26,1.74,0.16,24.0
2025-04-27,JOB0005,WELL005,RIG005,Production,34.44,3391.69,15.22,15.22,1.17,1.14,24.0
2025-04-28,JOB0005,WELL005,RIG005,Production,51.4,3443.09,17.18,17.18,3.72,0.34,24.0
2025-04-29,JOB0005,WELL005,RIG005,Production,45.96,3489.04,18.89,18.89,2.38,1.35,24.0
2025-04-30,JOB0005,WELL005,RIG005,Production,36.72,3525.77,19.26,19.26,0.58,0.23,24.0
2025-05-01,JOB0005,WELL005,RIG005,Production,74.23,3600.0,20.98,20.98,1.38,0.0,24.0
2025-04-03,JOB0006,WELL006,RIG001,Surface,98.32,98.32,14.63,14.63,0.99,1.33,24.0
2025-04-04,JOB0006,WELL006,RIG001,Surface,41.78,140.1,20.11,20.11,3.18,0.0,24.0
2025-04-05,JOB0006,WELL006,RIG001,Surface,93.56,233.66,19.63,19.63,0.0,1.12,24.0
2025-04-06,JOB0006,WELL006,RIG001,Surface,47.15,280.81,17.83,17.83,1.79,1.45,24.0
2025-04-07,JOB0006,WELL006,RIG001,Intermediate,63.22,344.02,11.85,11.85,0.94,0.58,24.0
2025-04-08,JOB0006,WELL006,RIG001,Intermediate,166.87,510.89,16.5,16.5,0.0,1.47,24.0
2025-04-09,JOB0006,WELL006,RIG001,Intermediate,91.13,602.02,16.59,16.59,0.82,0.0,24.0
2025-04-10,JOB0006,WELL006,RIG001,Intermediate,42.44,644.46,19.94,19.94,0.16,0.19,24.0
2025-04-11,JOB0006,WELL006,RIG001,Intermediate,112.58,757.03,12.16,12.16,0.39,1.38,24.0
2025-04-12,JOB0006,WELL006,RIG001,Intermediate,65.01,822.04,17.42,17.42,0.28,2.05,24.0
2025-04-13,JOB0006,WELL006,RIG001,Intermediate,154.65,976.69,15.31,15.31,1.36,0.38,24.0
2025-04-14,JOB0006,WELL006,RIG001,Intermediate,96.19,1072.88,15.76,15.76,0.55,1.52,24.0
2025-04-15,JOB0006,WELL006,RIG001,Intermediate,55.49,1128.37,20.91,20.91,0.43,2.41,24.0
2025-04-16,JOB0006,WELL006,RIG001,Intermediate,39.89,1168.27,12.66,12.66,0.26,1.54,24.0
2025-04-17,JOB0006,WELL006,RIG001,Intermediate,95.76,1264.03,18.92,18.92,0.39,1.72,24.0
2025-04-18,JOB0006,WELL006,RIG001,Intermediate,50.16,1314.19,19.97,19.97,0.81,0.45,24.0
2025-04-19,JOB0006,WELL006,RIG001,Intermediate,97.82,1412.01,9.39,9.39,0.99,1.91,24.0
2025-04-20,JOB0006,WELL006,RIG001,Intermediate,77.18,1489.19,20.67,20.67,0.23,2.31,24.0
2025-04-21,JOB0006,WELL006,RIG001,Intermediate,38.74,1527.93,21.86,21.86,0.92,0.81,24.0
2025-04-22,JOB0006,WELL006,RIG001,Intermediate,39.93,1567.87,20.29,20.29,2.2,1.51,24.0
2025-04-23,JOB0006,WELL006,RIG001,Intermediate,31.85,1599.72,21.18,21.18,1.29,0.54,24.0
2025-04-24,JOB0006,WELL006,RIG001,Intermediate,74.01,1673.74,22.88,22.88,0.57,0.55,24.0
2025-04-25,JOB0006,WELL006,RIG001,Intermediate,222.82,1896.56,21.69,21.69,0.0,1.84,24.0
2025-04-26,JOB0006,WELL006,RIG001,Intermediate,36.39,1932.94,20.33,20.33,0.95,1.71,24.0
2025-04-27,JOB0006,WELL006,RIG001,Intermediate,102.7,2035.64,18.42,18.42,0.8,0.08,24.0
2025-04-28,JOB0006,WELL006,RIG001,Intermediate,52.45,2088.09,19.16,19.16,1.77,0.57,24.0
2025-04-29,JOB0006,WELL006,RIG001,Intermediate,33.44,2121.53,20.73,20.73,0.0,0.56,24.0
2025-04-30,JOB0006,WELL006,RIG001,Production,22.28,2143.81,9.38,9.38,1.58,0.9,24.0
2025-05-01,JOB0006,WELL006,RIG001,Production,96.26,2240.07,16.99,16.99,0.52,2.49,24.0
2025-05-02,JOB0006,WELL006,RIG001,Production,35.19,2275.26,20.83,20.83,1.59,1.01,24.0
2025-05-03,JOB0006,WELL006,RIG001,Production,50.42,2325.69,19.1,19.1,0.59,1.42,24.0
2025-05-04,JOB0006,WELL006,RIG001,Production,61.15,2386.84,11.79,11.79,1.57,0.78,24.0
2025-05-05,JOB0006,WELL006,RIG001,Production,160.86,2547.7,22.56,22.56,0.0,0.0,24.0
2025-05-06,JOB0006,WELL006,RIG001,Production,29.4,2577.1,17.08,17.08,0.48,1.4,24.0
2025-05-07,JOB0006,WELL006,RIG001,Production,41.1,2618.21,18.95,18.95,0.28,2.22,24.0
2025-05-08,JOB0006,WELL006,RIG001,Production,133.29,2751.5,22.16,22.16,0.66,1.18,24.0
2025-05-09,JOB0006,WELL006,RIG001,Production,148.04,2899.54,18.95,18.95,0.31,0.53,24.0
2025-05-10,JOB0006,WELL006,RIG001,Production,50.46,2950.0,19.0,19.0,0.88,0.24,24.0
2025-04-23,JOB0007,WELL007,RIG002,Surface,15.97,15.97,19.64,19.64,0.0,0.19,24.0
2025-04-24,JOB0007,WELL007,RIG002,Surface,86.84,102.81,12.39,12.39,0.68,1.5,24.0
2025-04-25,JOB0007,WELL007,RIG002,Surface,133.64,236.45,18.98,18.98,0.6,0.65,24.0
2025-04-26,JOB0007,WELL007,RIG002,Surface,99.16,335.61,22.16,22.16,0.77,1.06,24.0
2025-04-27,JOB0007,WELL007,RIG002,Intermediate,122.7,458.31,16.48,16.48,2.29,1.07,24.0
2025-04-28,JOB0007,WELL007,RIG002,Intermediate,100.12,558.43,18.32,18.32,0.5,0.81,24.0
2025-04-29,JOB0007,WELL007,RIG002,Intermediate,33.49,591.92,20.36,20.36,1.33,1.01,24.0
2025-04-30,JOB0007,WELL007,RIG002,Intermediate,106.26,698.17,19.93,19.93,0.91,1.04,24.0
2025-05-01,JOB0007,WELL007,RIG002,Intermediate,60.95,759.12,21.62,21.62,1.71,0.67,24.0
2025-05-02,JOB0007,WELL007,RIG002,Intermediate,62.1,821.22,15.52,15.52,1.59,0.42,24.0
2025-05-03,JOB0007,WELL007,RIG002,Intermediate,94.69,915.91,17.17,17.17,0.08,1.27,24.0
2025-05-04,JOB0007,WELL007,RIG002,Intermediate,56.44,972.35,18.85,18.85,1.72,1.04,24.0
2025-05-05,JOB0007,WELL007,RIG002,Intermediate,94.36,1066.71,16.74,16.74,0.8,0.15,24.0
2025-05-06,JOB0007,WELL007,RIG002,Intermediate,220.76,1287.46,17.46,17.46,0.78,1.73,24.0
2025-05-07,JOB0007,WELL007,RIG002,Intermediate,81.33,1368.79,17.84,17.84,0.87,1.46,24.0
2025-05-08,JOB0007,WELL007,RIG002,Intermediate,68.76,1437.55,21.17,21.17,0.78,0.36,24.0
2025-05-09,JOB0007,WELL007,RIG002,Intermediate,46.79,1484.34,19.94,19.94,0.78,1.2,24.0
2025-05-10,JOB0007,WELL007,RIG002,Intermediate,48.51,1532.85,12.23,12.23,0.57,0.56,24.0
2025-05-11,JOB0007,WELL007,RIG002,Intermediate,66.92,1599.77,22.89,22.89,0.24,0.03,24.0
2025-05-12,JOB0007,WELL007,RIG002,Intermediate,51.05,1650.82,22.09,22.09,0.0,1.91,24.0
2025-05-13,JOB0007,WELL007,RIG002,Intermediate,137.95,1788.78,18.95,18.95,0.0,0.19,24.0
2025-05-14,JOB0007,WELL007,RIG002,Intermediate,105.87,1894.65,21.19,21.19,1.28,0.68,24.0
2025-05-15,JOB0007,WELL007,RIG002,Intermediate,139.1,2033.75,23.08,23.08,0.92,0.0,24.0
2025-05-16,JOB0007,WELL007,RIG002,Intermediate,89.07,2122.82,18.12,18.12,0.69,0.57,24.0
2025-05-17,JOB0007,WELL007,RIG002,Intermediate,111.94,2234.76,17.14,17.14,2.23,1.25,24.0
2025-05-18,JOB0007,WELL007,RIG002,Intermediate,65.83,2300.59,16.07,16.07,0.72,2.18,24.0
2025-05-19,JOB0007,WELL007,RIG002,Intermediate,71.78,2372.37,15.31,15.31,0.53,0.57,24.0
2025-05-20,JOB0007,WELL007,RIG002,Intermediate,38.97,2411.34,15.52,15.52,1.25,1.08,24.0
2025-05-21,JOB0007,WELL007,RIG002,Intermediate,95.52,2506.86,17.78,17.78,2.7,0.4,24.0
2025-05-22,JOB0007,WELL007,RIG002,Intermediate,191.71,2698.57,20.51,20.51,0.66,1.75,24.0
2025-05-23,JOB0007,WELL007,RIG002,Intermediate,109.67,2808.24,21.18,21.18,0.79,1.76,24.0
2025-05-24,JOB0007,WELL007,RIG002,Intermediate,71.19,2879.43,19.26,19.26,1.39,0.84,24.0
2025-05-25,JOB0007,WELL007,RIG002,Intermediate,88.97,2968.39,18.07,18.07,1.17,0.93,24.0
2025-05-26,JOB0007,WELL007,RIG002,Production,194.37,3162.76,21.87,21.87,1.0,1.13,24.0
2025-05-27,JOB0007,WELL007,RIG002,Production,23.6,3186.36,16.19,16.19,1.03,1.67,24.0
2025-05-28,JOB0007,WELL007,RIG002,Production,92.21,3278.57,19.94,19.94,0.83,1.49,24.0
2025-05-29,JOB0007,WELL007,RIG002,Production,181.82,3460.39,19.0,19.0,1.71,0.74,24.0
2025-05-30,JOB0007,WELL007,RIG002,Production,110.69,3571.08,21.11,21.11,0.0,2.03,24.0
2025-05-31,JOB0007,WELL007,RIG002,Production,67.44,3638.52,20.55,20.55,0.0,0.52,24.0
2025-06-01,JOB0007,WELL007,RIG002,Production,61.23,3699.75,19.07,19.07,0.0,1.55,24.0
2025-06-02,JOB0007,WELL007,RIG002,Production,159.33,3859.09,8.32,8.32,1.17,0.79,24.0
2025-06-03,JOB0007,WELL007,RIG002,Production,36.19,3895.28,21.99,21.99,2.01,0.0,24.0
2025-06-04,JOB0007,WELL007,RIG002,Production,122.08,4017.37,17.28,17.28,0.0,0.6,24.0
2025-06-05,JOB0007,WELL007,RIG002,Production,76.22,4093.59,11.18,11.18,2.05,1.07,24.0
2025-06-06,JOB0007,WELL007,RIG002,Production,28.66,4122.25,19.67,19.67,0.38,0.19,24.0
2025-06-07,JOB0007,WELL007,RIG002,Production,61.09,4183.34,15.98,15.98,0.39,0.62,24.0
2025-06-08,JOB0007,WELL007,RIG002,Production,116.66,4300.0,15.89,15.89,0.54,1.2,24.0
2025-05-11,JOB0008,WELL008,RIG003,Surface,38.98,38.98,21.08,21.08,0.98,0.59,24.0
2025-05-12,JOB0008,WELL008,RIG003,Surface,78.18,117.17,20.7,20.7,0.17,0.98,24.0
2025-05-13,JOB0008,WELL008,RIG003,Surface,83.6,200.77,17.95,17.95,0.94,0.71,24.0
2025-05-14,JOB0008,WELL008,RIG003,Surface,81.09,281.86,22.38,22.38,1.62,0.0,24.0
2025-05-15,JOB0008,WELL008,RIG003,Intermediate,25.82,307.68,18.79,18.79,1.58,1.92,24.0
2025-05-16,JOB0008,WELL008,RIG003,Intermediate,127.36,435.04,16.07,16.07,0.53,0.68,24.0
2025-05-17,JOB0008,WELL008,RIG003,Intermediate,66.39,501.43,19.55,19.55,0.04,1.05,24.0
2025-05-18,JOB0008,WELL008,RIG003,Intermediate,155.18,656.62,20.41,20.41,0.0,1.76,24.0
2025-05-19,JOB0008,WELL008,RIG003,Intermediate,68.04,724.66,21.29,21.29,0.6,1.1,24.0
2025-05-20,JOB0008,WELL008,RIG003,Intermediate,61.24,785.89,17.49,17.49,1.03,1.35,24.0
2025-05-21,JOB0008,WELL008,RIG003,Intermediate,177.42,963.31,23.81,23.81,0.0,0.19,24.0
2025-05-22,JOB0008,WELL008,RIG003,Intermediate,149.05,1112.36,16.74,16.74,0.1,1.3,24.0
2025-05-23,JOB0008,WELL008,RIG003,Intermediate,99.15,1211.51,19.69,19.69,0.44,1.85,24.0
2025-05-24,JOB0008,WELL008,RIG003,Intermediate,162.32,1373.84,22.55,22.55,0.17,0.0,24.0
2025-05-25,JOB0008,WELL008,RIG003,Intermediate,63.91,1437.75,13.16,13.16,3.42,1.83,24.0
2025-05-26,JOB0008,WELL008,RIG003,Intermediate,60.48,1498.23,18.49,18.49,1.9,1.49,24.0
2025-05-27,JOB0008,WELL008,RIG003,Intermediate,102.02,1600.25,16.94,16.94,1.23,2.54,24.0
2025-05-28,JOB0008,WELL008,RIG003,Intermediate,157.57,1757.82,19.98,19.98,0.43,0.4,24.0
2025-05-29,JOB0008,WELL008,RIG003,Intermediate,26.35,1784.17,22.22,22.22,0.36,1.18,24.0
2025-05-30,JOB0008,WELL008,RIG003,Intermediate,124.21,1908.38,9.76,9.76,1.53,1.34,24.0
2025-05-31,JOB0008,WELL008,RIG003,Intermediate,87.02,1995.4,19.22,19.22,1.77,0.82,24.0
2025-06-01,JOB0008,WELL008,RIG003,Intermediate,58.24,2053.64,18.81,18.81,0.68,1.07,24.0
2025-06-02,JOB0008,WELL008,RIG003,Intermediate,58.42,2112.06,17.2,17.2,1.4,2.07,24.0
2025-06-03,JOB0008,WELL008,RIG003,Intermediate,96.78,2208.84,22.75,22.75,0.93,0.31,24.0
2025-06-04,JOB0008,WELL008,RIG003,Intermediate,114.11,2322.95,22.63,22.63,0.26,1.11,24.0
2025-06-05,JOB0008,WELL008,RIG003,Intermediate,30.94,2353.89,20.08,20.08,0.33,1.06,24.0
2025-06-06,JOB0008,WELL008,RIG003,Intermediate,76.33,2430.21,15.94,15.94,1.41,1.22,24.0
2025-06-07,JOB0008,WELL008,RIG003,Intermediate,114.62,2544.84,9.77,9.77,1.85,0.0,24.0
2025-06-08,JOB0008,WELL008,RIG003,Intermediate,53.81,2598.65,19.73,19.73,0.83,1.7,24.0
2025-06-09,JOB0008,WELL008,RIG003,Intermediate,38.81,2637.45,22.29,22.29,0.0,0.0,24.0
2025-06-10,JOB0008,WELL008,RIG003,Production,115.46,2752.91,19.39,19.39,0.0,2.51,24.0
2025-06-11,JOB0008,WELL008,RIG003,Production,81.07,2833.98,18.62,18.62,1.85,0.3,24.0
2025-06-12,JOB0008,WELL008,RIG003,Production,107.33,2941.3,21.78,21.78,1.64,0.57,24.0
2025-06-13,JOB0008,WELL008,RIG003,Production,100.39,3041.69,13.4,13.4,1.84,3.21,24.0
2025-06-14,JOB0008,WELL008,RIG003,Production,138.83,3180.52,20.6,20.6,0.0,1.93,24.0
2025-06-15,JOB0008,WELL008,RIG003,Production,132.85,3313.37,9.28,9.28,0.39,0.74,24.0
2025-06-16,JOB0008,WELL008,RIG003,Production,61.87,3375.24,22.05,22.05,0.0,1.95,24.0
2025-06-17,JOB0008,WELL008,RIG003,Production,24.89,3400.13,18.36,18.36,1.3,0.91,24.0
2025-06-18,JOB0008,WELL008,RIG003,Production,58.82,3458.95,19.18,19.18,1.92,0.95,24.0
2025-06-19,JOB0008,WELL008,RIG003,Production,111.5,3570.45,13.49,13.49,0.53,0.0,24.0
2025-06-20,JOB0008,WELL008,RIG003,Production,136.14,3706.59,19.27,19.27,0.0,1.66,24.0
2025-06-21,JOB0008,WELL008,RIG003,Production,43.41,3750.0,20.36,20.36,1.4,1.09,24.0
