date,portfolio_id,benchmark_name,benchmark_return
2025-01-02,PF001,Conservative Income Benchmark,0.004093
2025-01-03,PF001,Conservative Income Benchmark,-0.003794
2025-01-06,PF001,Conservative Income Benchmark,-0.004001
2025-01-07,PF001,Conservative Income Benchmark,-0.004908
2025-01-08,PF001,Conservative Income Benchmark,0.000405
2025-01-09,PF001,Conservative Income Benchmark,-0.0029
2025-01-10,PF001,Conservative Income Benchmark,-0.002202
2025-01-13,PF001,Conservative Income Benchmark,0.002252
2025-01-14,PF001,Conservative Income Benchmark,0.003377
2025-01-15,PF001,Conservative Income Benchmark,-0.00079
2025-01-16,PF001,Conservative Income Benchmark,-0.00088
2025-01-17,PF001,Conservative Income Benchmark,0.00154
2025-01-20,PF001,Conservative Income Benchmark,0.001321
2025-01-21,PF001,Conservative Income Benchmark,-0.003242
2025-01-22,PF001,Conservative Income Benchmark,0.006026
2025-01-23,PF001,Conservative Income Benchmark,0.001132
2025-01-24,PF001,Conservative Income Benchmark,0.000214
2025-01-27,PF001,Conservative Income Benchmark,0.001441
2025-01-28,PF001,Conservative Income Benchmark,0.00154
2025-01-29,PF001,Conservative Income Benchmark,-0.00066
2025-01-30,PF001,Conservative Income Benchmark,0.000372
2025-01-31,PF001,Conservative Income Benchmark,-0.004036
2025-02-03,PF001,Conservative Income Benchmark,-2.4e-05
2025-02-04,PF001,Conservative Income Benchmark,0.002454
2025-02-05,PF001,Conservative Income Benchmark,0.004932
2025-02-06,PF001,Conservative Income Benchmark,0.002444
2025-02-07,PF001,Conservative Income Benchmark,0.003146
2025-02-10,PF001,Conservative Income Benchmark,0.000993
2025-02-11,PF001,Conservative Income Benchmark,-0.000241
2025-02-12,PF001,Conservative Income Benchmark,0.003917
2025-02-13,PF001,Conservative Income Benchmark,0.003604
2025-02-14,PF001,Conservative Income Benchmark,0.001553
2025-02-17,PF001,Conservative Income Benchmark,-0.002495
2025-02-18,PF001,Conservative Income Benchmark,0.002945
2025-02-19,PF001,Conservative Income Benchmark,0.008457
2025-02-20,PF001,Conservative Income Benchmark,-0.002903
2025-02-21,PF001,Conservative Income Benchmark,-0.00225
2025-02-24,PF001,Conservative Income Benchmark,-0.001639
2025-02-25,PF001,Conservative Income Benchmark,0.001392
2025-02-26,PF001,Conservative Income Benchmark,-0.002984
2025-02-27,PF001,Conservative Income Benchmark,-0.001137
2025-02-28,PF001,Conservative Income Benchmark,-0.00114
2025-03-03,PF001,Conservative Income Benchmark,-0.000656
2025-03-04,PF001,Conservative Income Benchmark,-0.001745
2025-03-05,PF001,Conservative Income Benchmark,-0.006564
2025-03-06,PF001,Conservative Income Benchmark,-0.000686
2025-03-07,PF001,Conservative Income Benchmark,-0.00401
2025-03-10,PF001,Conservative Income Benchmark,-0.000892
2025-03-11,PF001,Conservative Income Benchmark,0.002003
2025-03-12,PF001,Conservative Income Benchmark,-0.003734
2025-03-13,PF001,Conservative Income Benchmark,0.002745
2025-03-14,PF001,Conservative Income Benchmark,-0.004901
2025-03-17,PF001,Conservative Income Benchmark,-0.001974
2025-03-18,PF001,Conservative Income Benchmark,0.001861
2025-03-19,PF001,Conservative Income Benchmark,-0.000142
2025-03-20,PF001,Conservative Income Benchmark,0.005345
2025-03-21,PF001,Conservative Income Benchmark,0.006201
2025-03-24,PF001,Conservative Income Benchmark,0.002894
2025-03-25,PF001,Conservative Income Benchmark,0.001494
2025-03-26,PF001,Conservative Income Benchmark,0.004252
2025-03-27,PF001,Conservative Income Benchmark,-0.008925
2025-03-28,PF001,Conservative Income Benchmark,-0.001948
2025-03-31,PF001,Conservative Income Benchmark,0.005093
2025-04-01,PF001,Conservative Income Benchmark,0.002156
2025-04-02,PF001,Conservative Income Benchmark,-0.002676
2025-04-03,PF001,Conservative Income Benchmark,-0.000183
2025-04-04,PF001,Conservative Income Benchmark,-0.002135
2025-04-07,PF001,Conservative Income Benchmark,0.001073
2025-04-08,PF001,Conservative Income Benchmark,0.003465
2025-04-09,PF001,Conservative Income Benchmark,-0.001635
2025-04-10,PF001,Conservative Income Benchmark,-0.000796
2025-04-11,PF001,Conservative Income Benchmark,-0.002089
2025-04-14,PF001,Conservative Income Benchmark,-0.001388
2025-04-15,PF001,Conservative Income Benchmark,0.000263
2025-04-16,PF001,Conservative Income Benchmark,0.001364
2025-04-17,PF001,Conservative Income Benchmark,0.004489
2025-04-18,PF001,Conservative Income Benchmark,-0.000952
2025-04-21,PF001,Conservative Income Benchmark,0.001311
2025-04-22,PF001,Conservative Income Benchmark,0.001315
2025-04-23,PF001,Conservative Income Benchmark,0.001436
2025-04-24,PF001,Conservative Income Benchmark,-0.000561
2025-04-25,PF001,Conservative Income Benchmark,-0.001784
2025-04-28,PF001,Conservative Income Benchmark,-0.001407
2025-04-29,PF001,Conservative Income Benchmark,-0.001381
2025-04-30,PF001,Conservative Income Benchmark,-0.005065
2025-05-01,PF001,Conservative Income Benchmark,0.003682
2025-05-02,PF001,Conservative Income Benchmark,0.002404
2025-05-05,PF001,Conservative Income Benchmark,0.002144
2025-05-06,PF001,Conservative Income Benchmark,9.8e-05
2025-05-07,PF001,Conservative Income Benchmark,-0.002251
2025-05-08,PF001,Conservative Income Benchmark,-0.002258
2025-05-09,PF001,Conservative Income Benchmark,-0.004592
2025-05-12,PF001,Conservative Income Benchmark,-0.003833
2025-05-13,PF001,Conservative Income Benchmark,0.00262
2025-05-14,PF001,Conservative Income Benchmark,-0.002399
2025-05-15,PF001,Conservative Income Benchmark,0.008719
2025-05-16,PF001,Conservative Income Benchmark,0.00382
2025-05-19,PF001,Conservative Income Benchmark,-0.00083
2025-05-20,PF001,Conservative Income Benchmark,0.002858
2025-05-21,PF001,Conservative Income Benchmark,0.001054
2025-05-22,PF001,Conservative Income Benchmark,-0.001888
2025-05-23,PF001,Conservative Income Benchmark,0.001913
2025-05-26,PF001,Conservative Income Benchmark,0.00257
2025-05-27,PF001,Conservative Income Benchmark,0.001615
2025-05-28,PF001,Conservative Income Benchmark,-0.003913
2025-05-29,PF001,Conservative Income Benchmark,0.007328
2025-05-30,PF001,Conservative Income Benchmark,0.00075
2025-06-02,PF001,Conservative Income Benchmark,0.002617
2025-06-03,PF001,Conservative Income Benchmark,-0.000348
2025-06-04,PF001,Conservative Income Benchmark,-0.005467
2025-06-05,PF001,Conservative Income Benchmark,-0.001191
2025-06-06,PF001,Conservative Income Benchmark,0.00478
2025-06-09,PF001,Conservative Income Benchmark,0.004958
2025-06-10,PF001,Conservative Income Benchmark,-0.002504
2025-06-11,PF001,Conservative Income Benchmark,0.00791
2025-06-12,PF001,Conservative Income Benchmark,-0.000636
2025-06-13,PF001,Conservative Income Benchmark,-0.000488
2025-06-16,PF001,Conservative Income Benchmark,-0.001515
2025-06-17,PF001,Conservative Income Benchmark,-0.007087
2025-06-18,PF001,Conservative Income Benchmark,-0.002744
2025-06-19,PF001,Conservative Income Benchmark,0.001627
2025-06-20,PF001,Conservative Income Benchmark,0.003149
2025-06-23,PF001,Conservative Income Benchmark,0.000632
2025-06-24,PF001,Conservative Income Benchmark,0.000776
2025-06-25,PF001,Conservative Income Benchmark,0.002485
2025-06-26,PF001,Conservative Income Benchmark,-1.3e-05
2025-06-27,PF001,Conservative Income Benchmark,-0.00193
2025-06-30,PF001,Conservative Income Benchmark,-0.00171
2025-07-01,PF001,Conservative Income Benchmark,-0.0009
2025-07-02,PF001,Conservative Income Benchmark,0.001888
2025-07-03,PF001,Conservative Income Benchmark,-0.004057
2025-07-04,PF001,Conservative Income Benchmark,0.001245
2025-07-07,PF001,Conservative Income Benchmark,-0.001765
2025-07-08,PF001,Conservative Income Benchmark,-0.001211
2025-07-09,PF001,Conservative Income Benchmark,0.003087
2025-07-10,PF001,Conservative Income Benchmark,0.001489
2025-07-11,PF001,Conservative Income Benchmark,-0.002526
2025-07-14,PF001,Conservative Income Benchmark,-0.000377
2025-07-15,PF001,Conservative Income Benchmark,0.002471
2025-07-16,PF001,Conservative Income Benchmark,-0.001565
2025-07-17,PF001,Conservative Income Benchmark,0.000151
2025-07-18,PF001,Conservative Income Benchmark,-0.000295
2025-07-21,PF001,Conservative Income Benchmark,-0.003187
2025-07-22,PF001,Conservative Income Benchmark,-0.001918
2025-07-23,PF001,Conservative Income Benchmark,0.001293
2025-07-24,PF001,Conservative Income Benchmark,-0.004829
2025-07-25,PF001,Conservative Income Benchmark,-0.00591
2025-07-28,PF001,Conservative Income Benchmark,0.002134
2025-07-29,PF001,Conservative Income Benchmark,-0.004601
2025-07-30,PF001,Conservative Income Benchmark,0.000492
2025-07-31,PF001,Conservative Income Benchmark,-0.002431
2025-08-01,PF001,Conservative Income Benchmark,0.0031
2025-08-04,PF001,Conservative Income Benchmark,0.001519
2025-08-05,PF001,Conservative Income Benchmark,-0.000403
2025-08-06,PF001,Conservative Income Benchmark,0.000786
2025-08-07,PF001,Conservative Income Benchmark,-0.001271
2025-08-08,PF001,Conservative Income Benchmark,0.001228
2025-08-11,PF001,Conservative Income Benchmark,-0.007378
2025-08-12,PF001,Conservative Income Benchmark,0.002731
2025-08-13,PF001,Conservative Income Benchmark,-0.003624
2025-08-14,PF001,Conservative Income Benchmark,-0.002875
2025-08-15,PF001,Conservative Income Benchmark,0.003994
2025-08-18,PF001,Conservative Income Benchmark,0.00023
2025-08-19,PF001,Conservative Income Benchmark,0.000129
2025-08-20,PF001,Conservative Income Benchmark,0.002811
2025-08-21,PF001,Conservative Income Benchmark,-0.002072
2025-08-22,PF001,Conservative Income Benchmark,-0.005622
2025-08-25,PF001,Conservative Income Benchmark,0.002403
2025-08-26,PF001,Conservative Income Benchmark,0.000663
2025-08-27,PF001,Conservative Income Benchmark,-0.000128
2025-08-28,PF001,Conservative Income Benchmark,0.003494
2025-08-29,PF001,Conservative Income Benchmark,-0.001284
2025-09-01,PF001,Conservative Income Benchmark,0.006602
2025-09-02,PF001,Conservative Income Benchmark,0.000444
2025-09-03,PF001,Conservative Income Benchmark,0.000385
2025-09-04,PF001,Conservative Income Benchmark,0.001889
2025-09-05,PF001,Conservative Income Benchmark,-0.00732
2025-09-08,PF001,Conservative Income Benchmark,0.000778
2025-09-09,PF001,Conservative Income Benchmark,-0.001739
2025-09-10,PF001,Conservative Income Benchmark,0.001005
2025-09-11,PF001,Conservative Income Benchmark,-0.002344
2025-09-12,PF001,Conservative Income Benchmark,0.001839
2025-09-15,PF001,Conservative Income Benchmark,-0.001728
2025-09-16,PF001,Conservative Income Benchmark,-0.000292
2025-09-17,PF001,Conservative Income Benchmark,-0.000806
2025-09-18,PF001,Conservative Income Benchmark,0.004848
2025-09-19,PF001,Conservative Income Benchmark,0.001639
2025-09-22,PF001,Conservative Income Benchmark,0.003118
2025-09-23,PF001,Conservative Income Benchmark,-0.003291
2025-09-24,PF001,Conservative Income Benchmark,-4.5e-05
2025-09-25,PF001,Conservative Income Benchmark,0.000319
2025-09-26,PF001,Conservative Income Benchmark,0.001873
2025-09-29,PF001,Conservative Income Benchmark,6.4e-05
2025-09-30,PF001,Conservative Income Benchmark,-0.000976
2025-10-01,PF001,Conservative Income Benchmark,-0.001221
2025-10-02,PF001,Conservative Income Benchmark,-0.003858
2025-10-03,PF001,Conservative Income Benchmark,-3.3e-05
2025-10-06,PF001,Conservative Income Benchmark,-0.000623
2025-10-07,PF001,Conservative Income Benchmark,0.001215
2025-10-08,PF001,Conservative Income Benchmark,-0.003314
2025-10-09,PF001,Conservative Income Benchmark,0.000583
2025-10-10,PF001,Conservative Income Benchmark,-0.00367
2025-10-13,PF001,Conservative Income Benchmark,0.001874
2025-10-14,PF001,Conservative Income Benchmark,-0.002609
2025-10-15,PF001,Conservative Income Benchmark,0.00544
2025-10-16,PF001,Conservative Income Benchmark,0.006026
2025-10-17,PF001,Conservative Income Benchmark,-0.001183
2025-10-20,PF001,Conservative Income Benchmark,0.002694
2025-10-21,PF001,Conservative Income Benchmark,0.001161
2025-10-22,PF001,Conservative Income Benchmark,-0.003729
2025-10-23,PF001,Conservative Income Benchmark,0.003317
2025-10-24,PF001,Conservative Income Benchmark,-0.00111
2025-10-27,PF001,Conservative Income Benchmark,-0.004477
2025-10-28,PF001,Conservative Income Benchmark,-0.003692
2025-10-29,PF001,Conservative Income Benchmark,0.000694
2025-10-30,PF001,Conservative Income Benchmark,-0.000437
2025-10-31,PF001,Conservative Income Benchmark,0.000409
2025-11-03,PF001,Conservative Income Benchmark,6.6e-05
2025-11-04,PF001,Conservative Income Benchmark,0.000946
2025-11-05,PF001,Conservative Income Benchmark,0.002804
2025-11-06,PF001,Conservative Income Benchmark,0.004383
2025-11-07,PF001,Conservative Income Benchmark,-0.000122
2025-11-10,PF001,Conservative Income Benchmark,-0.002748
2025-11-11,PF001,Conservative Income Benchmark,0.00277
2025-11-12,PF001,Conservative Income Benchmark,2.7e-05
2025-11-13,PF001,Conservative Income Benchmark,0.002002
2025-11-14,PF001,Conservative Income Benchmark,0.001581
2025-11-17,PF001,Conservative Income Benchmark,-0.00196
2025-11-18,PF001,Conservative Income Benchmark,-0.001036
2025-11-19,PF001,Conservative Income Benchmark,-0.004889
2025-11-20,PF001,Conservative Income Benchmark,-0.004394
2025-11-21,PF001,Conservative Income Benchmark,-0.00336
2025-11-24,PF001,Conservative Income Benchmark,-0.00168
2025-11-25,PF001,Conservative Income Benchmark,0.008768
2025-11-26,PF001,Conservative Income Benchmark,0.003919
2025-11-27,PF001,Conservative Income Benchmark,0.001177
2025-11-28,PF001,Conservative Income Benchmark,0.000562
2025-12-01,PF001,Conservative Income Benchmark,0.000825
2025-12-02,PF001,Conservative Income Benchmark,-0.000479
2025-12-03,PF001,Conservative Income Benchmark,-0.005435
2025-12-04,PF001,Conservative Income Benchmark,0.000639
2025-12-05,PF001,Conservative Income Benchmark,-0.003453
2025-12-08,PF001,Conservative Income Benchmark,0.00471
2025-12-09,PF001,Conservative Income Benchmark,-0.001784
2025-12-10,PF001,Conservative Income Benchmark,0.000473
2025-12-11,PF001,Conservative Income Benchmark,0.001676
2025-12-12,PF001,Conservative Income Benchmark,0.000816
2025-12-15,PF001,Conservative Income Benchmark,-0.002722
2025-12-16,PF001,Conservative Income Benchmark,0.000146
2025-12-17,PF001,Conservative Income Benchmark,0.002987
2025-12-18,PF001,Conservative Income Benchmark,-0.002803
2025-12-19,PF001,Conservative Income Benchmark,-0.000674
2025-12-22,PF001,Conservative Income Benchmark,-0.000913
2025-12-23,PF001,Conservative Income Benchmark,-0.000655
2025-12-24,PF001,Conservative Income Benchmark,0.001139
2025-12-25,PF001,Conservative Income Benchmark,-0.002525
2025-12-26,PF001,Conservative Income Benchmark,-0.001721
2025-12-29,PF001,Conservative Income Benchmark,-0.004005
2025-12-30,PF001,Conservative Income Benchmark,0.002156
2025-12-31,PF001,Conservative Income Benchmark,-0.001425
2025-01-02,PF002,Balanced Growth Benchmark,0.005287
2025-01-03,PF002,Balanced Growth Benchmark,0.002303
2025-01-06,PF002,Balanced Growth Benchmark,0.017924
2025-01-07,PF002,Balanced Growth Benchmark,0.000251
2025-01-08,PF002,Balanced Growth Benchmark,0.009451
2025-01-09,PF002,Balanced Growth Benchmark,0.00117
2025-01-10,PF002,Balanced Growth Benchmark,-0.001136
2025-01-13,PF002,Balanced Growth Benchmark,-0.011467
2025-01-14,PF002,Balanced Growth Benchmark,0.010238
2025-01-15,PF002,Balanced Growth Benchmark,0.004439
2025-01-16,PF002,Balanced Growth Benchmark,0.002318
2025-01-17,PF002,Balanced Growth Benchmark,0.002412
2025-01-20,PF002,Balanced Growth Benchmark,-0.003257
2025-01-21,PF002,Balanced Growth Benchmark,-0.007201
2025-01-22,PF002,Balanced Growth Benchmark,0.004592
2025-01-23,PF002,Balanced Growth Benchmark,-0.007715
2025-01-24,PF002,Balanced Growth Benchmark,0.006039
2025-01-27,PF002,Balanced Growth Benchmark,-0.000975
2025-01-28,PF002,Balanced Growth Benchmark,-0.001752
2025-01-29,PF002,Balanced Growth Benchmark,-0.00653
2025-01-30,PF002,Balanced Growth Benchmark,0.003039
2025-01-31,PF002,Balanced Growth Benchmark,-0.001401
2025-02-03,PF002,Balanced Growth Benchmark,0.010126
2025-02-04,PF002,Balanced Growth Benchmark,0.003188
2025-02-05,PF002,Balanced Growth Benchmark,0.001229
2025-02-06,PF002,Balanced Growth Benchmark,-0.007649
2025-02-07,PF002,Balanced Growth Benchmark,0.005114
2025-02-10,PF002,Balanced Growth Benchmark,0.003614
2025-02-11,PF002,Balanced Growth Benchmark,0.009013
2025-02-12,PF002,Balanced Growth Benchmark,0.001574
2025-02-13,PF002,Balanced Growth Benchmark,0.000765
2025-02-14,PF002,Balanced Growth Benchmark,-0.008371
2025-02-17,PF002,Balanced Growth Benchmark,0.001716
2025-02-18,PF002,Balanced Growth Benchmark,0.000384
2025-02-19,PF002,Balanced Growth Benchmark,-0.005017
2025-02-20,PF002,Balanced Growth Benchmark,0.002812
2025-02-21,PF002,Balanced Growth Benchmark,-0.007569
2025-02-24,PF002,Balanced Growth Benchmark,-0.001373
2025-02-25,PF002,Balanced Growth Benchmark,0.005821
2025-02-26,PF002,Balanced Growth Benchmark,-0.003609
2025-02-27,PF002,Balanced Growth Benchmark,0.001231
2025-02-28,PF002,Balanced Growth Benchmark,-0.004895
2025-03-03,PF002,Balanced Growth Benchmark,0.005357
2025-03-04,PF002,Balanced Growth Benchmark,0.003728
2025-03-05,PF002,Balanced Growth Benchmark,9.4e-05
2025-03-06,PF002,Balanced Growth Benchmark,-0.001889
2025-03-07,PF002,Balanced Growth Benchmark,-0.002136
2025-03-10,PF002,Balanced Growth Benchmark,-0.002509
2025-03-11,PF002,Balanced Growth Benchmark,-0.000152
2025-03-12,PF002,Balanced Growth Benchmark,0.009328
2025-03-13,PF002,Balanced Growth Benchmark,-0.001608
2025-03-14,PF002,Balanced Growth Benchmark,0.006613
2025-03-17,PF002,Balanced Growth Benchmark,-0.001494
2025-03-18,PF002,Balanced Growth Benchmark,-0.004946
2025-03-19,PF002,Balanced Growth Benchmark,-0.000486
2025-03-20,PF002,Balanced Growth Benchmark,0.001794
2025-03-21,PF002,Balanced Growth Benchmark,-0.008271
2025-03-24,PF002,Balanced Growth Benchmark,-0.00077
2025-03-25,PF002,Balanced Growth Benchmark,-0.005372
2025-03-26,PF002,Balanced Growth Benchmark,0.006475
2025-03-27,PF002,Balanced Growth Benchmark,-0.001482
2025-03-28,PF002,Balanced Growth Benchmark,-0.003997
2025-03-31,PF002,Balanced Growth Benchmark,-0.006299
2025-04-01,PF002,Balanced Growth Benchmark,0.004404
2025-04-02,PF002,Balanced Growth Benchmark,-0.00277
2025-04-03,PF002,Balanced Growth Benchmark,0.002419
2025-04-04,PF002,Balanced Growth Benchmark,-0.005631
2025-04-07,PF002,Balanced Growth Benchmark,-0.011974
2025-04-08,PF002,Balanced Growth Benchmark,-0.002255
2025-04-09,PF002,Balanced Growth Benchmark,-0.000901
2025-04-10,PF002,Balanced Growth Benchmark,-0.003921
2025-04-11,PF002,Balanced Growth Benchmark,-0.004514
2025-04-14,PF002,Balanced Growth Benchmark,0.003717
2025-04-15,PF002,Balanced Growth Benchmark,0.001032
2025-04-16,PF002,Balanced Growth Benchmark,-6.5e-05
2025-04-17,PF002,Balanced Growth Benchmark,0.009707
2025-04-18,PF002,Balanced Growth Benchmark,0.005885
2025-04-21,PF002,Balanced Growth Benchmark,0.007329
2025-04-22,PF002,Balanced Growth Benchmark,0.001855
2025-04-23,PF002,Balanced Growth Benchmark,0.007404
2025-04-24,PF002,Balanced Growth Benchmark,0.001628
2025-04-25,PF002,Balanced Growth Benchmark,-0.005698
2025-04-28,PF002,Balanced Growth Benchmark,9.6e-05
2025-04-29,PF002,Balanced Growth Benchmark,0.004063
2025-04-30,PF002,Balanced Growth Benchmark,0.005761
2025-05-01,PF002,Balanced Growth Benchmark,0.001828
2025-05-02,PF002,Balanced Growth Benchmark,-0.000535
2025-05-05,PF002,Balanced Growth Benchmark,0.00043
2025-05-06,PF002,Balanced Growth Benchmark,0.004965
2025-05-07,PF002,Balanced Growth Benchmark,0.005384
2025-05-08,PF002,Balanced Growth Benchmark,0.011237
2025-05-09,PF002,Balanced Growth Benchmark,0.005937
2025-05-12,PF002,Balanced Growth Benchmark,-0.004632
2025-05-13,PF002,Balanced Growth Benchmark,0.004747
2025-05-14,PF002,Balanced Growth Benchmark,0.0009
2025-05-15,PF002,Balanced Growth Benchmark,-0.00366
2025-05-16,PF002,Balanced Growth Benchmark,-0.00012
2025-05-19,PF002,Balanced Growth Benchmark,-0.000185
2025-05-20,PF002,Balanced Growth Benchmark,0.001179
2025-05-21,PF002,Balanced Growth Benchmark,-0.003601
2025-05-22,PF002,Balanced Growth Benchmark,-0.002555
2025-05-23,PF002,Balanced Growth Benchmark,0.000461
2025-05-26,PF002,Balanced Growth Benchmark,-0.000493
2025-05-27,PF002,Balanced Growth Benchmark,0.010148
2025-05-28,PF002,Balanced Growth Benchmark,-0.002175
2025-05-29,PF002,Balanced Growth Benchmark,-0.004298
2025-05-30,PF002,Balanced Growth Benchmark,-0.007259
2025-06-02,PF002,Balanced Growth Benchmark,0.007342
2025-06-03,PF002,Balanced Growth Benchmark,0.007454
2025-06-04,PF002,Balanced Growth Benchmark,-0.00033
2025-06-05,PF002,Balanced Growth Benchmark,0.004025
2025-06-06,PF002,Balanced Growth Benchmark,0.007685
2025-06-09,PF002,Balanced Growth Benchmark,-0.009943
2025-06-10,PF002,Balanced Growth Benchmark,-0.001544
2025-06-11,PF002,Balanced Growth Benchmark,-0.004209
2025-06-12,PF002,Balanced Growth Benchmark,0.003942
2025-06-13,PF002,Balanced Growth Benchmark,-0.008078
2025-06-16,PF002,Balanced Growth Benchmark,-0.004655
2025-06-17,PF002,Balanced Growth Benchmark,0.01565
2025-06-18,PF002,Balanced Growth Benchmark,0.007329
2025-06-19,PF002,Balanced Growth Benchmark,0.004538
2025-06-20,PF002,Balanced Growth Benchmark,-0.001566
2025-06-23,PF002,Balanced Growth Benchmark,-0.001747
2025-06-24,PF002,Balanced Growth Benchmark,0.001273
2025-06-25,PF002,Balanced Growth Benchmark,0.010503
2025-06-26,PF002,Balanced Growth Benchmark,-0.006601
2025-06-27,PF002,Balanced Growth Benchmark,0.002012
2025-06-30,PF002,Balanced Growth Benchmark,0.005451
2025-07-01,PF002,Balanced Growth Benchmark,-0.00157
2025-07-02,PF002,Balanced Growth Benchmark,0.014714
2025-07-03,PF002,Balanced Growth Benchmark,0.00224
2025-07-04,PF002,Balanced Growth Benchmark,0.008136
2025-07-07,PF002,Balanced Growth Benchmark,-0.010906
2025-07-08,PF002,Balanced Growth Benchmark,0.00024
2025-07-09,PF002,Balanced Growth Benchmark,-0.003483
2025-07-10,PF002,Balanced Growth Benchmark,0.00543
2025-07-11,PF002,Balanced Growth Benchmark,-0.00239
2025-07-14,PF002,Balanced Growth Benchmark,0.003506
2025-07-15,PF002,Balanced Growth Benchmark,-0.004862
2025-07-16,PF002,Balanced Growth Benchmark,0.003458
2025-07-17,PF002,Balanced Growth Benchmark,0.004034
2025-07-18,PF002,Balanced Growth Benchmark,0.004218
2025-07-21,PF002,Balanced Growth Benchmark,0.003067
2025-07-22,PF002,Balanced Growth Benchmark,0.001552
2025-07-23,PF002,Balanced Growth Benchmark,-0.001632
2025-07-24,PF002,Balanced Growth Benchmark,0.001223
2025-07-25,PF002,Balanced Growth Benchmark,-0.000861
2025-07-28,PF002,Balanced Growth Benchmark,0.001366
2025-07-29,PF002,Balanced Growth Benchmark,-0.010404
2025-07-30,PF002,Balanced Growth Benchmark,0.008832
2025-07-31,PF002,Balanced Growth Benchmark,0.000657
2025-08-01,PF002,Balanced Growth Benchmark,0.002382
2025-08-04,PF002,Balanced Growth Benchmark,0.005009
2025-08-05,PF002,Balanced Growth Benchmark,0.005272
2025-08-06,PF002,Balanced Growth Benchmark,0.010264
2025-08-07,PF002,Balanced Growth Benchmark,-0.001784
2025-08-08,PF002,Balanced Growth Benchmark,0.002421
2025-08-11,PF002,Balanced Growth Benchmark,0.005795
2025-08-12,PF002,Balanced Growth Benchmark,0.003678
2025-08-13,PF002,Balanced Growth Benchmark,0.00524
2025-08-14,PF002,Balanced Growth Benchmark,-0.002992
2025-08-15,PF002,Balanced Growth Benchmark,0.003753
2025-08-18,PF002,Balanced Growth Benchmark,0.007494
2025-08-19,PF002,Balanced Growth Benchmark,-0.000774
2025-08-20,PF002,Balanced Growth Benchmark,0.01279
2025-08-21,PF002,Balanced Growth Benchmark,-0.00759
2025-08-22,PF002,Balanced Growth Benchmark,-0.005612
2025-08-25,PF002,Balanced Growth Benchmark,-0.002621
2025-08-26,PF002,Balanced Growth Benchmark,0.00261
2025-08-27,PF002,Balanced Growth Benchmark,-0.001482
2025-08-28,PF002,Balanced Growth Benchmark,-0.011302
2025-08-29,PF002,Balanced Growth Benchmark,0.000858
2025-09-01,PF002,Balanced Growth Benchmark,0.005536
2025-09-02,PF002,Balanced Growth Benchmark,-0.003815
2025-09-03,PF002,Balanced Growth Benchmark,-0.001275
2025-09-04,PF002,Balanced Growth Benchmark,0.004335
2025-09-05,PF002,Balanced Growth Benchmark,-0.000595
2025-09-08,PF002,Balanced Growth Benchmark,-0.00266
2025-09-09,PF002,Balanced Growth Benchmark,-0.00181
2025-09-10,PF002,Balanced Growth Benchmark,0.010427
2025-09-11,PF002,Balanced Growth Benchmark,0.001909
2025-09-12,PF002,Balanced Growth Benchmark,0.000202
2025-09-15,PF002,Balanced Growth Benchmark,-0.004839
2025-09-16,PF002,Balanced Growth Benchmark,0.007837
2025-09-17,PF002,Balanced Growth Benchmark,-0.008904
2025-09-18,PF002,Balanced Growth Benchmark,0.001846
2025-09-19,PF002,Balanced Growth Benchmark,-0.004767
2025-09-22,PF002,Balanced Growth Benchmark,-0.007702
2025-09-23,PF002,Balanced Growth Benchmark,0.000448
2025-09-24,PF002,Balanced Growth Benchmark,0.007969
2025-09-25,PF002,Balanced Growth Benchmark,0.006459
2025-09-26,PF002,Balanced Growth Benchmark,0.003084
2025-09-29,PF002,Balanced Growth Benchmark,0.010696
2025-09-30,PF002,Balanced Growth Benchmark,0.015017
2025-10-01,PF002,Balanced Growth Benchmark,0.009119
2025-10-02,PF002,Balanced Growth Benchmark,-0.004991
2025-10-03,PF002,Balanced Growth Benchmark,0.00747
2025-10-06,PF002,Balanced Growth Benchmark,0.000526
2025-10-07,PF002,Balanced Growth Benchmark,0.002598
2025-10-08,PF002,Balanced Growth Benchmark,-0.002433
2025-10-09,PF002,Balanced Growth Benchmark,0.008553
2025-10-10,PF002,Balanced Growth Benchmark,-0.004458
2025-10-13,PF002,Balanced Growth Benchmark,0.002993
2025-10-14,PF002,Balanced Growth Benchmark,-0.014382
2025-10-15,PF002,Balanced Growth Benchmark,0.016957
2025-10-16,PF002,Balanced Growth Benchmark,0.00189
2025-10-17,PF002,Balanced Growth Benchmark,0.002304
2025-10-20,PF002,Balanced Growth Benchmark,-0.00362
2025-10-21,PF002,Balanced Growth Benchmark,0.007488
2025-10-22,PF002,Balanced Growth Benchmark,-0.006873
2025-10-23,PF002,Balanced Growth Benchmark,0.00286
2025-10-24,PF002,Balanced Growth Benchmark,0.0018
2025-10-27,PF002,Balanced Growth Benchmark,-0.000767
2025-10-28,PF002,Balanced Growth Benchmark,0.01182
2025-10-29,PF002,Balanced Growth Benchmark,-0.001459
2025-10-30,PF002,Balanced Growth Benchmark,0.00012
2025-10-31,PF002,Balanced Growth Benchmark,0.004033
2025-11-03,PF002,Balanced Growth Benchmark,0.005648
2025-11-04,PF002,Balanced Growth Benchmark,-0.002298
2025-11-05,PF002,Balanced Growth Benchmark,0.006895
2025-11-06,PF002,Balanced Growth Benchmark,0.011534
2025-11-07,PF002,Balanced Growth Benchmark,-0.001513
2025-11-10,PF002,Balanced Growth Benchmark,0.014498
2025-11-11,PF002,Balanced Growth Benchmark,0.002581
2025-11-12,PF002,Balanced Growth Benchmark,0.0047
2025-11-13,PF002,Balanced Growth Benchmark,0.011795
2025-11-14,PF002,Balanced Growth Benchmark,-0.001764
2025-11-17,PF002,Balanced Growth Benchmark,0.005501
2025-11-18,PF002,Balanced Growth Benchmark,0.004236
2025-11-19,PF002,Balanced Growth Benchmark,-0.008187
2025-11-20,PF002,Balanced Growth Benchmark,-0.008358
2025-11-21,PF002,Balanced Growth Benchmark,0.006327
2025-11-24,PF002,Balanced Growth Benchmark,-0.00261
2025-11-25,PF002,Balanced Growth Benchmark,0.002514
2025-11-26,PF002,Balanced Growth Benchmark,-0.004359
2025-11-27,PF002,Balanced Growth Benchmark,4.3e-05
2025-11-28,PF002,Balanced Growth Benchmark,0.000835
2025-12-01,PF002,Balanced Growth Benchmark,-0.005112
2025-12-02,PF002,Balanced Growth Benchmark,-0.013899
2025-12-03,PF002,Balanced Growth Benchmark,0.000577
2025-12-04,PF002,Balanced Growth Benchmark,-0.012831
2025-12-05,PF002,Balanced Growth Benchmark,0.004278
2025-12-08,PF002,Balanced Growth Benchmark,-0.002068
2025-12-09,PF002,Balanced Growth Benchmark,0.005411
2025-12-10,PF002,Balanced Growth Benchmark,0.008043
2025-12-11,PF002,Balanced Growth Benchmark,-0.004752
2025-12-12,PF002,Balanced Growth Benchmark,0.000886
2025-12-15,PF002,Balanced Growth Benchmark,-0.003764
2025-12-16,PF002,Balanced Growth Benchmark,-0.002082
2025-12-17,PF002,Balanced Growth Benchmark,0.004613
2025-12-18,PF002,Balanced Growth Benchmark,0.003273
2025-12-19,PF002,Balanced Growth Benchmark,-0.003653
2025-12-22,PF002,Balanced Growth Benchmark,-0.005198
2025-12-23,PF002,Balanced Growth Benchmark,-0.003178
2025-12-24,PF002,Balanced Growth Benchmark,0.006607
2025-12-25,PF002,Balanced Growth Benchmark,0.005095
2025-12-26,PF002,Balanced Growth Benchmark,-0.000964
2025-12-29,PF002,Balanced Growth Benchmark,2.5e-05
2025-12-30,PF002,Balanced Growth Benchmark,0.014019
2025-12-31,PF002,Balanced Growth Benchmark,0.008991
2025-01-02,PF003,Growth Plus Benchmark,-0.004128
2025-01-03,PF003,Growth Plus Benchmark,0.008048
2025-01-06,PF003,Growth Plus Benchmark,-0.000808
2025-01-07,PF003,Growth Plus Benchmark,-0.016564
2025-01-08,PF003,Growth Plus Benchmark,0.006919
2025-01-09,PF003,Growth Plus Benchmark,0.017074
2025-01-10,PF003,Growth Plus Benchmark,0.001756
2025-01-13,PF003,Growth Plus Benchmark,-0.012984
2025-01-14,PF003,Growth Plus Benchmark,0.005366
2025-01-15,PF003,Growth Plus Benchmark,-0.000143
2025-01-16,PF003,Growth Plus Benchmark,0.002555
2025-01-17,PF003,Growth Plus Benchmark,0.003929
2025-01-20,PF003,Growth Plus Benchmark,0.002838
2025-01-21,PF003,Growth Plus Benchmark,0.015236
2025-01-22,PF003,Growth Plus Benchmark,0.008198
2025-01-23,PF003,Growth Plus Benchmark,-0.007198
2025-01-24,PF003,Growth Plus Benchmark,0.00267
2025-01-27,PF003,Growth Plus Benchmark,0.015644
2025-01-28,PF003,Growth Plus Benchmark,0.006038
2025-01-29,PF003,Growth Plus Benchmark,0.001058
2025-01-30,PF003,Growth Plus Benchmark,-0.008966
2025-01-31,PF003,Growth Plus Benchmark,0.017167
2025-02-03,PF003,Growth Plus Benchmark,-0.010287
2025-02-04,PF003,Growth Plus Benchmark,-0.002477
2025-02-05,PF003,Growth Plus Benchmark,0.018004
2025-02-06,PF003,Growth Plus Benchmark,0.000695
2025-02-07,PF003,Growth Plus Benchmark,0.003662
2025-02-10,PF003,Growth Plus Benchmark,0.002855
2025-02-11,PF003,Growth Plus Benchmark,-0.001774
2025-02-12,PF003,Growth Plus Benchmark,0.006242
2025-02-13,PF003,Growth Plus Benchmark,-0.015247
2025-02-14,PF003,Growth Plus Benchmark,-0.000878
2025-02-17,PF003,Growth Plus Benchmark,0.004807
2025-02-18,PF003,Growth Plus Benchmark,-0.001706
2025-02-19,PF003,Growth Plus Benchmark,-0.003048
2025-02-20,PF003,Growth Plus Benchmark,0.009708
2025-02-21,PF003,Growth Plus Benchmark,0.006852
2025-02-24,PF003,Growth Plus Benchmark,0.004059
2025-02-25,PF003,Growth Plus Benchmark,0.010941
2025-02-26,PF003,Growth Plus Benchmark,-0.008257
2025-02-27,PF003,Growth Plus Benchmark,0.001668
2025-02-28,PF003,Growth Plus Benchmark,-0.004639
2025-03-03,PF003,Growth Plus Benchmark,-1e-05
2025-03-04,PF003,Growth Plus Benchmark,0.009859
2025-03-05,PF003,Growth Plus Benchmark,-0.006003
2025-03-06,PF003,Growth Plus Benchmark,0.003474
2025-03-07,PF003,Growth Plus Benchmark,-0.006949
2025-03-10,PF003,Growth Plus Benchmark,-0.005407
2025-03-11,PF003,Growth Plus Benchmark,0.001152
2025-03-12,PF003,Growth Plus Benchmark,-0.003144
2025-03-13,PF003,Growth Plus Benchmark,0.002325
2025-03-14,PF003,Growth Plus Benchmark,0.008509
2025-03-17,PF003,Growth Plus Benchmark,0.004246
2025-03-18,PF003,Growth Plus Benchmark,0.00234
2025-03-19,PF003,Growth Plus Benchmark,-0.001913
2025-03-20,PF003,Growth Plus Benchmark,0.014862
2025-03-21,PF003,Growth Plus Benchmark,0.012861
2025-03-24,PF003,Growth Plus Benchmark,0.010164
2025-03-25,PF003,Growth Plus Benchmark,-0.007359
2025-03-26,PF003,Growth Plus Benchmark,-0.009718
2025-03-27,PF003,Growth Plus Benchmark,0.016013
2025-03-28,PF003,Growth Plus Benchmark,0.004642
2025-03-31,PF003,Growth Plus Benchmark,0.006873
2025-04-01,PF003,Growth Plus Benchmark,0.013265
2025-04-02,PF003,Growth Plus Benchmark,0.00086
2025-04-03,PF003,Growth Plus Benchmark,0.002434
2025-04-04,PF003,Growth Plus Benchmark,0.006416
2025-04-07,PF003,Growth Plus Benchmark,-0.002089
2025-04-08,PF003,Growth Plus Benchmark,0.006718
2025-04-09,PF003,Growth Plus Benchmark,-0.00186
2025-04-10,PF003,Growth Plus Benchmark,-0.001588
2025-04-11,PF003,Growth Plus Benchmark,0.00164
2025-04-14,PF003,Growth Plus Benchmark,0.002232
2025-04-15,PF003,Growth Plus Benchmark,-0.01184
2025-04-16,PF003,Growth Plus Benchmark,-0.017839
2025-04-17,PF003,Growth Plus Benchmark,0.008643
2025-04-18,PF003,Growth Plus Benchmark,-0.001368
2025-04-21,PF003,Growth Plus Benchmark,-0.000537
2025-04-22,PF003,Growth Plus Benchmark,-0.001238
2025-04-23,PF003,Growth Plus Benchmark,0.011849
2025-04-24,PF003,Growth Plus Benchmark,0.019441
2025-04-25,PF003,Growth Plus Benchmark,-0.001933
2025-04-28,PF003,Growth Plus Benchmark,0.003971
2025-04-29,PF003,Growth Plus Benchmark,0.007047
2025-04-30,PF003,Growth Plus Benchmark,0.003212
2025-05-01,PF003,Growth Plus Benchmark,-0.010085
2025-05-02,PF003,Growth Plus Benchmark,-0.000857
2025-05-05,PF003,Growth Plus Benchmark,-0.005123
2025-05-06,PF003,Growth Plus Benchmark,-0.002982
2025-05-07,PF003,Growth Plus Benchmark,-0.001165
2025-05-08,PF003,Growth Plus Benchmark,-0.014455
2025-05-09,PF003,Growth Plus Benchmark,-0.002152
2025-05-12,PF003,Growth Plus Benchmark,0.011192
2025-05-13,PF003,Growth Plus Benchmark,-0.00306
2025-05-14,PF003,Growth Plus Benchmark,0.006489
2025-05-15,PF003,Growth Plus Benchmark,0.010959
2025-05-16,PF003,Growth Plus Benchmark,0.001967
2025-05-19,PF003,Growth Plus Benchmark,0.011748
2025-05-20,PF003,Growth Plus Benchmark,-0.001122
2025-05-21,PF003,Growth Plus Benchmark,0.008922
2025-05-22,PF003,Growth Plus Benchmark,0.008934
2025-05-23,PF003,Growth Plus Benchmark,-0.00605
2025-05-26,PF003,Growth Plus Benchmark,0.000402
2025-05-27,PF003,Growth Plus Benchmark,0.011918
2025-05-28,PF003,Growth Plus Benchmark,0.011974
2025-05-29,PF003,Growth Plus Benchmark,0.000905
2025-05-30,PF003,Growth Plus Benchmark,0.003372
2025-06-02,PF003,Growth Plus Benchmark,-0.012111
2025-06-03,PF003,Growth Plus Benchmark,-0.002837
2025-06-04,PF003,Growth Plus Benchmark,-0.009313
2025-06-05,PF003,Growth Plus Benchmark,-0.003003
2025-06-06,PF003,Growth Plus Benchmark,-0.013385
2025-06-09,PF003,Growth Plus Benchmark,-0.011957
2025-06-10,PF003,Growth Plus Benchmark,0.011638
2025-06-11,PF003,Growth Plus Benchmark,-0.013425
2025-06-12,PF003,Growth Plus Benchmark,0.011637
2025-06-13,PF003,Growth Plus Benchmark,-0.004585
2025-06-16,PF003,Growth Plus Benchmark,0.001813
2025-06-17,PF003,Growth Plus Benchmark,-0.001155
2025-06-18,PF003,Growth Plus Benchmark,0.013738
2025-06-19,PF003,Growth Plus Benchmark,-0.00318
2025-06-20,PF003,Growth Plus Benchmark,-0.020449
2025-06-23,PF003,Growth Plus Benchmark,0.001224
2025-06-24,PF003,Growth Plus Benchmark,0.000129
2025-06-25,PF003,Growth Plus Benchmark,-0.009332
2025-06-26,PF003,Growth Plus Benchmark,-0.020244
2025-06-27,PF003,Growth Plus Benchmark,0.00951
2025-06-30,PF003,Growth Plus Benchmark,-0.000846
2025-07-01,PF003,Growth Plus Benchmark,-0.000959
2025-07-02,PF003,Growth Plus Benchmark,0.017948
2025-07-03,PF003,Growth Plus Benchmark,-0.014431
2025-07-04,PF003,Growth Plus Benchmark,-0.007767
2025-07-07,PF003,Growth Plus Benchmark,0.004338
2025-07-08,PF003,Growth Plus Benchmark,0.018926
2025-07-09,PF003,Growth Plus Benchmark,0.006139
2025-07-10,PF003,Growth Plus Benchmark,0.007422
2025-07-11,PF003,Growth Plus Benchmark,0.002951
2025-07-14,PF003,Growth Plus Benchmark,-0.002001
2025-07-15,PF003,Growth Plus Benchmark,0.015075
2025-07-16,PF003,Growth Plus Benchmark,-0.007435
2025-07-17,PF003,Growth Plus Benchmark,0.017929
2025-07-18,PF003,Growth Plus Benchmark,-0.006472
2025-07-21,PF003,Growth Plus Benchmark,0.002277
2025-07-22,PF003,Growth Plus Benchmark,0.000646
2025-07-23,PF003,Growth Plus Benchmark,-0.000644
2025-07-24,PF003,Growth Plus Benchmark,0.010772
2025-07-25,PF003,Growth Plus Benchmark,-0.006266
2025-07-28,PF003,Growth Plus Benchmark,0.001223
2025-07-29,PF003,Growth Plus Benchmark,-0.009329
2025-07-30,PF003,Growth Plus Benchmark,-0.005149
2025-07-31,PF003,Growth Plus Benchmark,-0.00168
2025-08-01,PF003,Growth Plus Benchmark,-0.002159
2025-08-04,PF003,Growth Plus Benchmark,0.014658
2025-08-05,PF003,Growth Plus Benchmark,0.0089
2025-08-06,PF003,Growth Plus Benchmark,-0.00525
2025-08-07,PF003,Growth Plus Benchmark,0.005244
2025-08-08,PF003,Growth Plus Benchmark,0.002348
2025-08-11,PF003,Growth Plus Benchmark,-0.019084
2025-08-12,PF003,Growth Plus Benchmark,-0.00342
2025-08-13,PF003,Growth Plus Benchmark,0.006808
2025-08-14,PF003,Growth Plus Benchmark,-0.00092
2025-08-15,PF003,Growth Plus Benchmark,-0.009417
2025-08-18,PF003,Growth Plus Benchmark,0.004592
2025-08-19,PF003,Growth Plus Benchmark,-0.012424
2025-08-20,PF003,Growth Plus Benchmark,0.014271
2025-08-21,PF003,Growth Plus Benchmark,-0.006415
2025-08-22,PF003,Growth Plus Benchmark,0.002799
2025-08-25,PF003,Growth Plus Benchmark,0.011246
2025-08-26,PF003,Growth Plus Benchmark,0.005699
2025-08-27,PF003,Growth Plus Benchmark,0.009065
2025-08-28,PF003,Growth Plus Benchmark,0.00052
2025-08-29,PF003,Growth Plus Benchmark,0.020388
2025-09-01,PF003,Growth Plus Benchmark,-0.020324
2025-09-02,PF003,Growth Plus Benchmark,0.013951
2025-09-03,PF003,Growth Plus Benchmark,-0.000365
2025-09-04,PF003,Growth Plus Benchmark,-0.01801
2025-09-05,PF003,Growth Plus Benchmark,0.005003
2025-09-08,PF003,Growth Plus Benchmark,-0.005521
2025-09-09,PF003,Growth Plus Benchmark,-0.009445
2025-09-10,PF003,Growth Plus Benchmark,-0.002334
2025-09-11,PF003,Growth Plus Benchmark,0.005385
2025-09-12,PF003,Growth Plus Benchmark,0.005089
2025-09-15,PF003,Growth Plus Benchmark,-0.0033
2025-09-16,PF003,Growth Plus Benchmark,0.003067
2025-09-17,PF003,Growth Plus Benchmark,-0.006024
2025-09-18,PF003,Growth Plus Benchmark,0.005405
2025-09-19,PF003,Growth Plus Benchmark,0.001838
2025-09-22,PF003,Growth Plus Benchmark,0.015572
2025-09-23,PF003,Growth Plus Benchmark,0.00211
2025-09-24,PF003,Growth Plus Benchmark,0.004253
2025-09-25,PF003,Growth Plus Benchmark,0.015608
2025-09-26,PF003,Growth Plus Benchmark,-0.010259
2025-09-29,PF003,Growth Plus Benchmark,0.010115
2025-09-30,PF003,Growth Plus Benchmark,-0.010889
2025-10-01,PF003,Growth Plus Benchmark,-0.001615
2025-10-02,PF003,Growth Plus Benchmark,-0.009935
2025-10-03,PF003,Growth Plus Benchmark,0.003096
2025-10-06,PF003,Growth Plus Benchmark,0.000625
2025-10-07,PF003,Growth Plus Benchmark,-0.005606
2025-10-08,PF003,Growth Plus Benchmark,0.005393
2025-10-09,PF003,Growth Plus Benchmark,0.011853
2025-10-10,PF003,Growth Plus Benchmark,0.001226
2025-10-13,PF003,Growth Plus Benchmark,-0.001381
2025-10-14,PF003,Growth Plus Benchmark,-0.006629
2025-10-15,PF003,Growth Plus Benchmark,0.006362
2025-10-16,PF003,Growth Plus Benchmark,-0.008548
2025-10-17,PF003,Growth Plus Benchmark,0.012077
2025-10-20,PF003,Growth Plus Benchmark,-0.011731
2025-10-21,PF003,Growth Plus Benchmark,-0.015442
2025-10-22,PF003,Growth Plus Benchmark,0.010957
2025-10-23,PF003,Growth Plus Benchmark,0.0017
2025-10-24,PF003,Growth Plus Benchmark,-0.006247
2025-10-27,PF003,Growth Plus Benchmark,-0.00052
2025-10-28,PF003,Growth Plus Benchmark,-0.013721
2025-10-29,PF003,Growth Plus Benchmark,-0.012998
2025-10-30,PF003,Growth Plus Benchmark,0.007173
2025-10-31,PF003,Growth Plus Benchmark,0.005856
2025-11-03,PF003,Growth Plus Benchmark,0.003167
2025-11-04,PF003,Growth Plus Benchmark,-0.000224
2025-11-05,PF003,Growth Plus Benchmark,-0.003322
2025-11-06,PF003,Growth Plus Benchmark,-0.008696
2025-11-07,PF003,Growth Plus Benchmark,0.005733
2025-11-10,PF003,Growth Plus Benchmark,-0.001255
2025-11-11,PF003,Growth Plus Benchmark,0.025598
2025-11-12,PF003,Growth Plus Benchmark,-0.000644
2025-11-13,PF003,Growth Plus Benchmark,0.003547
2025-11-14,PF003,Growth Plus Benchmark,-0.001283
2025-11-17,PF003,Growth Plus Benchmark,0.009039
2025-11-18,PF003,Growth Plus Benchmark,0.00258
2025-11-19,PF003,Growth Plus Benchmark,-0.002165
2025-11-20,PF003,Growth Plus Benchmark,-0.007306
2025-11-21,PF003,Growth Plus Benchmark,-0.011496
2025-11-24,PF003,Growth Plus Benchmark,-0.004734
2025-11-25,PF003,Growth Plus Benchmark,-0.006306
2025-11-26,PF003,Growth Plus Benchmark,0.016132
2025-11-27,PF003,Growth Plus Benchmark,0.001164
2025-11-28,PF003,Growth Plus Benchmark,-0.009373
2025-12-01,PF003,Growth Plus Benchmark,0.010109
2025-12-02,PF003,Growth Plus Benchmark,-0.012115
2025-12-03,PF003,Growth Plus Benchmark,0.01087
2025-12-04,PF003,Growth Plus Benchmark,0.009541
2025-12-05,PF003,Growth Plus Benchmark,0.017737
2025-12-08,PF003,Growth Plus Benchmark,0.003183
2025-12-09,PF003,Growth Plus Benchmark,-0.002032
2025-12-10,PF003,Growth Plus Benchmark,-0.004826
2025-12-11,PF003,Growth Plus Benchmark,0.004568
2025-12-12,PF003,Growth Plus Benchmark,0.001789
2025-12-15,PF003,Growth Plus Benchmark,0.006757
2025-12-16,PF003,Growth Plus Benchmark,0.003601
2025-12-17,PF003,Growth Plus Benchmark,0.003876
2025-12-18,PF003,Growth Plus Benchmark,0.002277
2025-12-19,PF003,Growth Plus Benchmark,-0.01476
2025-12-22,PF003,Growth Plus Benchmark,-0.012047
2025-12-23,PF003,Growth Plus Benchmark,0.015547
2025-12-24,PF003,Growth Plus Benchmark,0.004035
2025-12-25,PF003,Growth Plus Benchmark,-0.014123
2025-12-26,PF003,Growth Plus Benchmark,-0.001328
2025-12-29,PF003,Growth Plus Benchmark,0.016984
2025-12-30,PF003,Growth Plus Benchmark,-0.007795
2025-12-31,PF003,Growth Plus Benchmark,0.004606
2025-01-02,PF004,Retirement 2045 Benchmark,-0.000896
2025-01-03,PF004,Retirement 2045 Benchmark,-0.003148
2025-01-06,PF004,Retirement 2045 Benchmark,0.003673
2025-01-07,PF004,Retirement 2045 Benchmark,-0.00247
2025-01-08,PF004,Retirement 2045 Benchmark,-0.005271
2025-01-09,PF004,Retirement 2045 Benchmark,0.000464
2025-01-10,PF004,Retirement 2045 Benchmark,-0.009922
2025-01-13,PF004,Retirement 2045 Benchmark,0.002845
2025-01-14,PF004,Retirement 2045 Benchmark,-0.003021
2025-01-15,PF004,Retirement 2045 Benchmark,-0.001299
2025-01-16,PF004,Retirement 2045 Benchmark,-0.003857
2025-01-17,PF004,Retirement 2045 Benchmark,-0.004071
2025-01-20,PF004,Retirement 2045 Benchmark,0.005309
2025-01-21,PF004,Retirement 2045 Benchmark,-0.002989
2025-01-22,PF004,Retirement 2045 Benchmark,0.012345
2025-01-23,PF004,Retirement 2045 Benchmark,0.007328
2025-01-24,PF004,Retirement 2045 Benchmark,-0.004193
2025-01-27,PF004,Retirement 2045 Benchmark,0.005294
2025-01-28,PF004,Retirement 2045 Benchmark,0.004175
2025-01-29,PF004,Retirement 2045 Benchmark,0.01256
2025-01-30,PF004,Retirement 2045 Benchmark,-0.009425
2025-01-31,PF004,Retirement 2045 Benchmark,-0.000291
2025-02-03,PF004,Retirement 2045 Benchmark,0.011309
2025-02-04,PF004,Retirement 2045 Benchmark,-0.012247
2025-02-05,PF004,Retirement 2045 Benchmark,-0.007848
2025-02-06,PF004,Retirement 2045 Benchmark,-0.006568
2025-02-07,PF004,Retirement 2045 Benchmark,0.006434
2025-02-10,PF004,Retirement 2045 Benchmark,-0.004784
2025-02-11,PF004,Retirement 2045 Benchmark,0.011517
2025-02-12,PF004,Retirement 2045 Benchmark,-0.001553
2025-02-13,PF004,Retirement 2045 Benchmark,-0.011817
2025-02-14,PF004,Retirement 2045 Benchmark,-0.00571
2025-02-17,PF004,Retirement 2045 Benchmark,-0.000848
2025-02-18,PF004,Retirement 2045 Benchmark,-0.006134
2025-02-19,PF004,Retirement 2045 Benchmark,0.009842
2025-02-20,PF004,Retirement 2045 Benchmark,-0.007621
2025-02-21,PF004,Retirement 2045 Benchmark,-0.002868
2025-02-24,PF004,Retirement 2045 Benchmark,-0.011686
2025-02-25,PF004,Retirement 2045 Benchmark,-0.006962
2025-02-26,PF004,Retirement 2045 Benchmark,0.005256
2025-02-27,PF004,Retirement 2045 Benchmark,-0.002744
2025-02-28,PF004,Retirement 2045 Benchmark,0.00748
2025-03-03,PF004,Retirement 2045 Benchmark,0.001391
2025-03-04,PF004,Retirement 2045 Benchmark,0.005268
2025-03-05,PF004,Retirement 2045 Benchmark,-0.006088
2025-03-06,PF004,Retirement 2045 Benchmark,0.005043
2025-03-07,PF004,Retirement 2045 Benchmark,-0.006417
2025-03-10,PF004,Retirement 2045 Benchmark,-0.004185
2025-03-11,PF004,Retirement 2045 Benchmark,-0.007947
2025-03-12,PF004,Retirement 2045 Benchmark,-0.004973
2025-03-13,PF004,Retirement 2045 Benchmark,0.004118
2025-03-14,PF004,Retirement 2045 Benchmark,-0.00145
2025-03-17,PF004,Retirement 2045 Benchmark,0.010518
2025-03-18,PF004,Retirement 2045 Benchmark,-0.003809
2025-03-19,PF004,Retirement 2045 Benchmark,-0.007283
2025-03-20,PF004,Retirement 2045 Benchmark,0.009327
2025-03-21,PF004,Retirement 2045 Benchmark,0.004419
2025-03-24,PF004,Retirement 2045 Benchmark,-0.001152
2025-03-25,PF004,Retirement 2045 Benchmark,0.000947
2025-03-26,PF004,Retirement 2045 Benchmark,-0.002724
2025-03-27,PF004,Retirement 2045 Benchmark,0.014051
2025-03-28,PF004,Retirement 2045 Benchmark,-0.001563
2025-03-31,PF004,Retirement 2045 Benchmark,-0.006298
2025-04-01,PF004,Retirement 2045 Benchmark,0.003107
2025-04-02,PF004,Retirement 2045 Benchmark,0.006554
2025-04-03,PF004,Retirement 2045 Benchmark,-0.011642
2025-04-04,PF004,Retirement 2045 Benchmark,-0.009776
2025-04-07,PF004,Retirement 2045 Benchmark,0.008613
2025-04-08,PF004,Retirement 2045 Benchmark,-0.005065
2025-04-09,PF004,Retirement 2045 Benchmark,-0.008433
2025-04-10,PF004,Retirement 2045 Benchmark,-0.004048
2025-04-11,PF004,Retirement 2045 Benchmark,0.002613
2025-04-14,PF004,Retirement 2045 Benchmark,0.006498
2025-04-15,PF004,Retirement 2045 Benchmark,0.005612
2025-04-16,PF004,Retirement 2045 Benchmark,-0.002376
2025-04-17,PF004,Retirement 2045 Benchmark,0.003409
2025-04-18,PF004,Retirement 2045 Benchmark,0.01024
2025-04-21,PF004,Retirement 2045 Benchmark,-0.001098
2025-04-22,PF004,Retirement 2045 Benchmark,0.012657
2025-04-23,PF004,Retirement 2045 Benchmark,0.008824
2025-04-24,PF004,Retirement 2045 Benchmark,-0.004358
2025-04-25,PF004,Retirement 2045 Benchmark,0.008184
2025-04-28,PF004,Retirement 2045 Benchmark,0.009347
2025-04-29,PF004,Retirement 2045 Benchmark,-0.003868
2025-04-30,PF004,Retirement 2045 Benchmark,-0.00025
2025-05-01,PF004,Retirement 2045 Benchmark,-0.011621
2025-05-02,PF004,Retirement 2045 Benchmark,0.008758
2025-05-05,PF004,Retirement 2045 Benchmark,0.001165
2025-05-06,PF004,Retirement 2045 Benchmark,-0.00746
2025-05-07,PF004,Retirement 2045 Benchmark,0.012618
2025-05-08,PF004,Retirement 2045 Benchmark,0.002881
2025-05-09,PF004,Retirement 2045 Benchmark,-0.002045
2025-05-12,PF004,Retirement 2045 Benchmark,-0.015503
2025-05-13,PF004,Retirement 2045 Benchmark,0.003476
2025-05-14,PF004,Retirement 2045 Benchmark,0.011953
2025-05-15,PF004,Retirement 2045 Benchmark,-0.002095
2025-05-16,PF004,Retirement 2045 Benchmark,-0.000265
2025-05-19,PF004,Retirement 2045 Benchmark,-0.00445
2025-05-20,PF004,Retirement 2045 Benchmark,0.014506
2025-05-21,PF004,Retirement 2045 Benchmark,-0.001487
2025-05-22,PF004,Retirement 2045 Benchmark,0.000688
2025-05-23,PF004,Retirement 2045 Benchmark,0.003023
2025-05-26,PF004,Retirement 2045 Benchmark,-0.013561
2025-05-27,PF004,Retirement 2045 Benchmark,0.010776
2025-05-28,PF004,Retirement 2045 Benchmark,0.00266
2025-05-29,PF004,Retirement 2045 Benchmark,-0.01027
2025-05-30,PF004,Retirement 2045 Benchmark,-0.014037
2025-06-02,PF004,Retirement 2045 Benchmark,0.003559
2025-06-03,PF004,Retirement 2045 Benchmark,0.012678
2025-06-04,PF004,Retirement 2045 Benchmark,0.003586
2025-06-05,PF004,Retirement 2045 Benchmark,-0.007025
2025-06-06,PF004,Retirement 2045 Benchmark,-1.5e-05
2025-06-09,PF004,Retirement 2045 Benchmark,0.000806
2025-06-10,PF004,Retirement 2045 Benchmark,-0.003771
2025-06-11,PF004,Retirement 2045 Benchmark,-0.013323
2025-06-12,PF004,Retirement 2045 Benchmark,0.000775
2025-06-13,PF004,Retirement 2045 Benchmark,-0.004777
2025-06-16,PF004,Retirement 2045 Benchmark,-0.001475
2025-06-17,PF004,Retirement 2045 Benchmark,3.7e-05
2025-06-18,PF004,Retirement 2045 Benchmark,-0.001747
2025-06-19,PF004,Retirement 2045 Benchmark,-0.006974
2025-06-20,PF004,Retirement 2045 Benchmark,-0.000372
2025-06-23,PF004,Retirement 2045 Benchmark,0.002373
2025-06-24,PF004,Retirement 2045 Benchmark,0.010081
2025-06-25,PF004,Retirement 2045 Benchmark,0.003655
2025-06-26,PF004,Retirement 2045 Benchmark,0.000744
2025-06-27,PF004,Retirement 2045 Benchmark,0.006033
2025-06-30,PF004,Retirement 2045 Benchmark,-0.009007
2025-07-01,PF004,Retirement 2045 Benchmark,-0.008655
2025-07-02,PF004,Retirement 2045 Benchmark,0.006696
2025-07-03,PF004,Retirement 2045 Benchmark,-0.000527
2025-07-04,PF004,Retirement 2045 Benchmark,-0.006588
2025-07-07,PF004,Retirement 2045 Benchmark,-0.002171
2025-07-08,PF004,Retirement 2045 Benchmark,0.009868
2025-07-09,PF004,Retirement 2045 Benchmark,-0.005205
2025-07-10,PF004,Retirement 2045 Benchmark,-0.009911
2025-07-11,PF004,Retirement 2045 Benchmark,-0.014206
2025-07-14,PF004,Retirement 2045 Benchmark,0.020162
2025-07-15,PF004,Retirement 2045 Benchmark,3.2e-05
2025-07-16,PF004,Retirement 2045 Benchmark,0.00652
2025-07-17,PF004,Retirement 2045 Benchmark,-0.006247
2025-07-18,PF004,Retirement 2045 Benchmark,0.011286
2025-07-21,PF004,Retirement 2045 Benchmark,-0.002497
2025-07-22,PF004,Retirement 2045 Benchmark,-0.004373
2025-07-23,PF004,Retirement 2045 Benchmark,0.000704
2025-07-24,PF004,Retirement 2045 Benchmark,-0.004101
2025-07-25,PF004,Retirement 2045 Benchmark,-0.003348
2025-07-28,PF004,Retirement 2045 Benchmark,0.000408
2025-07-29,PF004,Retirement 2045 Benchmark,-0.003465
2025-07-30,PF004,Retirement 2045 Benchmark,0.012096
2025-07-31,PF004,Retirement 2045 Benchmark,0.001788
2025-08-01,PF004,Retirement 2045 Benchmark,0.002589
2025-08-04,PF004,Retirement 2045 Benchmark,0.004615
2025-08-05,PF004,Retirement 2045 Benchmark,0.013644
2025-08-06,PF004,Retirement 2045 Benchmark,-0.001884
2025-08-07,PF004,Retirement 2045 Benchmark,0.01201
2025-08-08,PF004,Retirement 2045 Benchmark,0.009446
2025-08-11,PF004,Retirement 2045 Benchmark,-0.002929
2025-08-12,PF004,Retirement 2045 Benchmark,-0.002274
2025-08-13,PF004,Retirement 2045 Benchmark,0.005703
2025-08-14,PF004,Retirement 2045 Benchmark,-0.000968
2025-08-15,PF004,Retirement 2045 Benchmark,0.007571
2025-08-18,PF004,Retirement 2045 Benchmark,-0.002858
2025-08-19,PF004,Retirement 2045 Benchmark,-0.00188
2025-08-20,PF004,Retirement 2045 Benchmark,0.00729
2025-08-21,PF004,Retirement 2045 Benchmark,0.001253
2025-08-22,PF004,Retirement 2045 Benchmark,0.005426
2025-08-25,PF004,Retirement 2045 Benchmark,-0.013479
2025-08-26,PF004,Retirement 2045 Benchmark,0.011923
2025-08-27,PF004,Retirement 2045 Benchmark,-0.011859
2025-08-28,PF004,Retirement 2045 Benchmark,0.010923
2025-08-29,PF004,Retirement 2045 Benchmark,-0.001416
2025-09-01,PF004,Retirement 2045 Benchmark,-0.001353
2025-09-02,PF004,Retirement 2045 Benchmark,0.00411
2025-09-03,PF004,Retirement 2045 Benchmark,-0.002575
2025-09-04,PF004,Retirement 2045 Benchmark,0.000644
2025-09-05,PF004,Retirement 2045 Benchmark,0.009927
2025-09-08,PF004,Retirement 2045 Benchmark,0.009963
2025-09-09,PF004,Retirement 2045 Benchmark,0.002383
2025-09-10,PF004,Retirement 2045 Benchmark,-0.007542
2025-09-11,PF004,Retirement 2045 Benchmark,0.009834
2025-09-12,PF004,Retirement 2045 Benchmark,-0.011268
2025-09-15,PF004,Retirement 2045 Benchmark,-0.013814
2025-09-16,PF004,Retirement 2045 Benchmark,0.002831
2025-09-17,PF004,Retirement 2045 Benchmark,0.01149
2025-09-18,PF004,Retirement 2045 Benchmark,0.00923
2025-09-19,PF004,Retirement 2045 Benchmark,-0.004387
2025-09-22,PF004,Retirement 2045 Benchmark,0.00257
2025-09-23,PF004,Retirement 2045 Benchmark,0.000716
2025-09-24,PF004,Retirement 2045 Benchmark,-0.000995
2025-09-25,PF004,Retirement 2045 Benchmark,0.002659
2025-09-26,PF004,Retirement 2045 Benchmark,-1.2e-05
2025-09-29,PF004,Retirement 2045 Benchmark,0.009617
2025-09-30,PF004,Retirement 2045 Benchmark,0.002418
2025-10-01,PF004,Retirement 2045 Benchmark,0.005345
2025-10-02,PF004,Retirement 2045 Benchmark,0.009762
2025-10-03,PF004,Retirement 2045 Benchmark,-0.015065
2025-10-06,PF004,Retirement 2045 Benchmark,0.007334
2025-10-07,PF004,Retirement 2045 Benchmark,-0.004392
2025-10-08,PF004,Retirement 2045 Benchmark,0.009045
2025-10-09,PF004,Retirement 2045 Benchmark,0.000426
2025-10-10,PF004,Retirement 2045 Benchmark,-0.0072
2025-10-13,PF004,Retirement 2045 Benchmark,-0.004504
2025-10-14,PF004,Retirement 2045 Benchmark,-0.009528
2025-10-15,PF004,Retirement 2045 Benchmark,0.009913
2025-10-16,PF004,Retirement 2045 Benchmark,-0.012341
2025-10-17,PF004,Retirement 2045 Benchmark,0.006587
2025-10-20,PF004,Retirement 2045 Benchmark,0.005117
2025-10-21,PF004,Retirement 2045 Benchmark,0.003795
2025-10-22,PF004,Retirement 2045 Benchmark,-0.006541
2025-10-23,PF004,Retirement 2045 Benchmark,0.003362
2025-10-24,PF004,Retirement 2045 Benchmark,0.015555
2025-10-27,PF004,Retirement 2045 Benchmark,6.5e-05
2025-10-28,PF004,Retirement 2045 Benchmark,0.003681
2025-10-29,PF004,Retirement 2045 Benchmark,-0.009545
2025-10-30,PF004,Retirement 2045 Benchmark,0.001247
2025-10-31,PF004,Retirement 2045 Benchmark,-0.001422
2025-11-03,PF004,Retirement 2045 Benchmark,-0.005869
2025-11-04,PF004,Retirement 2045 Benchmark,0.006799
2025-11-05,PF004,Retirement 2045 Benchmark,0.012547
2025-11-06,PF004,Retirement 2045 Benchmark,0.000547
2025-11-07,PF004,Retirement 2045 Benchmark,0.011011
2025-11-10,PF004,Retirement 2045 Benchmark,-0.012045
2025-11-11,PF004,Retirement 2045 Benchmark,-0.0039
2025-11-12,PF004,Retirement 2045 Benchmark,-0.002468
2025-11-13,PF004,Retirement 2045 Benchmark,0.001389
2025-11-14,PF004,Retirement 2045 Benchmark,-0.004834
2025-11-17,PF004,Retirement 2045 Benchmark,0.001411
2025-11-18,PF004,Retirement 2045 Benchmark,-0.004768
2025-11-19,PF004,Retirement 2045 Benchmark,0.005504
2025-11-20,PF004,Retirement 2045 Benchmark,-0.001832
2025-11-21,PF004,Retirement 2045 Benchmark,0.001446
2025-11-24,PF004,Retirement 2045 Benchmark,-0.008008
2025-11-25,PF004,Retirement 2045 Benchmark,0.009471
2025-11-26,PF004,Retirement 2045 Benchmark,-0.006838
2025-11-27,PF004,Retirement 2045 Benchmark,-0.006754
2025-11-28,PF004,Retirement 2045 Benchmark,-0.00546
2025-12-01,PF004,Retirement 2045 Benchmark,0.007556
2025-12-02,PF004,Retirement 2045 Benchmark,-0.003472
2025-12-03,PF004,Retirement 2045 Benchmark,0.004337
2025-12-04,PF004,Retirement 2045 Benchmark,0.009164
2025-12-05,PF004,Retirement 2045 Benchmark,0.002518
2025-12-08,PF004,Retirement 2045 Benchmark,-0.008734
2025-12-09,PF004,Retirement 2045 Benchmark,-0.007517
2025-12-10,PF004,Retirement 2045 Benchmark,-0.003574
2025-12-11,PF004,Retirement 2045 Benchmark,-0.003782
2025-12-12,PF004,Retirement 2045 Benchmark,-0.000551
2025-12-15,PF004,Retirement 2045 Benchmark,0.008492
2025-12-16,PF004,Retirement 2045 Benchmark,0.003117
2025-12-17,PF004,Retirement 2045 Benchmark,0.002559
2025-12-18,PF004,Retirement 2045 Benchmark,-0.005761
2025-12-19,PF004,Retirement 2045 Benchmark,-0.003504
2025-12-22,PF004,Retirement 2045 Benchmark,0.014527
2025-12-23,PF004,Retirement 2045 Benchmark,-0.001727
2025-12-24,PF004,Retirement 2045 Benchmark,0.004069
2025-12-25,PF004,Retirement 2045 Benchmark,0.014802
2025-12-26,PF004,Retirement 2045 Benchmark,-0.003539
2025-12-29,PF004,Retirement 2045 Benchmark,0.002635
2025-12-30,PF004,Retirement 2045 Benchmark,-0.000496
2025-12-31,PF004,Retirement 2045 Benchmark,0.008929
