contribution_id,date,member_id,portfolio_id,contribution_cad
CONTR000001,2025-01-31,MEM00001,PF001,244.0
CONTR000002,2025-02-28,MEM00001,PF001,242.76
CONTR000003,2025-03-31,MEM00001,PF001,241.6
CONTR000004,2025-04-30,MEM00001,PF001,241.69
CONTR000005,2025-05-31,MEM00001,PF001,230.63
CONTR000006,2025-06-30,MEM00001,PF001,221.04
CONTR000007,2025-07-31,MEM00001,PF001,228.2
CONTR000008,2025-08-31,MEM00001,PF001,217.34
CONTR000009,2025-09-30,MEM00001,PF001,240.33
CONTR000010,2025-10-31,MEM00001,PF001,211.3
CONTR000011,2025-11-30,MEM00001,PF001,235.1
CONTR000012,2025-12-31,MEM00001,PF001,228.83
CONTR000013,2025-01-31,MEM00002,PF001,388.03
CONTR000014,2025-02-28,MEM00002,PF001,414.67
CONTR000015,2025-03-31,MEM00002,PF001,378.87
CONTR000016,2025-04-30,MEM00002,PF001,416.67
CONTR000017,2025-05-31,MEM00002,PF001,367.86
CONTR000018,2025-06-30,MEM00002,PF001,368.26
CONTR000019,2025-07-31,MEM00002,PF001,392.41
CONTR000020,2025-08-31,MEM00002,PF001,384.04
CONTR000021,2025-09-30,MEM00002,PF001,359.7
CONTR000022,2025-10-31,MEM00002,PF001,406.54
CONTR000023,2025-11-30,MEM00002,PF001,364.33
CONTR000024,2025-12-31,MEM00002,PF001,410.06
CONTR000025,2025-01-31,MEM00003,PF001,610.93
CONTR000026,2025-02-28,MEM00003,PF001,617.82
CONTR000027,2025-03-31,MEM00003,PF001,641.25
CONTR000028,2025-04-30,MEM00003,PF001,684.61
CONTR000029,2025-05-31,MEM00003,PF001,637.43
CONTR000030,2025-06-30,MEM00003,PF001,612.71
CONTR000031,2025-07-31,MEM00003,PF001,621.37
CONTR000032,2025-08-31,MEM00003,PF001,699.45
CONTR000033,2025-09-30,MEM00003,PF001,707.79
CONTR000034,2025-10-31,MEM00003,PF001,693.86
CONTR000035,2025-11-30,MEM00003,PF001,637.22
CONTR000036,2025-12-31,MEM00003,PF001,640.63
CONTR000037,2025-01-31,MEM00004,PF001,807.33
CONTR000038,2025-02-28,MEM00004,PF001,869.92
CONTR000039,2025-03-31,MEM00004,PF001,923.96
CONTR000040,2025-04-30,MEM00004,PF001,811.26
CONTR000041,2025-05-31,MEM00004,PF001,893.43
CONTR000042,2025-06-30,MEM00004,PF001,819.92
CONTR000043,2025-07-31,MEM00004,PF001,875.02
CONTR000044,2025-08-31,MEM00004,PF001,817.95
CONTR000045,2025-09-30,MEM00004,PF001,880.78
CONTR000046,2025-10-31,MEM00004,PF001,854.34
CONTR000047,2025-11-30,MEM00004,PF001,877.54
CONTR000048,2025-12-31,MEM00004,PF001,928.03
CONTR000049,2025-01-31,MEM00005,PF001,532.85
CONTR000050,2025-02-28,MEM00005,PF001,503.61
CONTR000051,2025-03-31,MEM00005,PF001,537.7
CONTR000052,2025-04-30,MEM00005,PF001,516.83
CONTR000053,2025-05-31,MEM00005,PF001,472.27
CONTR000054,2025-06-30,MEM00005,PF001,537.89
CONTR000055,2025-07-31,MEM00005,PF001,487.15
CONTR000056,2025-08-31,MEM00005,PF001,480.94
CONTR000057,2025-09-30,MEM00005,PF001,507.69
CONTR000058,2025-10-31,MEM00005,PF001,478.69
CONTR000059,2025-11-30,MEM00005,PF001,504.67
CONTR000060,2025-12-31,MEM00005,PF001,481.26
CONTR000061,2025-01-31,MEM00006,PF001,665.12
CONTR000062,2025-02-28,MEM00006,PF001,625.82
CONTR000063,2025-03-31,MEM00006,PF001,602.09
CONTR000064,2025-04-30,MEM00006,PF001,664.75
CONTR000065,2025-05-31,MEM00006,PF001,670.2
CONTR000066,2025-06-30,MEM00006,PF001,703.79
CONTR000067,2025-07-31,MEM00006,PF001,635.0
CONTR000068,2025-08-31,MEM00006,PF001,614.52
CONTR000069,2025-09-30,MEM00006,PF001,628.75
CONTR000070,2025-10-31,MEM00006,PF001,691.48
CONTR000071,2025-11-30,MEM00006,PF001,624.72
CONTR000072,2025-12-31,MEM00006,PF001,603.11
CONTR000073,2025-01-31,MEM00007,PF001,419.18
CONTR000074,2025-02-28,MEM00007,PF001,412.38
CONTR000075,2025-03-31,MEM00007,PF001,437.74
CONTR000076,2025-04-30,MEM00007,PF001,476.93
CONTR000077,2025-05-31,MEM00007,PF001,427.96
CONTR000078,2025-06-30,MEM00007,PF001,446.12
CONTR000079,2025-07-31,MEM00007,PF001,452.2
CONTR000080,2025-08-31,MEM00007,PF001,450.23
CONTR000081,2025-09-30,MEM00007,PF001,478.64
CONTR000082,2025-10-31,MEM00007,PF001,469.6
CONTR000083,2025-11-30,MEM00007,PF001,442.57
CONTR000084,2025-12-31,MEM00007,PF001,454.95
CONTR000085,2025-01-31,MEM00008,PF001,323.05
CONTR000086,2025-02-28,MEM00008,PF001,321.53
CONTR000087,2025-03-31,MEM00008,PF001,309.92
CONTR000088,2025-04-30,MEM00008,PF001,326.3
CONTR000089,2025-05-31,MEM00008,PF001,326.55
CONTR000090,2025-06-30,MEM00008,PF001,292.26
CONTR000091,2025-07-31,MEM00008,PF001,294.06
CONTR000092,2025-08-31,MEM00008,PF001,322.21
CONTR000093,2025-09-30,MEM00008,PF001,310.56
CONTR000094,2025-10-31,MEM00008,PF001,322.06
CONTR000095,2025-11-30,MEM00008,PF001,329.45
CONTR000096,2025-12-31,MEM00008,PF001,329.46
CONTR000097,2025-01-31,MEM00009,PF001,735.26
CONTR000098,2025-02-28,MEM00009,PF001,656.73
CONTR000099,2025-03-31,MEM00009,PF001,683.99
CONTR000100,2025-04-30,MEM00009,PF001,711.59
CONTR000101,2025-05-31,MEM00009,PF001,711.81
CONTR000102,2025-06-30,MEM00009,PF001,651.1
CONTR000103,2025-07-31,MEM00009,PF001,659.45
CONTR000104,2025-08-31,MEM00009,PF001,678.75
CONTR000105,2025-09-30,MEM00009,PF001,733.5
CONTR000106,2025-10-31,MEM00009,PF001,754.95
CONTR000107,2025-11-30,MEM00009,PF001,740.06
CONTR000108,2025-12-31,MEM00009,PF001,651.29
CONTR000109,2025-01-31,MEM00010,PF001,568.3
CONTR000110,2025-02-28,MEM00010,PF001,604.74
CONTR000111,2025-03-31,MEM00010,PF001,648.31
CONTR000112,2025-04-30,MEM00010,PF001,573.48
CONTR000113,2025-05-31,MEM00010,PF001,606.1
CONTR000114,2025-06-30,MEM00010,PF001,621.0
CONTR000115,2025-07-31,MEM00010,PF001,564.86
CONTR000116,2025-08-31,MEM00010,PF001,585.78
CONTR000117,2025-09-30,MEM00010,PF001,560.65
CONTR000118,2025-10-31,MEM00010,PF001,612.59
CONTR000119,2025-11-30,MEM00010,PF001,620.49
CONTR000120,2025-12-31,MEM00010,PF001,579.82
CONTR000121,2025-01-31,MEM00011,PF001,720.32
CONTR000122,2025-02-28,MEM00011,PF001,711.64
CONTR000123,2025-03-31,MEM00011,PF001,780.92
CONTR000124,2025-04-30,MEM00011,PF001,676.24
CONTR000125,2025-05-31,MEM00011,PF001,682.31
CONTR000126,2025-06-30,MEM00011,PF001,709.06
CONTR000127,2025-07-31,MEM00011,PF001,719.54
CONTR000128,2025-08-31,MEM00011,PF001,680.87
CONTR000129,2025-09-30,MEM00011,PF001,694.45
CONTR000130,2025-10-31,MEM00011,PF001,730.91
CONTR000131,2025-11-30,MEM00011,PF001,763.13
CONTR000132,2025-12-31,MEM00011,PF001,712.6
CONTR000133,2025-01-31,MEM00012,PF001,518.63
CONTR000134,2025-02-28,MEM00012,PF001,574.48
CONTR000135,2025-03-31,MEM00012,PF001,570.83
CONTR000136,2025-04-30,MEM00012,PF001,530.93
CONTR000137,2025-05-31,MEM00012,PF001,583.64
CONTR000138,2025-06-30,MEM00012,PF001,524.04
CONTR000139,2025-07-31,MEM00012,PF001,508.34
CONTR000140,2025-08-31,MEM00012,PF001,531.76
CONTR000141,2025-09-30,MEM00012,PF001,536.15
CONTR000142,2025-10-31,MEM00012,PF001,547.71
CONTR000143,2025-11-30,MEM00012,PF001,577.17
CONTR000144,2025-12-31,MEM00012,PF001,505.95
CONTR000145,2025-01-31,MEM00013,PF001,506.52
CONTR000146,2025-02-28,MEM00013,PF001,491.69
CONTR000147,2025-03-31,MEM00013,PF001,496.05
CONTR000148,2025-04-30,MEM00013,PF001,528.39
CONTR000149,2025-05-31,MEM00013,PF001,518.42
CONTR000150,2025-06-30,MEM00013,PF001,565.58
CONTR000151,2025-07-31,MEM00013,PF001,517.63
CONTR000152,2025-08-31,MEM00013,PF001,504.62
CONTR000153,2025-09-30,MEM00013,PF001,500.52
CONTR000154,2025-10-31,MEM00013,PF001,540.7
CONTR000155,2025-11-30,MEM00013,PF001,507.56
CONTR000156,2025-12-31,MEM00013,PF001,559.78
CONTR000157,2025-01-31,MEM00014,PF001,513.06
CONTR000158,2025-02-28,MEM00014,PF001,538.59
CONTR000159,2025-03-31,MEM00014,PF001,552.5
CONTR000160,2025-04-30,MEM00014,PF001,557.93
CONTR000161,2025-05-31,MEM00014,PF001,503.06
CONTR000162,2025-06-30,MEM00014,PF001,581.14
CONTR000163,2025-07-31,MEM00014,PF001,534.93
CONTR000164,2025-08-31,MEM00014,PF001,573.93
CONTR000165,2025-09-30,MEM00014,PF001,527.11
CONTR000166,2025-10-31,MEM00014,PF001,568.73
CONTR000167,2025-11-30,MEM00014,PF001,506.45
CONTR000168,2025-12-31,MEM00014,PF001,547.07
CONTR000169,2025-01-31,MEM00015,PF001,533.78
CONTR000170,2025-02-28,MEM00015,PF001,559.01
CONTR000171,2025-03-31,MEM00015,PF001,535.89
CONTR000172,2025-04-30,MEM00015,PF001,517.86
CONTR000173,2025-05-31,MEM00015,PF001,541.35
CONTR000174,2025-06-30,MEM00015,PF001,507.96
CONTR000175,2025-07-31,MEM00015,PF001,547.75
CONTR000176,2025-08-31,MEM00015,PF001,552.07
CONTR000177,2025-09-30,MEM00015,PF001,480.64
CONTR000178,2025-10-31,MEM00015,PF001,543.08
CONTR000179,2025-11-30,MEM00015,PF001,553.18
CONTR000180,2025-12-31,MEM00015,PF001,514.8
CONTR000181,2025-01-31,MEM00016,PF001,523.97
CONTR000182,2025-02-28,MEM00016,PF001,494.66
CONTR000183,2025-03-31,MEM00016,PF001,543.36
CONTR000184,2025-04-30,MEM00016,PF001,517.35
CONTR000185,2025-05-31,MEM00016,PF001,519.81
CONTR000186,2025-06-30,MEM00016,PF001,562.93
CONTR000187,2025-07-31,MEM00016,PF001,569.74
CONTR000188,2025-08-31,MEM00016,PF001,564.21
CONTR000189,2025-09-30,MEM00016,PF001,538.75
CONTR000190,2025-10-31,MEM00016,PF001,516.11
CONTR000191,2025-11-30,MEM00016,PF001,536.28
CONTR000192,2025-12-31,MEM00016,PF001,568.96
CONTR000193,2025-01-31,MEM00017,PF001,149.65
CONTR000194,2025-02-28,MEM00017,PF001,151.51
CONTR000195,2025-03-31,MEM00017,PF001,170.85
CONTR000196,2025-04-30,MEM00017,PF001,158.93
CONTR000197,2025-05-31,MEM00017,PF001,162.06
CONTR000198,2025-06-30,MEM00017,PF001,153.59
CONTR000199,2025-07-31,MEM00017,PF001,155.74
CONTR000200,2025-08-31,MEM00017,PF001,151.14
CONTR000201,2025-09-30,MEM00017,PF001,151.97
CONTR000202,2025-10-31,MEM00017,PF001,171.0
CONTR000203,2025-11-30,MEM00017,PF001,173.55
CONTR000204,2025-12-31,MEM00017,PF001,151.16
CONTR000205,2025-01-31,MEM00018,PF001,466.4
CONTR000206,2025-02-28,MEM00018,PF001,437.31
CONTR000207,2025-03-31,MEM00018,PF001,459.58
CONTR000208,2025-04-30,MEM00018,PF001,478.24
CONTR000209,2025-05-31,MEM00018,PF001,436.73
CONTR000210,2025-06-30,MEM00018,PF001,455.64
CONTR000211,2025-07-31,MEM00018,PF001,465.15
CONTR000212,2025-08-31,MEM00018,PF001,482.89
CONTR000213,2025-09-30,MEM00018,PF001,507.02
CONTR000214,2025-10-31,MEM00018,PF001,439.33
CONTR000215,2025-11-30,MEM00018,PF001,500.32
CONTR000216,2025-12-31,MEM00018,PF001,446.99
CONTR000217,2025-01-31,MEM00019,PF001,377.92
CONTR000218,2025-02-28,MEM00019,PF001,344.35
CONTR000219,2025-03-31,MEM00019,PF001,384.58
CONTR000220,2025-04-30,MEM00019,PF001,378.28
CONTR000221,2025-05-31,MEM00019,PF001,376.16
CONTR000222,2025-06-30,MEM00019,PF001,349.44
CONTR000223,2025-07-31,MEM00019,PF001,376.36
CONTR000224,2025-08-31,MEM00019,PF001,339.28
CONTR000225,2025-09-30,MEM00019,PF001,343.17
CONTR000226,2025-10-31,MEM00019,PF001,352.5
CONTR000227,2025-11-30,MEM00019,PF001,371.05
CONTR000228,2025-12-31,MEM00019,PF001,377.51
CONTR000229,2025-01-31,MEM00020,PF001,240.46
CONTR000230,2025-02-28,MEM00020,PF001,264.94
CONTR000231,2025-03-31,MEM00020,PF001,230.4
CONTR000232,2025-04-30,MEM00020,PF001,267.41
CONTR000233,2025-05-31,MEM00020,PF001,250.91
CONTR000234,2025-06-30,MEM00020,PF001,266.67
CONTR000235,2025-07-31,MEM00020,PF001,244.64
CONTR000236,2025-08-31,MEM00020,PF001,254.58
CONTR000237,2025-09-30,MEM00020,PF001,238.12
CONTR000238,2025-10-31,MEM00020,PF001,265.04
CONTR000239,2025-11-30,MEM00020,PF001,241.31
CONTR000240,2025-12-31,MEM00020,PF001,230.09
CONTR000241,2025-01-31,MEM00021,PF001,565.99
CONTR000242,2025-02-28,MEM00021,PF001,518.58
CONTR000243,2025-03-31,MEM00021,PF001,554.19
CONTR000244,2025-04-30,MEM00021,PF001,522.11
CONTR000245,2025-05-31,MEM00021,PF001,555.24
CONTR000246,2025-06-30,MEM00021,PF001,521.25
CONTR000247,2025-07-31,MEM00021,PF001,528.31
CONTR000248,2025-08-31,MEM00021,PF001,523.56
CONTR000249,2025-09-30,MEM00021,PF001,502.7
CONTR000250,2025-10-31,MEM00021,PF001,577.72
CONTR000251,2025-11-30,MEM00021,PF001,521.78
CONTR000252,2025-12-31,MEM00021,PF001,573.32
CONTR000253,2025-01-31,MEM00022,PF001,473.17
CONTR000254,2025-02-28,MEM00022,PF001,457.38
CONTR000255,2025-03-31,MEM00022,PF001,500.73
CONTR000256,2025-04-30,MEM00022,PF001,446.46
CONTR000257,2025-05-31,MEM00022,PF001,512.13
CONTR000258,2025-06-30,MEM00022,PF001,492.92
CONTR000259,2025-07-31,MEM00022,PF001,495.09
CONTR000260,2025-08-31,MEM00022,PF001,445.69
CONTR000261,2025-09-30,MEM00022,PF001,496.71
CONTR000262,2025-10-31,MEM00022,PF001,491.32
CONTR000263,2025-11-30,MEM00022,PF001,449.34
CONTR000264,2025-12-31,MEM00022,PF001,491.12
CONTR000265,2025-01-31,MEM00023,PF001,484.76
CONTR000266,2025-02-28,MEM00023,PF001,476.62
CONTR000267,2025-03-31,MEM00023,PF001,509.99
CONTR000268,2025-04-30,MEM00023,PF001,530.22
CONTR000269,2025-05-31,MEM00023,PF001,496.36
CONTR000270,2025-06-30,MEM00023,PF001,456.87
CONTR000271,2025-07-31,MEM00023,PF001,494.18
CONTR000272,2025-08-31,MEM00023,PF001,465.17
CONTR000273,2025-09-30,MEM00023,PF001,471.94
CONTR000274,2025-10-31,MEM00023,PF001,498.86
CONTR000275,2025-11-30,MEM00023,PF001,467.76
CONTR000276,2025-12-31,MEM00023,PF001,487.35
CONTR000277,2025-01-31,MEM00024,PF001,513.45
CONTR000278,2025-02-28,MEM00024,PF001,541.86
CONTR000279,2025-03-31,MEM00024,PF001,497.94
CONTR000280,2025-04-30,MEM00024,PF001,536.84
CONTR000281,2025-05-31,MEM00024,PF001,495.92
CONTR000282,2025-06-30,MEM00024,PF001,559.65
CONTR000283,2025-07-31,MEM00024,PF001,567.05
CONTR000284,2025-08-31,MEM00024,PF001,572.8
CONTR000285,2025-09-30,MEM00024,PF001,538.44
CONTR000286,2025-10-31,MEM00024,PF001,505.02
CONTR000287,2025-11-30,MEM00024,PF001,520.31
CONTR000288,2025-12-31,MEM00024,PF001,540.7
CONTR000289,2025-01-31,MEM00025,PF001,275.78
CONTR000290,2025-02-28,MEM00025,PF001,289.41
CONTR000291,2025-03-31,MEM00025,PF001,261.76
CONTR000292,2025-04-30,MEM00025,PF001,274.45
CONTR000293,2025-05-31,MEM00025,PF001,292.34
CONTR000294,2025-06-30,MEM00025,PF001,291.96
CONTR000295,2025-07-31,MEM00025,PF001,287.46
CONTR000296,2025-08-31,MEM00025,PF001,271.71
CONTR000297,2025-09-30,MEM00025,PF001,277.96
CONTR000298,2025-10-31,MEM00025,PF001,264.71
CONTR000299,2025-11-30,MEM00025,PF001,278.98
CONTR000300,2025-12-31,MEM00025,PF001,302.43
CONTR000301,2025-01-31,MEM00026,PF001,603.73
CONTR000302,2025-02-28,MEM00026,PF001,614.07
CONTR000303,2025-03-31,MEM00026,PF001,642.0
CONTR000304,2025-04-30,MEM00026,PF001,657.68
CONTR000305,2025-05-31,MEM00026,PF001,668.93
CONTR000306,2025-06-30,MEM00026,PF001,600.75
CONTR000307,2025-07-31,MEM00026,PF001,653.28
CONTR000308,2025-08-31,MEM00026,PF001,666.43
CONTR000309,2025-09-30,MEM00026,PF001,665.91
CONTR000310,2025-10-31,MEM00026,PF001,587.8
CONTR000311,2025-11-30,MEM00026,PF001,622.96
CONTR000312,2025-12-31,MEM00026,PF001,605.57
CONTR000313,2025-01-31,MEM00027,PF001,950.07
CONTR000314,2025-02-28,MEM00027,PF001,995.92
CONTR000315,2025-03-31,MEM00027,PF001,1027.13
CONTR000316,2025-04-30,MEM00027,PF001,1000.89
CONTR000317,2025-05-31,MEM00027,PF001,1022.79
CONTR000318,2025-06-30,MEM00027,PF001,1045.6
CONTR000319,2025-07-31,MEM00027,PF001,971.08
CONTR000320,2025-08-31,MEM00027,PF001,970.95
CONTR000321,2025-09-30,MEM00027,PF001,974.15
CONTR000322,2025-10-31,MEM00027,PF001,959.61
CONTR000323,2025-11-30,MEM00027,PF001,1083.97
CONTR000324,2025-12-31,MEM00027,PF001,1091.83
CONTR000325,2025-01-31,MEM00028,PF001,290.62
CONTR000326,2025-02-28,MEM00028,PF001,286.45
CONTR000327,2025-03-31,MEM00028,PF001,315.82
CONTR000328,2025-04-30,MEM00028,PF001,303.41
CONTR000329,2025-05-31,MEM00028,PF001,324.0
CONTR000330,2025-06-30,MEM00028,PF001,289.06
CONTR000331,2025-07-31,MEM00028,PF001,302.09
CONTR000332,2025-08-31,MEM00028,PF001,311.62
CONTR000333,2025-09-30,MEM00028,PF001,316.37
CONTR000334,2025-10-31,MEM00028,PF001,287.1
CONTR000335,2025-11-30,MEM00028,PF001,300.46
CONTR000336,2025-12-31,MEM00028,PF001,294.25
CONTR000337,2025-01-31,MEM00029,PF001,520.57
CONTR000338,2025-02-28,MEM00029,PF001,562.21
CONTR000339,2025-03-31,MEM00029,PF001,543.59
CONTR000340,2025-04-30,MEM00029,PF001,542.97
CONTR000341,2025-05-31,MEM00029,PF001,527.2
CONTR000342,2025-06-30,MEM00029,PF001,496.31
CONTR000343,2025-07-31,MEM00029,PF001,526.75
CONTR000344,2025-08-31,MEM00029,PF001,479.76
CONTR000345,2025-09-30,MEM00029,PF001,498.1
CONTR000346,2025-10-31,MEM00029,PF001,504.36
CONTR000347,2025-11-30,MEM00029,PF001,484.77
CONTR000348,2025-12-31,MEM00029,PF001,506.86
CONTR000349,2025-01-31,MEM00030,PF001,365.91
CONTR000350,2025-02-28,MEM00030,PF001,346.08
CONTR000351,2025-03-31,MEM00030,PF001,377.47
CONTR000352,2025-04-30,MEM00030,PF001,343.33
CONTR000353,2025-05-31,MEM00030,PF001,347.63
CONTR000354,2025-06-30,MEM00030,PF001,344.08
CONTR000355,2025-07-31,MEM00030,PF001,373.89
CONTR000356,2025-08-31,MEM00030,PF001,331.55
CONTR000357,2025-09-30,MEM00030,PF001,378.14
CONTR000358,2025-10-31,MEM00030,PF001,378.33
CONTR000359,2025-11-30,MEM00030,PF001,373.59
CONTR000360,2025-12-31,MEM00030,PF001,365.38
CONTR000361,2025-01-31,MEM00031,PF002,604.34
CONTR000362,2025-02-28,MEM00031,PF002,614.79
CONTR000363,2025-03-31,MEM00031,PF002,605.29
CONTR000364,2025-04-30,MEM00031,PF002,605.93
CONTR000365,2025-05-31,MEM00031,PF002,561.9
CONTR000366,2025-06-30,MEM00031,PF002,562.77
CONTR000367,2025-07-31,MEM00031,PF002,573.03
CONTR000368,2025-08-31,MEM00031,PF002,625.09
CONTR000369,2025-09-30,MEM00031,PF002,588.92
CONTR000370,2025-10-31,MEM00031,PF002,577.68
CONTR000371,2025-11-30,MEM00031,PF002,554.82
CONTR000372,2025-12-31,MEM00031,PF002,557.24
CONTR000373,2025-01-31,MEM00032,PF002,537.42
CONTR000374,2025-02-28,MEM00032,PF002,547.48
CONTR000375,2025-03-31,MEM00032,PF002,516.57
CONTR000376,2025-04-30,MEM00032,PF002,485.7
CONTR000377,2025-05-31,MEM00032,PF002,549.54
CONTR000378,2025-06-30,MEM00032,PF002,491.07
CONTR000379,2025-07-31,MEM00032,PF002,538.88
CONTR000380,2025-08-31,MEM00032,PF002,509.37
CONTR000381,2025-09-30,MEM00032,PF002,517.24
CONTR000382,2025-10-31,MEM00032,PF002,483.6
CONTR000383,2025-11-30,MEM00032,PF002,523.52
CONTR000384,2025-12-31,MEM00032,PF002,510.75
CONTR000385,2025-01-31,MEM00033,PF002,356.37
CONTR000386,2025-02-28,MEM00033,PF002,398.75
CONTR000387,2025-03-31,MEM00033,PF002,377.94
CONTR000388,2025-04-30,MEM00033,PF002,362.92
CONTR000389,2025-05-31,MEM00033,PF002,405.2
CONTR000390,2025-06-30,MEM00033,PF002,391.86
CONTR000391,2025-07-31,MEM00033,PF002,396.51
CONTR000392,2025-08-31,MEM00033,PF002,362.7
CONTR000393,2025-09-30,MEM00033,PF002,398.28
CONTR000394,2025-10-31,MEM00033,PF002,355.29
CONTR000395,2025-11-30,MEM00033,PF002,387.4
CONTR000396,2025-12-31,MEM00033,PF002,379.14
CONTR000397,2025-01-31,MEM00034,PF002,423.02
CONTR000398,2025-02-28,MEM00034,PF002,412.62
CONTR000399,2025-03-31,MEM00034,PF002,417.16
CONTR000400,2025-04-30,MEM00034,PF002,368.93
CONTR000401,2025-05-31,MEM00034,PF002,392.94
CONTR000402,2025-06-30,MEM00034,PF002,396.59
CONTR000403,2025-07-31,MEM00034,PF002,371.36
CONTR000404,2025-08-31,MEM00034,PF002,396.16
CONTR000405,2025-09-30,MEM00034,PF002,414.85
CONTR000406,2025-10-31,MEM00034,PF002,427.95
CONTR000407,2025-11-30,MEM00034,PF002,368.1
CONTR000408,2025-12-31,MEM00034,PF002,428.54
CONTR000409,2025-01-31,MEM00035,PF002,467.67
CONTR000410,2025-02-28,MEM00035,PF002,443.07
CONTR000411,2025-03-31,MEM00035,PF002,420.33
CONTR000412,2025-04-30,MEM00035,PF002,457.24
CONTR000413,2025-05-31,MEM00035,PF002,416.13
CONTR000414,2025-06-30,MEM00035,PF002,449.16
CONTR000415,2025-07-31,MEM00035,PF002,421.24
CONTR000416,2025-08-31,MEM00035,PF002,468.16
CONTR000417,2025-09-30,MEM00035,PF002,418.58
CONTR000418,2025-10-31,MEM00035,PF002,435.08
CONTR000419,2025-11-30,MEM00035,PF002,444.34
CONTR000420,2025-12-31,MEM00035,PF002,411.67
CONTR000421,2025-01-31,MEM00036,PF002,735.2
CONTR000422,2025-02-28,MEM00036,PF002,734.94
CONTR000423,2025-03-31,MEM00036,PF002,728.01
CONTR000424,2025-04-30,MEM00036,PF002,664.95
CONTR000425,2025-05-31,MEM00036,PF002,683.1
CONTR000426,2025-06-30,MEM00036,PF002,665.44
CONTR000427,2025-07-31,MEM00036,PF002,688.82
CONTR000428,2025-08-31,MEM00036,PF002,720.4
CONTR000429,2025-09-30,MEM00036,PF002,697.36
CONTR000430,2025-10-31,MEM00036,PF002,734.62
CONTR000431,2025-11-30,MEM00036,PF002,656.58
CONTR000432,2025-12-31,MEM00036,PF002,697.85
CONTR000433,2025-01-31,MEM00037,PF002,618.34
CONTR000434,2025-02-28,MEM00037,PF002,623.76
CONTR000435,2025-03-31,MEM00037,PF002,555.75
CONTR000436,2025-04-30,MEM00037,PF002,537.93
CONTR000437,2025-05-31,MEM00037,PF002,584.9
CONTR000438,2025-06-30,MEM00037,PF002,547.32
CONTR000439,2025-07-31,MEM00037,PF002,543.97
CONTR000440,2025-08-31,MEM00037,PF002,622.27
CONTR000441,2025-09-30,MEM00037,PF002,605.04
CONTR000442,2025-10-31,MEM00037,PF002,578.99
CONTR000443,2025-11-30,MEM00037,PF002,612.89
CONTR000444,2025-12-31,MEM00037,PF002,622.61
CONTR000445,2025-01-31,MEM00038,PF002,538.61
CONTR000446,2025-02-28,MEM00038,PF002,537.99
CONTR000447,2025-03-31,MEM00038,PF002,490.94
CONTR000448,2025-04-30,MEM00038,PF002,537.03
CONTR000449,2025-05-31,MEM00038,PF002,517.19
CONTR000450,2025-06-30,MEM00038,PF002,494.78
CONTR000451,2025-07-31,MEM00038,PF002,478.9
CONTR000452,2025-08-31,MEM00038,PF002,546.79
CONTR000453,2025-09-30,MEM00038,PF002,513.07
CONTR000454,2025-10-31,MEM00038,PF002,537.98
CONTR000455,2025-11-30,MEM00038,PF002,504.99
CONTR000456,2025-12-31,MEM00038,PF002,516.89
CONTR000457,2025-01-31,MEM00039,PF002,469.68
CONTR000458,2025-02-28,MEM00039,PF002,478.96
CONTR000459,2025-03-31,MEM00039,PF002,502.37
CONTR000460,2025-04-30,MEM00039,PF002,514.31
CONTR000461,2025-05-31,MEM00039,PF002,538.1
CONTR000462,2025-06-30,MEM00039,PF002,502.78
CONTR000463,2025-07-31,MEM00039,PF002,477.11
CONTR000464,2025-08-31,MEM00039,PF002,510.5
CONTR000465,2025-09-30,MEM00039,PF002,549.84
CONTR000466,2025-10-31,MEM00039,PF002,517.3
CONTR000467,2025-11-30,MEM00039,PF002,476.18
CONTR000468,2025-12-31,MEM00039,PF002,532.53
CONTR000469,2025-01-31,MEM00040,PF002,401.6
CONTR000470,2025-02-28,MEM00040,PF002,410.92
CONTR000471,2025-03-31,MEM00040,PF002,404.59
CONTR000472,2025-04-30,MEM00040,PF002,403.47
CONTR000473,2025-05-31,MEM00040,PF002,391.78
CONTR000474,2025-06-30,MEM00040,PF002,405.05
CONTR000475,2025-07-31,MEM00040,PF002,395.48
CONTR000476,2025-08-31,MEM00040,PF002,405.98
CONTR000477,2025-09-30,MEM00040,PF002,423.19
CONTR000478,2025-10-31,MEM00040,PF002,378.83
CONTR000479,2025-11-30,MEM00040,PF002,416.6
CONTR000480,2025-12-31,MEM00040,PF002,391.67
CONTR000481,2025-01-31,MEM00041,PF002,398.49
CONTR000482,2025-02-28,MEM00041,PF002,356.96
CONTR000483,2025-03-31,MEM00041,PF002,354.92
CONTR000484,2025-04-30,MEM00041,PF002,400.6
CONTR000485,2025-05-31,MEM00041,PF002,382.45
CONTR000486,2025-06-30,MEM00041,PF002,385.31
CONTR000487,2025-07-31,MEM00041,PF002,375.53
CONTR000488,2025-08-31,MEM00041,PF002,371.02
CONTR000489,2025-09-30,MEM00041,PF002,373.34
CONTR000490,2025-10-31,MEM00041,PF002,370.93
CONTR000491,2025-11-30,MEM00041,PF002,373.79
CONTR000492,2025-12-31,MEM00041,PF002,405.5
CONTR000493,2025-01-31,MEM00042,PF002,303.42
CONTR000494,2025-02-28,MEM00042,PF002,280.07
CONTR000495,2025-03-31,MEM00042,PF002,266.74
CONTR000496,2025-04-30,MEM00042,PF002,301.97
CONTR000497,2025-05-31,MEM00042,PF002,265.21
CONTR000498,2025-06-30,MEM00042,PF002,278.92
CONTR000499,2025-07-31,MEM00042,PF002,279.32
CONTR000500,2025-08-31,MEM00042,PF002,289.25
CONTR000501,2025-09-30,MEM00042,PF002,271.9
CONTR000502,2025-10-31,MEM00042,PF002,283.93
CONTR000503,2025-11-30,MEM00042,PF002,304.39
CONTR000504,2025-12-31,MEM00042,PF002,270.42
CONTR000505,2025-01-31,MEM00043,PF002,385.23
CONTR000506,2025-02-28,MEM00043,PF002,362.06
CONTR000507,2025-03-31,MEM00043,PF002,355.36
CONTR000508,2025-04-30,MEM00043,PF002,378.37
CONTR000509,2025-05-31,MEM00043,PF002,396.96
CONTR000510,2025-06-30,MEM00043,PF002,380.17
CONTR000511,2025-07-31,MEM00043,PF002,396.26
CONTR000512,2025-08-31,MEM00043,PF002,357.0
CONTR000513,2025-09-30,MEM00043,PF002,399.72
CONTR000514,2025-10-31,MEM00043,PF002,342.91
CONTR000515,2025-11-30,MEM00043,PF002,360.69
CONTR000516,2025-12-31,MEM00043,PF002,384.07
CONTR000517,2025-01-31,MEM00044,PF002,759.78
CONTR000518,2025-02-28,MEM00044,PF002,686.43
CONTR000519,2025-03-31,MEM00044,PF002,752.96
CONTR000520,2025-04-30,MEM00044,PF002,737.5
CONTR000521,2025-05-31,MEM00044,PF002,740.34
CONTR000522,2025-06-30,MEM00044,PF002,735.7
CONTR000523,2025-07-31,MEM00044,PF002,768.46
CONTR000524,2025-08-31,MEM00044,PF002,705.3
CONTR000525,2025-09-30,MEM00044,PF002,764.67
CONTR000526,2025-10-31,MEM00044,PF002,677.67
CONTR000527,2025-11-30,MEM00044,PF002,748.55
CONTR000528,2025-12-31,MEM00044,PF002,678.47
CONTR000529,2025-01-31,MEM00045,PF002,716.66
CONTR000530,2025-02-28,MEM00045,PF002,709.1
CONTR000531,2025-03-31,MEM00045,PF002,685.33
CONTR000532,2025-04-30,MEM00045,PF002,683.8
CONTR000533,2025-05-31,MEM00045,PF002,752.05
CONTR000534,2025-06-30,MEM00045,PF002,739.19
CONTR000535,2025-07-31,MEM00045,PF002,711.47
CONTR000536,2025-08-31,MEM00045,PF002,716.42
CONTR000537,2025-09-30,MEM00045,PF002,778.09
CONTR000538,2025-10-31,MEM00045,PF002,679.43
CONTR000539,2025-11-30,MEM00045,PF002,737.73
CONTR000540,2025-12-31,MEM00045,PF002,744.22
CONTR000541,2025-01-31,MEM00046,PF002,716.42
CONTR000542,2025-02-28,MEM00046,PF002,830.95
CONTR000543,2025-03-31,MEM00046,PF002,827.5
CONTR000544,2025-04-30,MEM00046,PF002,733.46
CONTR000545,2025-05-31,MEM00046,PF002,832.91
CONTR000546,2025-06-30,MEM00046,PF002,784.76
CONTR000547,2025-07-31,MEM00046,PF002,729.89
CONTR000548,2025-08-31,MEM00046,PF002,825.03
CONTR000549,2025-09-30,MEM00046,PF002,815.37
CONTR000550,2025-10-31,MEM00046,PF002,776.97
CONTR000551,2025-11-30,MEM00046,PF002,822.78
CONTR000552,2025-12-31,MEM00046,PF002,807.0
CONTR000553,2025-01-31,MEM00047,PF002,841.85
CONTR000554,2025-02-28,MEM00047,PF002,768.78
CONTR000555,2025-03-31,MEM00047,PF002,867.79
CONTR000556,2025-04-30,MEM00047,PF002,821.68
CONTR000557,2025-05-31,MEM00047,PF002,822.3
CONTR000558,2025-06-30,MEM00047,PF002,798.33
CONTR000559,2025-07-31,MEM00047,PF002,793.11
CONTR000560,2025-08-31,MEM00047,PF002,866.23
CONTR000561,2025-09-30,MEM00047,PF002,853.39
CONTR000562,2025-10-31,MEM00047,PF002,873.21
CONTR000563,2025-11-30,MEM00047,PF002,871.42
CONTR000564,2025-12-31,MEM00047,PF002,771.55
CONTR000565,2025-01-31,MEM00048,PF002,289.03
CONTR000566,2025-02-28,MEM00048,PF002,291.22
CONTR000567,2025-03-31,MEM00048,PF002,282.09
CONTR000568,2025-04-30,MEM00048,PF002,253.92
CONTR000569,2025-05-31,MEM00048,PF002,282.32
CONTR000570,2025-06-30,MEM00048,PF002,287.79
CONTR000571,2025-07-31,MEM00048,PF002,276.83
CONTR000572,2025-08-31,MEM00048,PF002,292.76
CONTR000573,2025-09-30,MEM00048,PF002,262.17
CONTR000574,2025-10-31,MEM00048,PF002,296.15
CONTR000575,2025-11-30,MEM00048,PF002,282.15
CONTR000576,2025-12-31,MEM00048,PF002,265.98
CONTR000577,2025-01-31,MEM00049,PF002,407.85
CONTR000578,2025-02-28,MEM00049,PF002,366.91
CONTR000579,2025-03-31,MEM00049,PF002,409.88
CONTR000580,2025-04-30,MEM00049,PF002,423.11
CONTR000581,2025-05-31,MEM00049,PF002,377.43
CONTR000582,2025-06-30,MEM00049,PF002,414.67
CONTR000583,2025-07-31,MEM00049,PF002,369.67
CONTR000584,2025-08-31,MEM00049,PF002,375.91
CONTR000585,2025-09-30,MEM00049,PF002,414.88
CONTR000586,2025-10-31,MEM00049,PF002,423.5
CONTR000587,2025-11-30,MEM00049,PF002,376.76
CONTR000588,2025-12-31,MEM00049,PF002,422.1
CONTR000589,2025-01-31,MEM00050,PF002,672.49
CONTR000590,2025-02-28,MEM00050,PF002,656.74
CONTR000591,2025-03-31,MEM00050,PF002,695.72
CONTR000592,2025-04-30,MEM00050,PF002,671.01
CONTR000593,2025-05-31,MEM00050,PF002,664.89
CONTR000594,2025-06-30,MEM00050,PF002,757.52
CONTR000595,2025-07-31,MEM00050,PF002,692.81
CONTR000596,2025-08-31,MEM00050,PF002,704.14
CONTR000597,2025-09-30,MEM00050,PF002,739.24
CONTR000598,2025-10-31,MEM00050,PF002,755.59
CONTR000599,2025-11-30,MEM00050,PF002,680.22
CONTR000600,2025-12-31,MEM00050,PF002,667.81
CONTR000601,2025-01-31,MEM00051,PF002,649.0
CONTR000602,2025-02-28,MEM00051,PF002,633.3
CONTR000603,2025-03-31,MEM00051,PF002,632.93
CONTR000604,2025-04-30,MEM00051,PF002,655.15
CONTR000605,2025-05-31,MEM00051,PF002,672.37
CONTR000606,2025-06-30,MEM00051,PF002,667.72
CONTR000607,2025-07-31,MEM00051,PF002,583.59
CONTR000608,2025-08-31,MEM00051,PF002,610.45
CONTR000609,2025-09-30,MEM00051,PF002,584.43
CONTR000610,2025-10-31,MEM00051,PF002,656.17
CONTR000611,2025-11-30,MEM00051,PF002,647.79
CONTR000612,2025-12-31,MEM00051,PF002,599.58
CONTR000613,2025-01-31,MEM00052,PF002,631.56
CONTR000614,2025-02-28,MEM00052,PF002,693.19
CONTR000615,2025-03-31,MEM00052,PF002,653.54
CONTR000616,2025-04-30,MEM00052,PF002,664.65
CONTR000617,2025-05-31,MEM00052,PF002,713.98
CONTR000618,2025-06-30,MEM00052,PF002,638.96
CONTR000619,2025-07-31,MEM00052,PF002,629.21
CONTR000620,2025-08-31,MEM00052,PF002,709.09
CONTR000621,2025-09-30,MEM00052,PF002,690.17
CONTR000622,2025-10-31,MEM00052,PF002,627.09
CONTR000623,2025-11-30,MEM00052,PF002,627.71
CONTR000624,2025-12-31,MEM00052,PF002,622.92
CONTR000625,2025-01-31,MEM00053,PF002,488.64
CONTR000626,2025-02-28,MEM00053,PF002,524.61
CONTR000627,2025-03-31,MEM00053,PF002,535.99
CONTR000628,2025-04-30,MEM00053,PF002,520.9
CONTR000629,2025-05-31,MEM00053,PF002,488.46
CONTR000630,2025-06-30,MEM00053,PF002,474.34
CONTR000631,2025-07-31,MEM00053,PF002,513.02
CONTR000632,2025-08-31,MEM00053,PF002,501.23
CONTR000633,2025-09-30,MEM00053,PF002,491.38
CONTR000634,2025-10-31,MEM00053,PF002,476.44
CONTR000635,2025-11-30,MEM00053,PF002,484.4
CONTR000636,2025-12-31,MEM00053,PF002,485.61
CONTR000637,2025-01-31,MEM00054,PF002,420.13
CONTR000638,2025-02-28,MEM00054,PF002,396.85
CONTR000639,2025-03-31,MEM00054,PF002,419.9
CONTR000640,2025-04-30,MEM00054,PF002,406.69
CONTR000641,2025-05-31,MEM00054,PF002,412.01
CONTR000642,2025-06-30,MEM00054,PF002,394.31
CONTR000643,2025-07-31,MEM00054,PF002,391.83
CONTR000644,2025-08-31,MEM00054,PF002,448.75
CONTR000645,2025-09-30,MEM00054,PF002,450.59
CONTR000646,2025-10-31,MEM00054,PF002,397.57
CONTR000647,2025-11-30,MEM00054,PF002,445.08
CONTR000648,2025-12-31,MEM00054,PF002,413.63
CONTR000649,2025-01-31,MEM00055,PF002,469.36
CONTR000650,2025-02-28,MEM00055,PF002,407.36
CONTR000651,2025-03-31,MEM00055,PF002,447.65
CONTR000652,2025-04-30,MEM00055,PF002,425.75
CONTR000653,2025-05-31,MEM00055,PF002,449.52
CONTR000654,2025-06-30,MEM00055,PF002,417.52
CONTR000655,2025-07-31,MEM00055,PF002,456.31
CONTR000656,2025-08-31,MEM00055,PF002,434.26
CONTR000657,2025-09-30,MEM00055,PF002,430.98
CONTR000658,2025-10-31,MEM00055,PF002,469.0
CONTR000659,2025-11-30,MEM00055,PF002,414.24
CONTR000660,2025-12-31,MEM00055,PF002,474.74
CONTR000661,2025-01-31,MEM00056,PF002,645.92
CONTR000662,2025-02-28,MEM00056,PF002,649.76
CONTR000663,2025-03-31,MEM00056,PF002,714.54
CONTR000664,2025-04-30,MEM00056,PF002,714.75
CONTR000665,2025-05-31,MEM00056,PF002,735.13
CONTR000666,2025-06-30,MEM00056,PF002,643.56
CONTR000667,2025-07-31,MEM00056,PF002,725.43
CONTR000668,2025-08-31,MEM00056,PF002,692.42
CONTR000669,2025-09-30,MEM00056,PF002,638.76
CONTR000670,2025-10-31,MEM00056,PF002,633.08
CONTR000671,2025-11-30,MEM00056,PF002,713.32
CONTR000672,2025-12-31,MEM00056,PF002,708.87
CONTR000673,2025-01-31,MEM00057,PF002,280.22
CONTR000674,2025-02-28,MEM00057,PF002,321.33
CONTR000675,2025-03-31,MEM00057,PF002,280.6
CONTR000676,2025-04-30,MEM00057,PF002,288.84
CONTR000677,2025-05-31,MEM00057,PF002,296.22
CONTR000678,2025-06-30,MEM00057,PF002,292.79
CONTR000679,2025-07-31,MEM00057,PF002,290.65
CONTR000680,2025-08-31,MEM00057,PF002,323.62
CONTR000681,2025-09-30,MEM00057,PF002,299.93
CONTR000682,2025-10-31,MEM00057,PF002,297.02
CONTR000683,2025-11-30,MEM00057,PF002,307.09
CONTR000684,2025-12-31,MEM00057,PF002,292.91
CONTR000685,2025-01-31,MEM00058,PF002,433.1
CONTR000686,2025-02-28,MEM00058,PF002,486.61
CONTR000687,2025-03-31,MEM00058,PF002,445.78
CONTR000688,2025-04-30,MEM00058,PF002,486.01
CONTR000689,2025-05-31,MEM00058,PF002,453.27
CONTR000690,2025-06-30,MEM00058,PF002,495.47
CONTR000691,2025-07-31,MEM00058,PF002,449.37
CONTR000692,2025-08-31,MEM00058,PF002,475.1
CONTR000693,2025-09-30,MEM00058,PF002,471.58
CONTR000694,2025-10-31,MEM00058,PF002,460.18
CONTR000695,2025-11-30,MEM00058,PF002,495.47
CONTR000696,2025-12-31,MEM00058,PF002,468.48
CONTR000697,2025-01-31,MEM00059,PF002,190.51
CONTR000698,2025-02-28,MEM00059,PF002,200.88
CONTR000699,2025-03-31,MEM00059,PF002,200.94
CONTR000700,2025-04-30,MEM00059,PF002,203.6
CONTR000701,2025-05-31,MEM00059,PF002,211.98
CONTR000702,2025-06-30,MEM00059,PF002,204.05
CONTR000703,2025-07-31,MEM00059,PF002,205.16
CONTR000704,2025-08-31,MEM00059,PF002,204.96
CONTR000705,2025-09-30,MEM00059,PF002,192.73
CONTR000706,2025-10-31,MEM00059,PF002,206.76
CONTR000707,2025-11-30,MEM00059,PF002,195.28
CONTR000708,2025-12-31,MEM00059,PF002,193.81
CONTR000709,2025-01-31,MEM00060,PF002,412.38
CONTR000710,2025-02-28,MEM00060,PF002,380.22
CONTR000711,2025-03-31,MEM00060,PF002,434.79
CONTR000712,2025-04-30,MEM00060,PF002,425.82
CONTR000713,2025-05-31,MEM00060,PF002,392.46
CONTR000714,2025-06-30,MEM00060,PF002,398.08
CONTR000715,2025-07-31,MEM00060,PF002,411.09
CONTR000716,2025-08-31,MEM00060,PF002,398.76
CONTR000717,2025-09-30,MEM00060,PF002,419.96
CONTR000718,2025-10-31,MEM00060,PF002,424.12
CONTR000719,2025-11-30,MEM00060,PF002,401.8
CONTR000720,2025-12-31,MEM00060,PF002,402.91
CONTR000721,2025-01-31,MEM00061,PF003,299.94
CONTR000722,2025-02-28,MEM00061,PF003,274.03
CONTR000723,2025-03-31,MEM00061,PF003,292.99
CONTR000724,2025-04-30,MEM00061,PF003,293.92
CONTR000725,2025-05-31,MEM00061,PF003,276.68
CONTR000726,2025-06-30,MEM00061,PF003,275.62
CONTR000727,2025-07-31,MEM00061,PF003,272.23
CONTR000728,2025-08-31,MEM00061,PF003,288.71
CONTR000729,2025-09-30,MEM00061,PF003,305.88
CONTR000730,2025-10-31,MEM00061,PF003,283.02
CONTR000731,2025-11-30,MEM00061,PF003,282.47
CONTR000732,2025-12-31,MEM00061,PF003,264.12
CONTR000733,2025-01-31,MEM00062,PF003,478.46
CONTR000734,2025-02-28,MEM00062,PF003,460.24
CONTR000735,2025-03-31,MEM00062,PF003,460.82
CONTR000736,2025-04-30,MEM00062,PF003,466.91
CONTR000737,2025-05-31,MEM00062,PF003,478.43
CONTR000738,2025-06-30,MEM00062,PF003,483.01
CONTR000739,2025-07-31,MEM00062,PF003,480.16
CONTR000740,2025-08-31,MEM00062,PF003,484.76
CONTR000741,2025-09-30,MEM00062,PF003,495.76
CONTR000742,2025-10-31,MEM00062,PF003,465.62
CONTR000743,2025-11-30,MEM00062,PF003,464.36
CONTR000744,2025-12-31,MEM00062,PF003,515.06
CONTR000745,2025-01-31,MEM00063,PF003,333.83
CONTR000746,2025-02-28,MEM00063,PF003,357.2
CONTR000747,2025-03-31,MEM00063,PF003,315.5
CONTR000748,2025-04-30,MEM00063,PF003,358.83
CONTR000749,2025-05-31,MEM00063,PF003,333.86
CONTR000750,2025-06-30,MEM00063,PF003,312.94
CONTR000751,2025-07-31,MEM00063,PF003,336.61
CONTR000752,2025-08-31,MEM00063,PF003,319.99
CONTR000753,2025-09-30,MEM00063,PF003,329.36
CONTR000754,2025-10-31,MEM00063,PF003,306.99
CONTR000755,2025-11-30,MEM00063,PF003,335.95
CONTR000756,2025-12-31,MEM00063,PF003,334.19
CONTR000757,2025-01-31,MEM00064,PF003,282.88
CONTR000758,2025-02-28,MEM00064,PF003,312.1
CONTR000759,2025-03-31,MEM00064,PF003,291.73
CONTR000760,2025-04-30,MEM00064,PF003,285.13
CONTR000761,2025-05-31,MEM00064,PF003,303.65
CONTR000762,2025-06-30,MEM00064,PF003,280.41
CONTR000763,2025-07-31,MEM00064,PF003,284.21
CONTR000764,2025-08-31,MEM00064,PF003,272.31
CONTR000765,2025-09-30,MEM00064,PF003,285.82
CONTR000766,2025-10-31,MEM00064,PF003,284.83
CONTR000767,2025-11-30,MEM00064,PF003,286.18
CONTR000768,2025-12-31,MEM00064,PF003,290.29
CONTR000769,2025-01-31,MEM00065,PF003,569.98
CONTR000770,2025-02-28,MEM00065,PF003,631.93
CONTR000771,2025-03-31,MEM00065,PF003,599.51
CONTR000772,2025-04-30,MEM00065,PF003,630.3
CONTR000773,2025-05-31,MEM00065,PF003,612.03
CONTR000774,2025-06-30,MEM00065,PF003,615.02
CONTR000775,2025-07-31,MEM00065,PF003,626.8
CONTR000776,2025-08-31,MEM00065,PF003,585.83
CONTR000777,2025-09-30,MEM00065,PF003,559.42
CONTR000778,2025-10-31,MEM00065,PF003,605.56
CONTR000779,2025-11-30,MEM00065,PF003,566.12
CONTR000780,2025-12-31,MEM00065,PF003,571.53
CONTR000781,2025-01-31,MEM00066,PF003,503.78
CONTR000782,2025-02-28,MEM00066,PF003,535.1
CONTR000783,2025-03-31,MEM00066,PF003,568.66
CONTR000784,2025-04-30,MEM00066,PF003,540.22
CONTR000785,2025-05-31,MEM00066,PF003,578.44
CONTR000786,2025-06-30,MEM00066,PF003,578.84
CONTR000787,2025-07-31,MEM00066,PF003,564.49
CONTR000788,2025-08-31,MEM00066,PF003,519.72
CONTR000789,2025-09-30,MEM00066,PF003,574.85
CONTR000790,2025-10-31,MEM00066,PF003,521.26
CONTR000791,2025-11-30,MEM00066,PF003,509.4
CONTR000792,2025-12-31,MEM00066,PF003,547.47
CONTR000793,2025-01-31,MEM00067,PF003,488.95
CONTR000794,2025-02-28,MEM00067,PF003,496.85
CONTR000795,2025-03-31,MEM00067,PF003,499.02
CONTR000796,2025-04-30,MEM00067,PF003,525.14
CONTR000797,2025-05-31,MEM00067,PF003,532.69
CONTR000798,2025-06-30,MEM00067,PF003,521.01
CONTR000799,2025-07-31,MEM00067,PF003,488.88
CONTR000800,2025-08-31,MEM00067,PF003,518.42
CONTR000801,2025-09-30,MEM00067,PF003,490.68
CONTR000802,2025-10-31,MEM00067,PF003,553.28
CONTR000803,2025-11-30,MEM00067,PF003,508.56
CONTR000804,2025-12-31,MEM00067,PF003,547.32
CONTR000805,2025-01-31,MEM00068,PF003,270.76
CONTR000806,2025-02-28,MEM00068,PF003,302.43
CONTR000807,2025-03-31,MEM00068,PF003,272.86
CONTR000808,2025-04-30,MEM00068,PF003,286.06
CONTR000809,2025-05-31,MEM00068,PF003,268.65
CONTR000810,2025-06-30,MEM00068,PF003,286.82
CONTR000811,2025-07-31,MEM00068,PF003,262.42
CONTR000812,2025-08-31,MEM00068,PF003,287.34
CONTR000813,2025-09-30,MEM00068,PF003,268.6
CONTR000814,2025-10-31,MEM00068,PF003,304.45
CONTR000815,2025-11-30,MEM00068,PF003,270.11
CONTR000816,2025-12-31,MEM00068,PF003,288.34
CONTR000817,2025-01-31,MEM00069,PF003,447.73
CONTR000818,2025-02-28,MEM00069,PF003,430.73
CONTR000819,2025-03-31,MEM00069,PF003,466.52
CONTR000820,2025-04-30,MEM00069,PF003,419.58
CONTR000821,2025-05-31,MEM00069,PF003,454.55
CONTR000822,2025-06-30,MEM00069,PF003,436.39
CONTR000823,2025-07-31,MEM00069,PF003,431.57
CONTR000824,2025-08-31,MEM00069,PF003,456.85
CONTR000825,2025-09-30,MEM00069,PF003,407.12
CONTR000826,2025-10-31,MEM00069,PF003,405.51
CONTR000827,2025-11-30,MEM00069,PF003,446.1
CONTR000828,2025-12-31,MEM00069,PF003,459.0
CONTR000829,2025-01-31,MEM00070,PF003,188.8
CONTR000830,2025-02-28,MEM00070,PF003,185.24
CONTR000831,2025-03-31,MEM00070,PF003,195.14
CONTR000832,2025-04-30,MEM00070,PF003,193.96
CONTR000833,2025-05-31,MEM00070,PF003,211.59
CONTR000834,2025-06-30,MEM00070,PF003,206.38
CONTR000835,2025-07-31,MEM00070,PF003,197.01
CONTR000836,2025-08-31,MEM00070,PF003,193.56
CONTR000837,2025-09-30,MEM00070,PF003,189.54
CONTR000838,2025-10-31,MEM00070,PF003,202.34
CONTR000839,2025-11-30,MEM00070,PF003,183.72
CONTR000840,2025-12-31,MEM00070,PF003,184.15
CONTR000841,2025-01-31,MEM00071,PF003,552.36
CONTR000842,2025-02-28,MEM00071,PF003,516.72
CONTR000843,2025-03-31,MEM00071,PF003,559.43
CONTR000844,2025-04-30,MEM00071,PF003,541.98
CONTR000845,2025-05-31,MEM00071,PF003,485.1
CONTR000846,2025-06-30,MEM00071,PF003,529.26
CONTR000847,2025-07-31,MEM00071,PF003,526.91
CONTR000848,2025-08-31,MEM00071,PF003,485.14
CONTR000849,2025-09-30,MEM00071,PF003,517.17
CONTR000850,2025-10-31,MEM00071,PF003,527.16
CONTR000851,2025-11-30,MEM00071,PF003,549.27
CONTR000852,2025-12-31,MEM00071,PF003,505.49
CONTR000853,2025-01-31,MEM00072,PF003,186.84
CONTR000854,2025-02-28,MEM00072,PF003,186.87
CONTR000855,2025-03-31,MEM00072,PF003,207.5
CONTR000856,2025-04-30,MEM00072,PF003,185.7
CONTR000857,2025-05-31,MEM00072,PF003,202.5
CONTR000858,2025-06-30,MEM00072,PF003,188.48
CONTR000859,2025-07-31,MEM00072,PF003,178.99
CONTR000860,2025-08-31,MEM00072,PF003,202.35
CONTR000861,2025-09-30,MEM00072,PF003,181.2
CONTR000862,2025-10-31,MEM00072,PF003,196.24
CONTR000863,2025-11-30,MEM00072,PF003,202.65
CONTR000864,2025-12-31,MEM00072,PF003,196.7
CONTR000865,2025-01-31,MEM00073,PF003,899.79
CONTR000866,2025-02-28,MEM00073,PF003,917.23
CONTR000867,2025-03-31,MEM00073,PF003,856.37
CONTR000868,2025-04-30,MEM00073,PF003,883.0
CONTR000869,2025-05-31,MEM00073,PF003,860.6
CONTR000870,2025-06-30,MEM00073,PF003,914.68
CONTR000871,2025-07-31,MEM00073,PF003,906.06
CONTR000872,2025-08-31,MEM00073,PF003,927.08
CONTR000873,2025-09-30,MEM00073,PF003,926.91
CONTR000874,2025-10-31,MEM00073,PF003,900.07
CONTR000875,2025-11-30,MEM00073,PF003,913.63
CONTR000876,2025-12-31,MEM00073,PF003,898.35
CONTR000877,2025-01-31,MEM00074,PF003,886.0
CONTR000878,2025-02-28,MEM00074,PF003,884.88
CONTR000879,2025-03-31,MEM00074,PF003,828.57
CONTR000880,2025-04-30,MEM00074,PF003,787.57
CONTR000881,2025-05-31,MEM00074,PF003,894.86
CONTR000882,2025-06-30,MEM00074,PF003,882.01
CONTR000883,2025-07-31,MEM00074,PF003,805.38
CONTR000884,2025-08-31,MEM00074,PF003,831.73
CONTR000885,2025-09-30,MEM00074,PF003,892.3
CONTR000886,2025-10-31,MEM00074,PF003,873.44
CONTR000887,2025-11-30,MEM00074,PF003,905.21
CONTR000888,2025-12-31,MEM00074,PF003,831.8
CONTR000889,2025-01-31,MEM00075,PF003,800.97
CONTR000890,2025-02-28,MEM00075,PF003,734.88
CONTR000891,2025-03-31,MEM00075,PF003,736.51
CONTR000892,2025-04-30,MEM00075,PF003,811.68
CONTR000893,2025-05-31,MEM00075,PF003,791.04
CONTR000894,2025-06-30,MEM00075,PF003,761.44
CONTR000895,2025-07-31,MEM00075,PF003,752.13
CONTR000896,2025-08-31,MEM00075,PF003,715.17
CONTR000897,2025-09-30,MEM00075,PF003,704.22
CONTR000898,2025-10-31,MEM00075,PF003,741.6
CONTR000899,2025-11-30,MEM00075,PF003,795.55
CONTR000900,2025-12-31,MEM00075,PF003,769.5
CONTR000901,2025-01-31,MEM00076,PF003,428.85
CONTR000902,2025-02-28,MEM00076,PF003,469.48
CONTR000903,2025-03-31,MEM00076,PF003,485.26
CONTR000904,2025-04-30,MEM00076,PF003,493.63
CONTR000905,2025-05-31,MEM00076,PF003,437.63
CONTR000906,2025-06-30,MEM00076,PF003,435.67
CONTR000907,2025-07-31,MEM00076,PF003,467.81
CONTR000908,2025-08-31,MEM00076,PF003,487.84
CONTR000909,2025-09-30,MEM00076,PF003,440.52
CONTR000910,2025-10-31,MEM00076,PF003,438.92
CONTR000911,2025-11-30,MEM00076,PF003,452.31
CONTR000912,2025-12-31,MEM00076,PF003,477.43
CONTR000913,2025-01-31,MEM00077,PF003,857.92
CONTR000914,2025-02-28,MEM00077,PF003,805.74
CONTR000915,2025-03-31,MEM00077,PF003,841.96
CONTR000916,2025-04-30,MEM00077,PF003,850.04
CONTR000917,2025-05-31,MEM00077,PF003,918.74
CONTR000918,2025-06-30,MEM00077,PF003,896.74
CONTR000919,2025-07-31,MEM00077,PF003,877.98
CONTR000920,2025-08-31,MEM00077,PF003,926.34
CONTR000921,2025-09-30,MEM00077,PF003,815.82
CONTR000922,2025-10-31,MEM00077,PF003,831.74
CONTR000923,2025-11-30,MEM00077,PF003,860.33
CONTR000924,2025-12-31,MEM00077,PF003,879.25
CONTR000925,2025-01-31,MEM00078,PF003,847.31
CONTR000926,2025-02-28,MEM00078,PF003,832.49
CONTR000927,2025-03-31,MEM00078,PF003,919.51
CONTR000928,2025-04-30,MEM00078,PF003,915.55
CONTR000929,2025-05-31,MEM00078,PF003,933.74
CONTR000930,2025-06-30,MEM00078,PF003,941.93
CONTR000931,2025-07-31,MEM00078,PF003,960.94
CONTR000932,2025-08-31,MEM00078,PF003,952.5
CONTR000933,2025-09-30,MEM00078,PF003,941.95
CONTR000934,2025-10-31,MEM00078,PF003,874.71
CONTR000935,2025-11-30,MEM00078,PF003,959.51
CONTR000936,2025-12-31,MEM00078,PF003,913.48
CONTR000937,2025-01-31,MEM00079,PF003,371.66
CONTR000938,2025-02-28,MEM00079,PF003,352.72
CONTR000939,2025-03-31,MEM00079,PF003,331.28
CONTR000940,2025-04-30,MEM00079,PF003,384.74
CONTR000941,2025-05-31,MEM00079,PF003,359.62
CONTR000942,2025-06-30,MEM00079,PF003,384.63
CONTR000943,2025-07-31,MEM00079,PF003,334.3
CONTR000944,2025-08-31,MEM00079,PF003,375.95
CONTR000945,2025-09-30,MEM00079,PF003,376.78
CONTR000946,2025-10-31,MEM00079,PF003,360.65
CONTR000947,2025-11-30,MEM00079,PF003,360.83
CONTR000948,2025-12-31,MEM00079,PF003,372.1
CONTR000949,2025-01-31,MEM00080,PF003,496.84
CONTR000950,2025-02-28,MEM00080,PF003,517.62
CONTR000951,2025-03-31,MEM00080,PF003,509.06
CONTR000952,2025-04-30,MEM00080,PF003,510.92
CONTR000953,2025-05-31,MEM00080,PF003,468.91
CONTR000954,2025-06-30,MEM00080,PF003,504.9
CONTR000955,2025-07-31,MEM00080,PF003,454.93
CONTR000956,2025-08-31,MEM00080,PF003,458.92
CONTR000957,2025-09-30,MEM00080,PF003,496.65
CONTR000958,2025-10-31,MEM00080,PF003,454.79
CONTR000959,2025-11-30,MEM00080,PF003,482.61
CONTR000960,2025-12-31,MEM00080,PF003,502.89
CONTR000961,2025-01-31,MEM00081,PF003,601.35
CONTR000962,2025-02-28,MEM00081,PF003,580.82
CONTR000963,2025-03-31,MEM00081,PF003,576.92
CONTR000964,2025-04-30,MEM00081,PF003,561.82
CONTR000965,2025-05-31,MEM00081,PF003,592.13
CONTR000966,2025-06-30,MEM00081,PF003,580.45
CONTR000967,2025-07-31,MEM00081,PF003,573.17
CONTR000968,2025-08-31,MEM00081,PF003,608.68
CONTR000969,2025-09-30,MEM00081,PF003,649.12
CONTR000970,2025-10-31,MEM00081,PF003,641.96
CONTR000971,2025-11-30,MEM00081,PF003,600.87
CONTR000972,2025-12-31,MEM00081,PF003,645.2
CONTR000973,2025-01-31,MEM00082,PF003,729.15
CONTR000974,2025-02-28,MEM00082,PF003,732.94
CONTR000975,2025-03-31,MEM00082,PF003,818.43
CONTR000976,2025-04-30,MEM00082,PF003,774.16
CONTR000977,2025-05-31,MEM00082,PF003,835.43
CONTR000978,2025-06-30,MEM00082,PF003,768.9
CONTR000979,2025-07-31,MEM00082,PF003,800.6
CONTR000980,2025-08-31,MEM00082,PF003,755.7
CONTR000981,2025-09-30,MEM00082,PF003,794.6
CONTR000982,2025-10-31,MEM00082,PF003,800.29
CONTR000983,2025-11-30,MEM00082,PF003,756.98
CONTR000984,2025-12-31,MEM00082,PF003,828.58
CONTR000985,2025-01-31,MEM00083,PF003,304.59
CONTR000986,2025-02-28,MEM00083,PF003,339.43
CONTR000987,2025-03-31,MEM00083,PF003,333.28
CONTR000988,2025-04-30,MEM00083,PF003,322.82
CONTR000989,2025-05-31,MEM00083,PF003,313.2
CONTR000990,2025-06-30,MEM00083,PF003,306.78
CONTR000991,2025-07-31,MEM00083,PF003,348.48
CONTR000992,2025-08-31,MEM00083,PF003,311.21
CONTR000993,2025-09-30,MEM00083,PF003,354.36
CONTR000994,2025-10-31,MEM00083,PF003,343.0
CONTR000995,2025-11-30,MEM00083,PF003,313.76
CONTR000996,2025-12-31,MEM00083,PF003,342.78
CONTR000997,2025-01-31,MEM00084,PF003,842.59
CONTR000998,2025-02-28,MEM00084,PF003,910.83
CONTR000999,2025-03-31,MEM00084,PF003,947.65
CONTR001000,2025-04-30,MEM00084,PF003,874.56
CONTR001001,2025-05-31,MEM00084,PF003,942.03
CONTR001002,2025-06-30,MEM00084,PF003,935.09
CONTR001003,2025-07-31,MEM00084,PF003,959.27
CONTR001004,2025-08-31,MEM00084,PF003,856.32
CONTR001005,2025-09-30,MEM00084,PF003,860.31
CONTR001006,2025-10-31,MEM00084,PF003,942.33
CONTR001007,2025-11-30,MEM00084,PF003,847.84
CONTR001008,2025-12-31,MEM00084,PF003,905.69
CONTR001009,2025-01-31,MEM00085,PF003,340.38
CONTR001010,2025-02-28,MEM00085,PF003,336.12
CONTR001011,2025-03-31,MEM00085,PF003,351.66
CONTR001012,2025-04-30,MEM00085,PF003,305.86
CONTR001013,2025-05-31,MEM00085,PF003,307.65
CONTR001014,2025-06-30,MEM00085,PF003,321.16
CONTR001015,2025-07-31,MEM00085,PF003,346.43
CONTR001016,2025-08-31,MEM00085,PF003,312.06
CONTR001017,2025-09-30,MEM00085,PF003,344.19
CONTR001018,2025-10-31,MEM00085,PF003,311.97
CONTR001019,2025-11-30,MEM00085,PF003,306.14
CONTR001020,2025-12-31,MEM00085,PF003,311.71
CONTR001021,2025-01-31,MEM00086,PF003,650.12
CONTR001022,2025-02-28,MEM00086,PF003,696.95
CONTR001023,2025-03-31,MEM00086,PF003,649.33
CONTR001024,2025-04-30,MEM00086,PF003,701.08
CONTR001025,2025-05-31,MEM00086,PF003,736.86
CONTR001026,2025-06-30,MEM00086,PF003,740.68
CONTR001027,2025-07-31,MEM00086,PF003,704.21
CONTR001028,2025-08-31,MEM00086,PF003,664.91
CONTR001029,2025-09-30,MEM00086,PF003,730.5
CONTR001030,2025-10-31,MEM00086,PF003,730.6
CONTR001031,2025-11-30,MEM00086,PF003,637.21
CONTR001032,2025-12-31,MEM00086,PF003,693.21
CONTR001033,2025-01-31,MEM00087,PF003,512.38
CONTR001034,2025-02-28,MEM00087,PF003,577.36
CONTR001035,2025-03-31,MEM00087,PF003,547.43
CONTR001036,2025-04-30,MEM00087,PF003,574.77
CONTR001037,2025-05-31,MEM00087,PF003,591.35
CONTR001038,2025-06-30,MEM00087,PF003,562.56
CONTR001039,2025-07-31,MEM00087,PF003,535.2
CONTR001040,2025-08-31,MEM00087,PF003,548.04
CONTR001041,2025-09-30,MEM00087,PF003,571.35
CONTR001042,2025-10-31,MEM00087,PF003,560.76
CONTR001043,2025-11-30,MEM00087,PF003,533.37
CONTR001044,2025-12-31,MEM00087,PF003,523.58
CONTR001045,2025-01-31,MEM00088,PF003,539.44
CONTR001046,2025-02-28,MEM00088,PF003,508.93
CONTR001047,2025-03-31,MEM00088,PF003,547.81
CONTR001048,2025-04-30,MEM00088,PF003,513.43
CONTR001049,2025-05-31,MEM00088,PF003,539.86
CONTR001050,2025-06-30,MEM00088,PF003,506.96
CONTR001051,2025-07-31,MEM00088,PF003,537.93
CONTR001052,2025-08-31,MEM00088,PF003,551.53
CONTR001053,2025-09-30,MEM00088,PF003,549.69
CONTR001054,2025-10-31,MEM00088,PF003,502.45
CONTR001055,2025-11-30,MEM00088,PF003,501.62
CONTR001056,2025-12-31,MEM00088,PF003,560.16
CONTR001057,2025-01-31,MEM00089,PF003,592.49
CONTR001058,2025-02-28,MEM00089,PF003,546.54
CONTR001059,2025-03-31,MEM00089,PF003,544.48
CONTR001060,2025-04-30,MEM00089,PF003,549.28
CONTR001061,2025-05-31,MEM00089,PF003,596.5
CONTR001062,2025-06-30,MEM00089,PF003,543.57
CONTR001063,2025-07-31,MEM00089,PF003,538.95
CONTR001064,2025-08-31,MEM00089,PF003,607.62
CONTR001065,2025-09-30,MEM00089,PF003,586.88
CONTR001066,2025-10-31,MEM00089,PF003,586.53
CONTR001067,2025-11-30,MEM00089,PF003,528.49
CONTR001068,2025-12-31,MEM00089,PF003,595.33
CONTR001069,2025-01-31,MEM00090,PF003,369.31
CONTR001070,2025-02-28,MEM00090,PF003,348.39
CONTR001071,2025-03-31,MEM00090,PF003,378.9
CONTR001072,2025-04-30,MEM00090,PF003,335.73
CONTR001073,2025-05-31,MEM00090,PF003,343.1
CONTR001074,2025-06-30,MEM00090,PF003,377.07
CONTR001075,2025-07-31,MEM00090,PF003,387.24
CONTR001076,2025-08-31,MEM00090,PF003,356.97
CONTR001077,2025-09-30,MEM00090,PF003,377.24
CONTR001078,2025-10-31,MEM00090,PF003,351.39
CONTR001079,2025-11-30,MEM00090,PF003,364.15
CONTR001080,2025-12-31,MEM00090,PF003,356.47
CONTR001081,2025-01-31,MEM00091,PF004,782.57
CONTR001082,2025-02-28,MEM00091,PF004,796.23
CONTR001083,2025-03-31,MEM00091,PF004,773.47
CONTR001084,2025-04-30,MEM00091,PF004,854.0
CONTR001085,2025-05-31,MEM00091,PF004,818.44
CONTR001086,2025-06-30,MEM00091,PF004,832.8
CONTR001087,2025-07-31,MEM00091,PF004,871.84
CONTR001088,2025-08-31,MEM00091,PF004,854.53
CONTR001089,2025-09-30,MEM00091,PF004,804.03
CONTR001090,2025-10-31,MEM00091,PF004,849.79
CONTR001091,2025-11-30,MEM00091,PF004,836.5
CONTR001092,2025-12-31,MEM00091,PF004,798.29
CONTR001093,2025-01-31,MEM00092,PF004,920.65
CONTR001094,2025-02-28,MEM00092,PF004,829.69
CONTR001095,2025-03-31,MEM00092,PF004,893.66
CONTR001096,2025-04-30,MEM00092,PF004,934.82
CONTR001097,2025-05-31,MEM00092,PF004,890.84
CONTR001098,2025-06-30,MEM00092,PF004,914.88
CONTR001099,2025-07-31,MEM00092,PF004,914.53
CONTR001100,2025-08-31,MEM00092,PF004,929.83
CONTR001101,2025-09-30,MEM00092,PF004,945.98
CONTR001102,2025-10-31,MEM00092,PF004,888.47
CONTR001103,2025-11-30,MEM00092,PF004,902.4
CONTR001104,2025-12-31,MEM00092,PF004,910.21
CONTR001105,2025-01-31,MEM00093,PF004,611.0
CONTR001106,2025-02-28,MEM00093,PF004,634.89
CONTR001107,2025-03-31,MEM00093,PF004,643.71
CONTR001108,2025-04-30,MEM00093,PF004,594.14
CONTR001109,2025-05-31,MEM00093,PF004,623.86
CONTR001110,2025-06-30,MEM00093,PF004,631.45
CONTR001111,2025-07-31,MEM00093,PF004,663.33
CONTR001112,2025-08-31,MEM00093,PF004,649.91
CONTR001113,2025-09-30,MEM00093,PF004,680.92
CONTR001114,2025-10-31,MEM00093,PF004,593.17
CONTR001115,2025-11-30,MEM00093,PF004,620.68
CONTR001116,2025-12-31,MEM00093,PF004,624.58
CONTR001117,2025-01-31,MEM00094,PF004,362.22
CONTR001118,2025-02-28,MEM00094,PF004,376.51
CONTR001119,2025-03-31,MEM00094,PF004,367.51
CONTR001120,2025-04-30,MEM00094,PF004,358.58
CONTR001121,2025-05-31,MEM00094,PF004,373.1
CONTR001122,2025-06-30,MEM00094,PF004,370.59
CONTR001123,2025-07-31,MEM00094,PF004,361.27
CONTR001124,2025-08-31,MEM00094,PF004,372.9
CONTR001125,2025-09-30,MEM00094,PF004,333.77
CONTR001126,2025-10-31,MEM00094,PF004,328.05
CONTR001127,2025-11-30,MEM00094,PF004,349.12
CONTR001128,2025-12-31,MEM00094,PF004,381.49
CONTR001129,2025-01-31,MEM00095,PF004,331.76
CONTR001130,2025-02-28,MEM00095,PF004,302.44
CONTR001131,2025-03-31,MEM00095,PF004,286.68
CONTR001132,2025-04-30,MEM00095,PF004,319.84
CONTR001133,2025-05-31,MEM00095,PF004,308.35
CONTR001134,2025-06-30,MEM00095,PF004,315.3
CONTR001135,2025-07-31,MEM00095,PF004,329.39
CONTR001136,2025-08-31,MEM00095,PF004,318.89
CONTR001137,2025-09-30,MEM00095,PF004,314.26
CONTR001138,2025-10-31,MEM00095,PF004,291.57
CONTR001139,2025-11-30,MEM00095,PF004,306.52
CONTR001140,2025-12-31,MEM00095,PF004,292.66
CONTR001141,2025-01-31,MEM00096,PF004,391.89
CONTR001142,2025-02-28,MEM00096,PF004,372.22
CONTR001143,2025-03-31,MEM00096,PF004,370.67
CONTR001144,2025-04-30,MEM00096,PF004,379.58
CONTR001145,2025-05-31,MEM00096,PF004,395.64
CONTR001146,2025-06-30,MEM00096,PF004,368.05
CONTR001147,2025-07-31,MEM00096,PF004,350.39
CONTR001148,2025-08-31,MEM00096,PF004,383.3
CONTR001149,2025-09-30,MEM00096,PF004,364.16
CONTR001150,2025-10-31,MEM00096,PF004,390.93
CONTR001151,2025-11-30,MEM00096,PF004,384.24
CONTR001152,2025-12-31,MEM00096,PF004,408.3
CONTR001153,2025-01-31,MEM00097,PF004,571.21
CONTR001154,2025-02-28,MEM00097,PF004,625.99
CONTR001155,2025-03-31,MEM00097,PF004,615.54
CONTR001156,2025-04-30,MEM00097,PF004,642.0
CONTR001157,2025-05-31,MEM00097,PF004,658.39
CONTR001158,2025-06-30,MEM00097,PF004,593.69
CONTR001159,2025-07-31,MEM00097,PF004,649.69
CONTR001160,2025-08-31,MEM00097,PF004,606.23
CONTR001161,2025-09-30,MEM00097,PF004,643.6
CONTR001162,2025-10-31,MEM00097,PF004,634.68
CONTR001163,2025-11-30,MEM00097,PF004,624.15
CONTR001164,2025-12-31,MEM00097,PF004,581.95
CONTR001165,2025-01-31,MEM00098,PF004,636.46
CONTR001166,2025-02-28,MEM00098,PF004,622.85
CONTR001167,2025-03-31,MEM00098,PF004,710.78
CONTR001168,2025-04-30,MEM00098,PF004,703.46
CONTR001169,2025-05-31,MEM00098,PF004,640.51
CONTR001170,2025-06-30,MEM00098,PF004,636.13
CONTR001171,2025-07-31,MEM00098,PF004,696.47
CONTR001172,2025-08-31,MEM00098,PF004,648.07
CONTR001173,2025-09-30,MEM00098,PF004,702.37
CONTR001174,2025-10-31,MEM00098,PF004,701.93
CONTR001175,2025-11-30,MEM00098,PF004,671.04
CONTR001176,2025-12-31,MEM00098,PF004,654.49
CONTR001177,2025-01-31,MEM00099,PF004,604.55
CONTR001178,2025-02-28,MEM00099,PF004,577.51
CONTR001179,2025-03-31,MEM00099,PF004,562.3
CONTR001180,2025-04-30,MEM00099,PF004,609.31
CONTR001181,2025-05-31,MEM00099,PF004,582.1
CONTR001182,2025-06-30,MEM00099,PF004,580.6
CONTR001183,2025-07-31,MEM00099,PF004,605.99
CONTR001184,2025-08-31,MEM00099,PF004,608.07
CONTR001185,2025-09-30,MEM00099,PF004,558.79
CONTR001186,2025-10-31,MEM00099,PF004,594.02
CONTR001187,2025-11-30,MEM00099,PF004,603.96
CONTR001188,2025-12-31,MEM00099,PF004,564.81
CONTR001189,2025-01-31,MEM00100,PF004,691.84
CONTR001190,2025-02-28,MEM00100,PF004,629.91
CONTR001191,2025-03-31,MEM00100,PF004,646.03
CONTR001192,2025-04-30,MEM00100,PF004,645.13
CONTR001193,2025-05-31,MEM00100,PF004,703.72
CONTR001194,2025-06-30,MEM00100,PF004,698.48
CONTR001195,2025-07-31,MEM00100,PF004,707.55
CONTR001196,2025-08-31,MEM00100,PF004,684.42
CONTR001197,2025-09-30,MEM00100,PF004,727.1
CONTR001198,2025-10-31,MEM00100,PF004,668.59
CONTR001199,2025-11-30,MEM00100,PF004,699.21
CONTR001200,2025-12-31,MEM00100,PF004,717.59
CONTR001201,2025-01-31,MEM00101,PF004,461.92
CONTR001202,2025-02-28,MEM00101,PF004,496.18
CONTR001203,2025-03-31,MEM00101,PF004,466.86
CONTR001204,2025-04-30,MEM00101,PF004,490.23
CONTR001205,2025-05-31,MEM00101,PF004,495.9
CONTR001206,2025-06-30,MEM00101,PF004,445.63
CONTR001207,2025-07-31,MEM00101,PF004,489.26
CONTR001208,2025-08-31,MEM00101,PF004,465.64
CONTR001209,2025-09-30,MEM00101,PF004,463.99
CONTR001210,2025-10-31,MEM00101,PF004,473.12
CONTR001211,2025-11-30,MEM00101,PF004,499.02
CONTR001212,2025-12-31,MEM00101,PF004,468.53
CONTR001213,2025-01-31,MEM00102,PF004,513.78
CONTR001214,2025-02-28,MEM00102,PF004,508.28
CONTR001215,2025-03-31,MEM00102,PF004,568.55
CONTR001216,2025-04-30,MEM00102,PF004,502.27
CONTR001217,2025-05-31,MEM00102,PF004,542.33
CONTR001218,2025-06-30,MEM00102,PF004,525.77
CONTR001219,2025-07-31,MEM00102,PF004,567.48
CONTR001220,2025-08-31,MEM00102,PF004,532.11
CONTR001221,2025-09-30,MEM00102,PF004,560.75
CONTR001222,2025-10-31,MEM00102,PF004,523.54
CONTR001223,2025-11-30,MEM00102,PF004,536.22
CONTR001224,2025-12-31,MEM00102,PF004,513.14
CONTR001225,2025-01-31,MEM00103,PF004,397.5
CONTR001226,2025-02-28,MEM00103,PF004,455.8
CONTR001227,2025-03-31,MEM00103,PF004,461.97
CONTR001228,2025-04-30,MEM00103,PF004,457.69
CONTR001229,2025-05-31,MEM00103,PF004,457.05
CONTR001230,2025-06-30,MEM00103,PF004,440.88
CONTR001231,2025-07-31,MEM00103,PF004,457.31
CONTR001232,2025-08-31,MEM00103,PF004,427.09
CONTR001233,2025-09-30,MEM00103,PF004,419.48
CONTR001234,2025-10-31,MEM00103,PF004,419.24
CONTR001235,2025-11-30,MEM00103,PF004,403.87
CONTR001236,2025-12-31,MEM00103,PF004,457.81
CONTR001237,2025-01-31,MEM00104,PF004,543.56
CONTR001238,2025-02-28,MEM00104,PF004,607.86
CONTR001239,2025-03-31,MEM00104,PF004,544.38
CONTR001240,2025-04-30,MEM00104,PF004,585.58
CONTR001241,2025-05-31,MEM00104,PF004,623.86
CONTR001242,2025-06-30,MEM00104,PF004,540.8
CONTR001243,2025-07-31,MEM00104,PF004,553.97
CONTR001244,2025-08-31,MEM00104,PF004,600.41
CONTR001245,2025-09-30,MEM00104,PF004,554.12
CONTR001246,2025-10-31,MEM00104,PF004,619.29
CONTR001247,2025-11-30,MEM00104,PF004,555.17
CONTR001248,2025-12-31,MEM00104,PF004,628.3
CONTR001249,2025-01-31,MEM00105,PF004,675.43
CONTR001250,2025-02-28,MEM00105,PF004,791.69
CONTR001251,2025-03-31,MEM00105,PF004,744.53
CONTR001252,2025-04-30,MEM00105,PF004,711.41
CONTR001253,2025-05-31,MEM00105,PF004,789.73
CONTR001254,2025-06-30,MEM00105,PF004,751.23
CONTR001255,2025-07-31,MEM00105,PF004,732.73
CONTR001256,2025-08-31,MEM00105,PF004,731.24
CONTR001257,2025-09-30,MEM00105,PF004,791.61
CONTR001258,2025-10-31,MEM00105,PF004,717.13
CONTR001259,2025-11-30,MEM00105,PF004,787.87
CONTR001260,2025-12-31,MEM00105,PF004,720.12
CONTR001261,2025-01-31,MEM00106,PF004,279.86
CONTR001262,2025-02-28,MEM00106,PF004,321.83
CONTR001263,2025-03-31,MEM00106,PF004,298.51
CONTR001264,2025-04-30,MEM00106,PF004,315.71
CONTR001265,2025-05-31,MEM00106,PF004,283.92
CONTR001266,2025-06-30,MEM00106,PF004,303.52
CONTR001267,2025-07-31,MEM00106,PF004,282.55
CONTR001268,2025-08-31,MEM00106,PF004,303.39
CONTR001269,2025-09-30,MEM00106,PF004,295.97
CONTR001270,2025-10-31,MEM00106,PF004,293.69
CONTR001271,2025-11-30,MEM00106,PF004,296.85
CONTR001272,2025-12-31,MEM00106,PF004,284.23
CONTR001273,2025-01-31,MEM00107,PF004,601.04
CONTR001274,2025-02-28,MEM00107,PF004,553.64
CONTR001275,2025-03-31,MEM00107,PF004,593.47
CONTR001276,2025-04-30,MEM00107,PF004,528.3
CONTR001277,2025-05-31,MEM00107,PF004,563.66
CONTR001278,2025-06-30,MEM00107,PF004,535.41
CONTR001279,2025-07-31,MEM00107,PF004,560.38
CONTR001280,2025-08-31,MEM00107,PF004,563.89
CONTR001281,2025-09-30,MEM00107,PF004,520.52
CONTR001282,2025-10-31,MEM00107,PF004,549.82
CONTR001283,2025-11-30,MEM00107,PF004,556.51
CONTR001284,2025-12-31,MEM00107,PF004,534.16
CONTR001285,2025-01-31,MEM00108,PF004,312.41
CONTR001286,2025-02-28,MEM00108,PF004,313.17
CONTR001287,2025-03-31,MEM00108,PF004,295.57
CONTR001288,2025-04-30,MEM00108,PF004,324.78
CONTR001289,2025-05-31,MEM00108,PF004,285.86
CONTR001290,2025-06-30,MEM00108,PF004,301.51
CONTR001291,2025-07-31,MEM00108,PF004,293.35
CONTR001292,2025-08-31,MEM00108,PF004,296.54
CONTR001293,2025-09-30,MEM00108,PF004,307.15
CONTR001294,2025-10-31,MEM00108,PF004,313.83
CONTR001295,2025-11-30,MEM00108,PF004,291.12
CONTR001296,2025-12-31,MEM00108,PF004,316.39
CONTR001297,2025-01-31,MEM00109,PF004,576.74
CONTR001298,2025-02-28,MEM00109,PF004,621.94
CONTR001299,2025-03-31,MEM00109,PF004,609.61
CONTR001300,2025-04-30,MEM00109,PF004,640.18
CONTR001301,2025-05-31,MEM00109,PF004,612.98
CONTR001302,2025-06-30,MEM00109,PF004,649.42
CONTR001303,2025-07-31,MEM00109,PF004,656.14
CONTR001304,2025-08-31,MEM00109,PF004,567.5
CONTR001305,2025-09-30,MEM00109,PF004,612.16
CONTR001306,2025-10-31,MEM00109,PF004,625.06
CONTR001307,2025-11-30,MEM00109,PF004,595.64
CONTR001308,2025-12-31,MEM00109,PF004,568.16
CONTR001309,2025-01-31,MEM00110,PF004,525.96
CONTR001310,2025-02-28,MEM00110,PF004,467.83
CONTR001311,2025-03-31,MEM00110,PF004,462.84
CONTR001312,2025-04-30,MEM00110,PF004,498.27
CONTR001313,2025-05-31,MEM00110,PF004,495.42
CONTR001314,2025-06-30,MEM00110,PF004,457.33
CONTR001315,2025-07-31,MEM00110,PF004,480.89
CONTR001316,2025-08-31,MEM00110,PF004,480.1
CONTR001317,2025-09-30,MEM00110,PF004,458.45
CONTR001318,2025-10-31,MEM00110,PF004,508.43
CONTR001319,2025-11-30,MEM00110,PF004,516.99
CONTR001320,2025-12-31,MEM00110,PF004,489.52
CONTR001321,2025-01-31,MEM00111,PF004,963.42
CONTR001322,2025-02-28,MEM00111,PF004,899.45
CONTR001323,2025-03-31,MEM00111,PF004,989.31
CONTR001324,2025-04-30,MEM00111,PF004,966.64
CONTR001325,2025-05-31,MEM00111,PF004,951.47
CONTR001326,2025-06-30,MEM00111,PF004,889.77
CONTR001327,2025-07-31,MEM00111,PF004,890.77
CONTR001328,2025-08-31,MEM00111,PF004,877.59
CONTR001329,2025-09-30,MEM00111,PF004,924.48
CONTR001330,2025-10-31,MEM00111,PF004,906.78
CONTR001331,2025-11-30,MEM00111,PF004,903.14
CONTR001332,2025-12-31,MEM00111,PF004,944.33
CONTR001333,2025-01-31,MEM00112,PF004,670.64
CONTR001334,2025-02-28,MEM00112,PF004,617.18
CONTR001335,2025-03-31,MEM00112,PF004,698.91
CONTR001336,2025-04-30,MEM00112,PF004,703.77
CONTR001337,2025-05-31,MEM00112,PF004,643.79
CONTR001338,2025-06-30,MEM00112,PF004,664.57
CONTR001339,2025-07-31,MEM00112,PF004,698.5
CONTR001340,2025-08-31,MEM00112,PF004,712.39
CONTR001341,2025-09-30,MEM00112,PF004,669.48
CONTR001342,2025-10-31,MEM00112,PF004,673.04
CONTR001343,2025-11-30,MEM00112,PF004,682.84
CONTR001344,2025-12-31,MEM00112,PF004,652.46
CONTR001345,2025-01-31,MEM00113,PF004,302.2
CONTR001346,2025-02-28,MEM00113,PF004,341.45
CONTR001347,2025-03-31,MEM00113,PF004,319.9
CONTR001348,2025-04-30,MEM00113,PF004,313.34
CONTR001349,2025-05-31,MEM00113,PF004,339.83
CONTR001350,2025-06-30,MEM00113,PF004,304.65
CONTR001351,2025-07-31,MEM00113,PF004,345.04
CONTR001352,2025-08-31,MEM00113,PF004,309.36
CONTR001353,2025-09-30,MEM00113,PF004,300.4
CONTR001354,2025-10-31,MEM00113,PF004,331.88
CONTR001355,2025-11-30,MEM00113,PF004,332.51
CONTR001356,2025-12-31,MEM00113,PF004,328.76
CONTR001357,2025-01-31,MEM00114,PF004,278.03
CONTR001358,2025-02-28,MEM00114,PF004,274.68
CONTR001359,2025-03-31,MEM00114,PF004,273.81
CONTR001360,2025-04-30,MEM00114,PF004,266.73
CONTR001361,2025-05-31,MEM00114,PF004,272.33
CONTR001362,2025-06-30,MEM00114,PF004,287.63
CONTR001363,2025-07-31,MEM00114,PF004,274.53
CONTR001364,2025-08-31,MEM00114,PF004,256.5
CONTR001365,2025-09-30,MEM00114,PF004,260.07
CONTR001366,2025-10-31,MEM00114,PF004,280.52
CONTR001367,2025-11-30,MEM00114,PF004,251.11
CONTR001368,2025-12-31,MEM00114,PF004,275.38
CONTR001369,2025-01-31,MEM00115,PF004,514.1
CONTR001370,2025-02-28,MEM00115,PF004,526.79
CONTR001371,2025-03-31,MEM00115,PF004,572.14
CONTR001372,2025-04-30,MEM00115,PF004,581.91
CONTR001373,2025-05-31,MEM00115,PF004,542.23
CONTR001374,2025-06-30,MEM00115,PF004,574.88
CONTR001375,2025-07-31,MEM00115,PF004,548.91
CONTR001376,2025-08-31,MEM00115,PF004,566.8
CONTR001377,2025-09-30,MEM00115,PF004,521.97
CONTR001378,2025-10-31,MEM00115,PF004,542.29
CONTR001379,2025-11-30,MEM00115,PF004,521.99
CONTR001380,2025-12-31,MEM00115,PF004,513.04
CONTR001381,2025-01-31,MEM00116,PF004,255.61
CONTR001382,2025-02-28,MEM00116,PF004,257.37
CONTR001383,2025-03-31,MEM00116,PF004,284.68
CONTR001384,2025-04-30,MEM00116,PF004,264.84
CONTR001385,2025-05-31,MEM00116,PF004,276.74
CONTR001386,2025-06-30,MEM00116,PF004,278.16
CONTR001387,2025-07-31,MEM00116,PF004,280.07
CONTR001388,2025-08-31,MEM00116,PF004,288.56
CONTR001389,2025-09-30,MEM00116,PF004,285.34
CONTR001390,2025-10-31,MEM00116,PF004,272.74
CONTR001391,2025-11-30,MEM00116,PF004,274.85
CONTR001392,2025-12-31,MEM00116,PF004,272.36
CONTR001393,2025-01-31,MEM00117,PF004,409.57
CONTR001394,2025-02-28,MEM00117,PF004,423.73
CONTR001395,2025-03-31,MEM00117,PF004,439.13
CONTR001396,2025-04-30,MEM00117,PF004,438.34
CONTR001397,2025-05-31,MEM00117,PF004,419.46
CONTR001398,2025-06-30,MEM00117,PF004,436.59
CONTR001399,2025-07-31,MEM00117,PF004,403.8
CONTR001400,2025-08-31,MEM00117,PF004,403.9
CONTR001401,2025-09-30,MEM00117,PF004,439.88
CONTR001402,2025-10-31,MEM00117,PF004,415.6
CONTR001403,2025-11-30,MEM00117,PF004,442.32
CONTR001404,2025-12-31,MEM00117,PF004,395.86
CONTR001405,2025-01-31,MEM00118,PF004,906.96
CONTR001406,2025-02-28,MEM00118,PF004,803.76
CONTR001407,2025-03-31,MEM00118,PF004,880.48
CONTR001408,2025-04-30,MEM00118,PF004,832.51
CONTR001409,2025-05-31,MEM00118,PF004,833.14
CONTR001410,2025-06-30,MEM00118,PF004,891.63
CONTR001411,2025-07-31,MEM00118,PF004,915.15
CONTR001412,2025-08-31,MEM00118,PF004,898.42
CONTR001413,2025-09-30,MEM00118,PF004,853.02
CONTR001414,2025-10-31,MEM00118,PF004,852.54
CONTR001415,2025-11-30,MEM00118,PF004,840.68
CONTR001416,2025-12-31,MEM00118,PF004,834.81
CONTR001417,2025-01-31,MEM00119,PF004,374.67
CONTR001418,2025-02-28,MEM00119,PF004,375.39
CONTR001419,2025-03-31,MEM00119,PF004,346.51
CONTR001420,2025-04-30,MEM00119,PF004,374.34
CONTR001421,2025-05-31,MEM00119,PF004,368.0
CONTR001422,2025-06-30,MEM00119,PF004,390.93
CONTR001423,2025-07-31,MEM00119,PF004,392.41
CONTR001424,2025-08-31,MEM00119,PF004,355.23
CONTR001425,2025-09-30,MEM00119,PF004,381.95
CONTR001426,2025-10-31,MEM00119,PF004,383.7
CONTR001427,2025-11-30,MEM00119,PF004,345.43
CONTR001428,2025-12-31,MEM00119,PF004,374.58
CONTR001429,2025-01-31,MEM00120,PF004,536.54
CONTR001430,2025-02-28,MEM00120,PF004,505.75
CONTR001431,2025-03-31,MEM00120,PF004,561.31
CONTR001432,2025-04-30,MEM00120,PF004,546.09
CONTR001433,2025-05-31,MEM00120,PF004,519.11
CONTR001434,2025-06-30,MEM00120,PF004,491.95
CONTR001435,2025-07-31,MEM00120,PF004,508.57
CONTR001436,2025-08-31,MEM00120,PF004,564.61
CONTR001437,2025-09-30,MEM00120,PF004,492.12
CONTR001438,2025-10-31,MEM00120,PF004,514.44
CONTR001439,2025-11-30,MEM00120,PF004,506.96
CONTR001440,2025-12-31,MEM00120,PF004,552.64
