date,asset_class_id,price_local
2025-01-02,AC001,99.8328
2025-01-03,AC001,101.1406
2025-01-06,AC001,101.9316
2025-01-07,AC001,101.4252
2025-01-08,AC001,102.4269
2025-01-09,AC001,104.4172
2025-01-10,AC001,104.3868
2025-01-13,AC001,102.6766
2025-01-14,AC001,102.8193
2025-01-15,AC001,102.8706
2025-01-16,AC001,103.4693
2025-01-17,AC001,102.6293
2025-01-20,AC001,102.0927
2025-01-21,AC001,102.4625
2025-01-22,AC001,102.8872
2025-01-23,AC001,102.1619
2025-01-24,AC001,103.6195
2025-01-27,AC001,103.5755
2025-01-28,AC001,103.6647
2025-01-29,AC001,104.2732
2025-01-30,AC001,104.5906
2025-01-31,AC001,105.779
2025-02-03,AC001,105.9751
2025-02-04,AC001,105.6873
2025-02-05,AC001,106.2726
2025-02-06,AC001,106.6236
2025-02-07,AC001,106.0678
2025-02-10,AC001,106.1539
2025-02-11,AC001,107.0294
2025-02-12,AC001,106.4754
2025-02-13,AC001,105.4977
2025-02-14,AC001,105.204
2025-02-17,AC001,106.6488
2025-02-18,AC001,106.5274
2025-02-19,AC001,105.7732
2025-02-20,AC001,106.1824
2025-02-21,AC001,104.5871
2025-02-24,AC001,105.3431
2025-02-25,AC001,106.0522
2025-02-26,AC001,105.3375
2025-02-27,AC001,105.794
2025-02-28,AC001,105.8832
2025-03-03,AC001,107.391
2025-03-04,AC001,108.9002
2025-03-05,AC001,106.2657
2025-03-06,AC001,106.4823
2025-03-07,AC001,107.5013
2025-03-10,AC001,108.9163
2025-03-11,AC001,108.1282
2025-03-12,AC001,107.3991
2025-03-13,AC001,106.4047
2025-03-14,AC001,106.5151
2025-03-17,AC001,107.1183
2025-03-18,AC001,107.5947
2025-03-19,AC001,108.2371
2025-03-20,AC001,110.0428
2025-03-21,AC001,109.1455
2025-03-24,AC001,110.7694
2025-03-25,AC001,110.2808
2025-03-26,AC001,110.5707
2025-03-27,AC001,110.5575
2025-03-28,AC001,111.5799
2025-03-31,AC001,111.7488
2025-04-01,AC001,113.2872
2025-04-02,AC001,114.3265
2025-04-03,AC001,114.2721
2025-04-04,AC001,114.4248
2025-04-07,AC001,114.9701
2025-04-08,AC001,116.4927
2025-04-09,AC001,116.2762
2025-04-10,AC001,116.0775
2025-04-11,AC001,115.9887
2025-04-14,AC001,117.1886
2025-04-15,AC001,114.6281
2025-04-16,AC001,114.0963
2025-04-17,AC001,114.6968
2025-04-18,AC001,113.1641
2025-04-21,AC001,113.3976
2025-04-22,AC001,112.5987
2025-04-23,AC001,112.0732
2025-04-24,AC001,114.167
2025-04-25,AC001,115.0663
2025-04-28,AC001,114.3127
2025-04-29,AC001,111.8515
2025-04-30,AC001,112.3829
2025-05-01,AC001,110.7781
2025-05-02,AC001,110.3159
2025-05-05,AC001,111.4222
2025-05-06,AC001,111.1762
2025-05-07,AC001,110.8594
2025-05-08,AC001,110.1617
2025-05-09,AC001,110.2481
2025-05-12,AC001,110.7422
2025-05-13,AC001,111.6087
2025-05-14,AC001,112.3604
2025-05-15,AC001,114.0505
2025-05-16,AC001,115.3678
2025-05-19,AC001,116.6153
2025-05-20,AC001,117.0581
2025-05-21,AC001,117.8316
2025-05-22,AC001,118.6469
2025-05-23,AC001,117.607
2025-05-26,AC001,117.7054
2025-05-27,AC001,117.0418
2025-05-28,AC001,116.6405
2025-05-29,AC001,115.2494
2025-05-30,AC001,115.0649
2025-06-02,AC001,114.363
2025-06-03,AC001,113.4167
2025-06-04,AC001,114.6474
2025-06-05,AC001,114.8916
2025-06-06,AC001,115.4245
2025-06-09,AC001,116.3727
2025-06-10,AC001,117.4502
2025-06-11,AC001,118.6084
2025-06-12,AC001,117.9016
2025-06-13,AC001,117.393
2025-06-16,AC001,118.4623
2025-06-17,AC001,119.3468
2025-06-18,AC001,119.198
2025-06-19,AC001,120.65
2025-06-20,AC001,118.3374
2025-06-23,AC001,118.8949
2025-06-24,AC001,117.5024
2025-06-25,AC001,119.0994
2025-06-26,AC001,121.4236
2025-06-27,AC001,120.0418
2025-06-30,AC001,121.3002
2025-07-01,AC001,118.4428
2025-07-02,AC001,117.0962
2025-07-03,AC001,116.5638
2025-07-04,AC001,115.8601
2025-07-07,AC001,114.5572
2025-07-08,AC001,115.4083
2025-07-09,AC001,115.1361
2025-07-10,AC001,115.202
2025-07-11,AC001,117.1324
2025-07-14,AC001,116.7869
2025-07-15,AC001,116.1469
2025-07-16,AC001,114.5175
2025-07-17,AC001,115.1652
2025-07-18,AC001,115.7443
2025-07-21,AC001,115.261
2025-07-22,AC001,116.7758
2025-07-23,AC001,117.3245
2025-07-24,AC001,117.0113
2025-07-25,AC001,117.5803
2025-07-28,AC001,120.7598
2025-07-29,AC001,120.7985
2025-07-30,AC001,121.3359
2025-07-31,AC001,120.6956
2025-08-01,AC001,121.6906
2025-08-04,AC001,123.568
2025-08-05,AC001,123.5535
2025-08-06,AC001,124.6863
2025-08-07,AC001,124.1092
2025-08-08,AC001,123.1987
2025-08-11,AC001,123.9936
2025-08-12,AC001,124.1103
2025-08-13,AC001,123.3296
2025-08-14,AC001,124.4427
2025-08-15,AC001,125.6008
2025-08-18,AC001,123.832
2025-08-19,AC001,121.8414
2025-08-20,AC001,120.0016
2025-08-21,AC001,119.3065
2025-08-22,AC001,120.2267
2025-08-25,AC001,121.6689
2025-08-26,AC001,122.3449
2025-08-27,AC001,123.4829
2025-08-28,AC001,121.3616
2025-08-29,AC001,119.864
2025-09-01,AC001,120.6438
2025-09-02,AC001,121.0036
2025-09-03,AC001,122.2077
2025-09-04,AC001,122.3044
2025-09-05,AC001,121.1189
2025-09-08,AC001,122.3297
2025-09-09,AC001,121.3825
2025-09-10,AC001,122.6951
2025-09-11,AC001,122.6958
2025-09-12,AC001,124.4936
2025-09-15,AC001,122.8774
2025-09-16,AC001,122.1092
2025-09-17,AC001,122.5513
2025-09-18,AC001,121.1085
2025-09-19,AC001,119.7483
2025-09-22,AC001,119.7161
2025-09-23,AC001,118.804
2025-09-24,AC001,118.8519
2025-09-25,AC001,120.5761
2025-09-26,AC001,120.6624
2025-09-29,AC001,121.1133
2025-09-30,AC001,122.9217
2025-10-01,AC001,122.5698
2025-10-02,AC001,123.7059
2025-10-03,AC001,123.6725
2025-10-06,AC001,127.0235
2025-10-07,AC001,127.204
2025-10-08,AC001,126.5594
2025-10-09,AC001,127.3946
2025-10-10,AC001,129.2472
2025-10-13,AC001,127.7471
2025-10-14,AC001,128.1028
2025-10-15,AC001,127.1767
2025-10-16,AC001,126.946
2025-10-17,AC001,130.2624
2025-10-20,AC001,131.2717
2025-10-21,AC001,129.6495
2025-10-22,AC001,131.1953
2025-10-23,AC001,131.6782
2025-10-24,AC001,131.6152
2025-10-27,AC001,133.5165
2025-10-28,AC001,134.2023
2025-10-29,AC001,135.1379
2025-10-30,AC001,134.1052
2025-10-31,AC001,133.3119
2025-11-03,AC001,132.4558
2025-11-04,AC001,132.5425
2025-11-05,AC001,130.8038
2025-11-06,AC001,131.0008
2025-11-07,AC001,128.5151
2025-11-10,AC001,130.0777
2025-11-11,AC001,128.0228
2025-11-12,AC001,130.1923
2025-11-13,AC001,129.5964
2025-11-14,AC001,127.2936
2025-11-17,AC001,126.0776
2025-11-18,AC001,124.7412
2025-11-19,AC001,123.6607
2025-11-20,AC001,122.0958
2025-11-21,AC001,120.7868
2025-11-24,AC001,119.1986
2025-11-25,AC001,119.5558
2025-11-26,AC001,119.3365
2025-11-27,AC001,118.2849
2025-11-28,AC001,120.6131
2025-12-01,AC001,120.6659
2025-12-02,AC001,119.6523
2025-12-03,AC001,119.7522
2025-12-04,AC001,117.7615
2025-12-05,AC001,117.8975
2025-12-08,AC001,120.1839
2025-12-09,AC001,118.7492
2025-12-10,AC001,120.8671
2025-12-11,AC001,121.0156
2025-12-12,AC001,121.2936
2025-12-15,AC001,119.753
2025-12-16,AC001,121.5833
2025-12-17,AC001,121.6046
2025-12-18,AC001,120.5672
2025-12-19,AC001,121.2156
2025-12-22,AC001,119.3174
2025-12-23,AC001,120.9979
2025-12-24,AC001,119.8292
2025-12-25,AC001,119.4525
2025-12-26,AC001,118.4889
2025-12-29,AC001,118.2324
2025-12-30,AC001,116.7837
2025-12-31,AC001,116.6905
2025-01-02,AC002,116.4569
2025-01-03,AC002,115.0623
2025-01-06,AC002,117.3782
2025-01-07,AC002,116.8613
2025-01-08,AC002,118.1815
2025-01-09,AC002,117.0543
2025-01-10,AC002,114.9863
2025-01-13,AC002,116.7088
2025-01-14,AC002,117.6952
2025-01-15,AC002,118.3891
2025-01-16,AC002,116.1335
2025-01-17,AC002,116.5071
2025-01-20,AC002,114.2403
2025-01-21,AC002,113.0747
2025-01-22,AC002,113.2097
2025-01-23,AC002,117.3023
2025-01-24,AC002,117.7111
2025-01-27,AC002,117.7892
2025-01-28,AC002,115.8042
2025-01-29,AC002,112.9068
2025-01-30,AC002,113.2022
2025-01-31,AC002,113.4999
2025-02-03,AC002,111.7739
2025-02-04,AC002,112.1399
2025-02-05,AC002,113.3734
2025-02-06,AC002,112.4096
2025-02-07,AC002,111.5661
2025-02-10,AC002,110.2487
2025-02-11,AC002,110.7138
2025-02-12,AC002,110.8987
2025-02-13,AC002,110.3204
2025-02-14,AC002,112.9423
2025-02-17,AC002,113.8112
2025-02-18,AC002,115.3759
2025-02-19,AC002,113.0494
2025-02-20,AC002,114.1758
2025-02-21,AC002,110.998
2025-02-24,AC002,111.4348
2025-02-25,AC002,110.4516
2025-02-26,AC002,108.8806
2025-02-27,AC002,108.9605
2025-02-28,AC002,108.3595
2025-03-03,AC002,108.7146
2025-03-04,AC002,106.8061
2025-03-05,AC002,108.3575
2025-03-06,AC002,109.2915
2025-03-07,AC002,107.7114
2025-03-10,AC002,111.4993
2025-03-11,AC002,110.2696
2025-03-12,AC002,107.9134
2025-03-13,AC002,106.7068
2025-03-14,AC002,105.7015
2025-03-17,AC002,104.8416
2025-03-18,AC002,105.7339
2025-03-19,AC002,105.469
2025-03-20,AC002,104.827
2025-03-21,AC002,105.6841
2025-03-24,AC002,108.2462
2025-03-25,AC002,109.6457
2025-03-26,AC002,108.9311
2025-03-27,AC002,107.8603
2025-03-28,AC002,108.3851
2025-03-31,AC002,109.4071
2025-04-01,AC002,108.2885
2025-04-02,AC002,108.9499
2025-04-03,AC002,109.1987
2025-04-04,AC002,109.2253
2025-04-07,AC002,109.7001
2025-04-08,AC002,109.6689
2025-04-09,AC002,109.4747
2025-04-10,AC002,108.8286
2025-04-11,AC002,111.3153
2025-04-14,AC002,113.3004
2025-04-15,AC002,113.5336
2025-04-16,AC002,114.3751
2025-04-17,AC002,114.2118
2025-04-18,AC002,115.387
2025-04-21,AC002,115.222
2025-04-22,AC002,116.428
2025-04-23,AC002,117.5385
2025-04-24,AC002,117.0748
2025-04-25,AC002,117.1608
2025-04-28,AC002,116.6094
2025-04-29,AC002,115.4671
2025-04-30,AC002,114.8229
2025-05-01,AC002,115.2641
2025-05-02,AC002,116.5421
2025-05-05,AC002,116.6686
2025-05-06,AC002,116.249
2025-05-07,AC002,117.8985
2025-05-08,AC002,117.1729
2025-05-09,AC002,115.3975
2025-05-12,AC002,114.3506
2025-05-13,AC002,116.0395
2025-05-14,AC002,117.1781
2025-05-15,AC002,116.7798
2025-05-16,AC002,116.1772
2025-05-19,AC002,117.7417
2025-05-20,AC002,116.9054
2025-05-21,AC002,116.3865
2025-05-22,AC002,115.585
2025-05-23,AC002,115.4034
2025-05-26,AC002,115.9992
2025-05-27,AC002,113.7188
2025-05-28,AC002,112.3584
2025-05-29,AC002,112.4968
2025-05-30,AC002,111.8304
2025-06-02,AC002,113.6984
2025-06-03,AC002,114.2842
2025-06-04,AC002,112.6133
2025-06-05,AC002,111.9014
2025-06-06,AC002,112.6842
2025-06-09,AC002,112.0108
2025-06-10,AC002,110.0559
2025-06-11,AC002,110.827
2025-06-12,AC002,111.7876
2025-06-13,AC002,110.3733
2025-06-16,AC002,107.9315
2025-06-17,AC002,107.5136
2025-06-18,AC002,106.7574
2025-06-19,AC002,106.1406
2025-06-20,AC002,105.7493
2025-06-23,AC002,107.4741
2025-06-24,AC002,107.5103
2025-06-25,AC002,107.5038
2025-06-26,AC002,107.1078
2025-06-27,AC002,109.5392
2025-06-30,AC002,110.5955
2025-07-01,AC002,111.5712
2025-07-02,AC002,110.6859
2025-07-03,AC002,109.4844
2025-07-04,AC002,110.1661
2025-07-07,AC002,110.4206
2025-07-08,AC002,110.1181
2025-07-09,AC002,107.9967
2025-07-10,AC002,106.3677
2025-07-11,AC002,108.3451
2025-07-14,AC002,110.488
2025-07-15,AC002,109.2699
2025-07-16,AC002,109.4387
2025-07-17,AC002,109.0773
2025-07-18,AC002,108.7386
2025-07-21,AC002,109.417
2025-07-22,AC002,108.052
2025-07-23,AC002,107.2761
2025-07-24,AC002,108.9754
2025-07-25,AC002,108.0503
2025-07-28,AC002,107.1862
2025-07-29,AC002,106.9688
2025-07-30,AC002,105.6352
2025-07-31,AC002,107.5899
2025-08-01,AC002,108.2323
2025-08-04,AC002,108.6299
2025-08-05,AC002,108.3375
2025-08-06,AC002,111.5338
2025-08-07,AC002,108.3718
2025-08-08,AC002,110.6796
2025-08-11,AC002,110.091
2025-08-12,AC002,110.5809
2025-08-13,AC002,111.9092
2025-08-14,AC002,110.5427
2025-08-15,AC002,113.1917
2025-08-18,AC002,115.3226
2025-08-19,AC002,114.9164
2025-08-20,AC002,115.0111
2025-08-21,AC002,116.582
2025-08-22,AC002,116.2361
2025-08-25,AC002,116.1762
2025-08-26,AC002,117.0486
2025-08-27,AC002,116.2702
2025-08-28,AC002,115.9802
2025-08-29,AC002,116.2665
2025-09-01,AC002,116.9986
2025-09-02,AC002,117.6004
2025-09-03,AC002,117.2996
2025-09-04,AC002,117.2837
2025-09-05,AC002,116.2816
2025-09-08,AC002,116.6578
2025-09-09,AC002,115.6785
2025-09-10,AC002,112.587
2025-09-11,AC002,112.9015
2025-09-12,AC002,112.2803
2025-09-15,AC002,112.4501
2025-09-16,AC002,112.6446
2025-09-17,AC002,110.2091
2025-09-18,AC002,110.4491
2025-09-19,AC002,107.4453
2025-09-22,AC002,109.2899
2025-09-23,AC002,108.7742
2025-09-24,AC002,108.854
2025-09-25,AC002,110.7971
2025-09-26,AC002,112.1582
2025-09-29,AC002,110.8074
2025-09-30,AC002,112.1146
2025-10-01,AC002,112.4045
2025-10-02,AC002,111.8462
2025-10-03,AC002,111.276
2025-10-06,AC002,111.3263
2025-10-07,AC002,112.3525
2025-10-08,AC002,112.1605
2025-10-09,AC002,113.9524
2025-10-10,AC002,113.2209
2025-10-13,AC002,114.0305
2025-10-14,AC002,115.4795
2025-10-15,AC002,114.889
2025-10-16,AC002,113.4571
2025-10-17,AC002,112.6074
2025-10-20,AC002,113.4141
2025-10-21,AC002,111.7767
2025-10-22,AC002,110.8337
2025-10-23,AC002,112.844
2025-10-24,AC002,110.6364
2025-10-27,AC002,111.2577
2025-10-28,AC002,111.0059
2025-10-29,AC002,111.547
2025-10-30,AC002,111.0909
2025-10-31,AC002,111.4138
2025-11-03,AC002,112.1114
2025-11-04,AC002,112.175
2025-11-05,AC002,111.3539
2025-11-06,AC002,111.3456
2025-11-07,AC002,111.7119
2025-11-10,AC002,111.9833
2025-11-11,AC002,111.9287
2025-11-12,AC002,113.009
2025-11-13,AC002,113.5243
2025-11-14,AC002,113.5385
2025-11-17,AC002,113.2532
2025-11-18,AC002,113.1002
2025-11-19,AC002,113.2178
2025-11-20,AC002,112.44
2025-11-21,AC002,113.7768
2025-11-24,AC002,114.4924
2025-11-25,AC002,113.3971
2025-11-26,AC002,114.1991
2025-11-27,AC002,111.6161
2025-11-28,AC002,110.5767
2025-12-01,AC002,111.0458
2025-12-02,AC002,111.189
2025-12-03,AC002,114.8171
2025-12-04,AC002,114.621
2025-12-05,AC002,117.466
2025-12-08,AC002,115.2618
2025-12-09,AC002,114.1713
2025-12-10,AC002,114.3757
2025-12-11,AC002,113.0546
2025-12-12,AC002,111.9647
2025-12-15,AC002,110.5453
2025-12-16,AC002,111.139
2025-12-17,AC002,111.5433
2025-12-18,AC002,112.7241
2025-12-19,AC002,113.0604
2025-12-22,AC002,113.6243
2025-12-23,AC002,115.0691
2025-12-24,AC002,115.6892
2025-12-25,AC002,113.5633
2025-12-26,AC002,113.2634
2025-12-29,AC002,112.721
2025-12-30,AC002,113.2804
2025-12-31,AC002,114.3294
2025-01-02,AC003,110.3042
2025-01-03,AC003,111.3831
2025-01-06,AC003,112.3395
2025-01-07,AC003,111.5468
2025-01-08,AC003,109.5215
2025-01-09,AC003,112.0004
2025-01-10,AC003,111.8729
2025-01-13,AC003,110.4291
2025-01-14,AC003,110.3113
2025-01-15,AC003,111.7524
2025-01-16,AC003,110.1914
2025-01-17,AC003,107.8587
2025-01-20,AC003,106.6657
2025-01-21,AC003,105.3706
2025-01-22,AC003,103.5206
2025-01-23,AC003,103.0934
2025-01-24,AC003,103.8645
2025-01-27,AC003,106.4739
2025-01-28,AC003,105.2277
2025-01-29,AC003,104.2061
2025-01-30,AC003,104.7162
2025-01-31,AC003,106.2256
2025-02-03,AC003,108.0257
2025-02-04,AC003,109.0175
2025-02-05,AC003,111.8957
2025-02-06,AC003,112.9506
2025-02-07,AC003,111.6699
2025-02-10,AC003,113.3514
2025-02-11,AC003,115.1955
2025-02-12,AC003,118.4249
2025-02-13,AC003,118.1937
2025-02-14,AC003,118.0431
2025-02-17,AC003,118.6795
2025-02-18,AC003,118.4971
2025-02-19,AC003,117.0878
2025-02-20,AC003,115.6719
2025-02-21,AC003,115.9105
2025-02-24,AC003,115.8013
2025-02-25,AC003,117.9483
2025-02-26,AC003,117.8313
2025-02-27,AC003,118.0388
2025-02-28,AC003,116.6765
2025-03-03,AC003,114.7777
2025-03-04,AC003,113.0259
2025-03-05,AC003,115.9163
2025-03-06,AC003,116.0311
2025-03-07,AC003,117.5657
2025-03-10,AC003,115.4846
2025-03-11,AC003,114.0936
2025-03-12,AC003,113.4436
2025-03-13,AC003,113.3279
2025-03-14,AC003,112.5643
2025-03-17,AC003,111.482
2025-03-18,AC003,111.8139
2025-03-19,AC003,113.5092
2025-03-20,AC003,111.6667
2025-03-21,AC003,110.4288
2025-03-24,AC003,109.7003
2025-03-25,AC003,111.7847
2025-03-26,AC003,111.5839
2025-03-27,AC003,112.8316
2025-03-28,AC003,113.069
2025-03-31,AC003,114.8754
2025-04-01,AC003,115.4721
2025-04-02,AC003,113.3348
2025-04-03,AC003,112.2694
2025-04-04,AC003,112.2343
2025-04-07,AC003,111.5782
2025-04-08,AC003,112.3339
2025-04-09,AC003,113.0544
2025-04-10,AC003,114.5154
2025-04-11,AC003,113.2323
2025-04-14,AC003,111.2375
2025-04-15,AC003,109.9411
2025-04-16,AC003,109.5077
2025-04-17,AC003,108.8205
2025-04-18,AC003,107.2207
2025-04-21,AC003,103.9146
2025-04-22,AC003,102.9117
2025-04-23,AC003,101.5445
2025-04-24,AC003,101.9069
2025-04-25,AC003,100.9915
2025-04-28,AC003,101.1881
2025-04-29,AC003,102.7041
2025-04-30,AC003,101.7295
2025-05-01,AC003,102.3557
2025-05-02,AC003,101.7922
2025-05-05,AC003,102.4422
2025-05-06,AC003,100.3638
2025-05-07,AC003,99.9919
2025-05-08,AC003,99.4672
2025-05-09,AC003,99.6915
2025-05-12,AC003,98.4506
2025-05-13,AC003,99.0004
2025-05-14,AC003,98.0786
2025-05-15,AC003,100.2212
2025-05-16,AC003,101.5494
2025-05-19,AC003,103.5475
2025-05-20,AC003,103.0007
2025-05-21,AC003,101.9894
2025-05-22,AC003,104.8495
2025-05-23,AC003,104.3385
2025-05-26,AC003,105.2609
2025-05-27,AC003,105.5986
2025-05-28,AC003,105.7294
2025-05-29,AC003,106.1362
2025-05-30,AC003,105.9531
2025-06-02,AC003,104.3241
2025-06-03,AC003,105.9253
2025-06-04,AC003,105.8218
2025-06-05,AC003,106.1949
2025-06-06,AC003,106.2017
2025-06-09,AC003,105.7377
2025-06-10,AC003,104.7931
2025-06-11,AC003,103.9366
2025-06-12,AC003,102.9248
2025-06-13,AC003,101.7975
2025-06-16,AC003,101.8581
2025-06-17,AC003,102.7176
2025-06-18,AC003,101.7027
2025-06-19,AC003,102.3572
2025-06-20,AC003,102.5957
2025-06-23,AC003,102.6125
2025-06-24,AC003,101.7859
2025-06-25,AC003,101.1101
2025-06-26,AC003,101.5433
2025-06-27,AC003,101.1976
2025-06-30,AC003,101.5738
2025-07-01,AC003,100.5636
2025-07-02,AC003,102.1481
2025-07-03,AC003,102.1758
2025-07-04,AC003,102.0911
2025-07-07,AC003,102.2187
2025-07-08,AC003,101.0931
2025-07-09,AC003,100.9159
2025-07-10,AC003,100.7183
2025-07-11,AC003,101.6979
2025-07-14,AC003,101.465
2025-07-15,AC003,102.1522
2025-07-16,AC003,103.2198
2025-07-17,AC003,101.5207
2025-07-18,AC003,101.6964
2025-07-21,AC003,99.8482
2025-07-22,AC003,98.5741
2025-07-23,AC003,99.1224
2025-07-24,AC003,100.0898
2025-07-25,AC003,99.2647
2025-07-28,AC003,99.509
2025-07-29,AC003,99.85
2025-07-30,AC003,102.0549
2025-07-31,AC003,101.1357
2025-08-01,AC003,99.5191
2025-08-04,AC003,100.6349
2025-08-05,AC003,102.3762
2025-08-06,AC003,103.6076
2025-08-07,AC003,102.0874
2025-08-08,AC003,102.8
2025-08-11,AC003,102.5707
2025-08-12,AC003,102.3654
2025-08-13,AC003,103.1886
2025-08-14,AC003,103.775
2025-08-15,AC003,104.4242
2025-08-18,AC003,105.8228
2025-08-19,AC003,105.8627
2025-08-20,AC003,105.9103
2025-08-21,AC003,106.8539
2025-08-22,AC003,107.886
2025-08-25,AC003,108.0031
2025-08-26,AC003,108.6324
2025-08-27,AC003,107.5395
2025-08-28,AC003,108.0216
2025-08-29,AC003,109.2525
2025-09-01,AC003,109.2619
2025-09-02,AC003,108.5602
2025-09-03,AC003,109.7166
2025-09-04,AC003,110.8102
2025-09-05,AC003,112.5887
2025-09-08,AC003,113.3197
2025-09-09,AC003,112.9667
2025-09-10,AC003,113.6444
2025-09-11,AC003,111.7384
2025-09-12,AC003,109.2792
2025-09-15,AC003,107.2398
2025-09-16,AC003,107.0799
2025-09-17,AC003,105.0564
2025-09-18,AC003,105.187
2025-09-19,AC003,104.9988
2025-09-22,AC003,105.6212
2025-09-23,AC003,105.8828
2025-09-24,AC003,105.7613
2025-09-25,AC003,105.1484
2025-09-26,AC003,105.7067
2025-09-29,AC003,105.4945
2025-09-30,AC003,106.6995
2025-10-01,AC003,106.5407
2025-10-02,AC003,104.8073
2025-10-03,AC003,106.0309
2025-10-06,AC003,109.184
2025-10-07,AC003,110.3801
2025-10-08,AC003,110.0259
2025-10-09,AC003,111.2288
2025-10-10,AC003,111.7583
2025-10-13,AC003,110.6924
2025-10-14,AC003,108.5122
2025-10-15,AC003,108.3947
2025-10-16,AC003,107.6471
2025-10-17,AC003,106.6338
2025-10-20,AC003,106.5402
2025-10-21,AC003,108.329
2025-10-22,AC003,108.1754
2025-10-23,AC003,108.0275
2025-10-24,AC003,106.7745
2025-10-27,AC003,106.2228
2025-10-28,AC003,107.1171
2025-10-29,AC003,108.3895
2025-10-30,AC003,107.1991
2025-10-31,AC003,107.5477
2025-11-03,AC003,106.6512
2025-11-04,AC003,104.5516
2025-11-05,AC003,104.6643
2025-11-06,AC003,105.2245
2025-11-07,AC003,105.5186
2025-11-10,AC003,104.6598
2025-11-11,AC003,105.4458
2025-11-12,AC003,104.0498
2025-11-13,AC003,104.5731
2025-11-14,AC003,103.998
2025-11-17,AC003,106.2364
2025-11-18,AC003,106.0685
2025-11-19,AC003,105.2598
2025-11-20,AC003,106.3306
2025-11-21,AC003,109.1725
2025-11-24,AC003,111.2061
2025-11-25,AC003,110.048
2025-11-26,AC003,110.3968
2025-11-27,AC003,111.4739
2025-11-28,AC003,111.173
2025-12-01,AC003,110.7002
2025-12-02,AC003,110.2346
2025-12-03,AC003,110.4686
2025-12-04,AC003,110.3885
2025-12-05,AC003,108.9468
2025-12-08,AC003,110.3191
2025-12-09,AC003,109.2049
2025-12-10,AC003,109.5721
2025-12-11,AC003,109.3448
2025-12-12,AC003,107.9691
2025-12-15,AC003,106.2871
2025-12-16,AC003,107.7147
2025-12-17,AC003,107.8258
2025-12-18,AC003,107.8613
2025-12-19,AC003,108.5467
2025-12-22,AC003,107.6345
2025-12-23,AC003,109.5144
2025-12-24,AC003,110.8582
2025-12-25,AC003,109.8431
2025-12-26,AC003,109.9603
2025-12-29,AC003,109.7469
2025-12-30,AC003,109.3967
2025-12-31,AC003,107.2274
2025-01-02,AC004,98.5082
2025-01-03,AC004,98.3808
2025-01-06,AC004,98.3046
2025-01-07,AC004,98.2494
2025-01-08,AC004,98.2899
2025-01-09,AC004,97.9695
2025-01-10,AC004,98.1893
2025-01-13,AC004,98.6501
2025-01-14,AC004,98.3883
2025-01-15,AC004,98.3796
2025-01-16,AC004,98.7339
2025-01-17,AC004,99.2889
2025-01-20,AC004,99.2913
2025-01-21,AC004,99.3076
2025-01-22,AC004,99.1872
2025-01-23,AC004,98.9734
2025-01-24,AC004,99.1003
2025-01-27,AC004,99.3668
2025-01-28,AC004,99.3876
2025-01-29,AC004,99.4967
2025-01-30,AC004,99.6306
2025-01-31,AC004,99.4349
2025-02-03,AC004,98.8829
2025-02-04,AC004,98.6666
2025-02-05,AC004,98.4451
2025-02-06,AC004,98.3725
2025-02-07,AC004,97.8223
2025-02-10,AC004,97.9133
2025-02-11,AC004,98.211
2025-02-12,AC004,98.1411
2025-02-13,AC004,98.2025
2025-02-14,AC004,98.2997
2025-02-17,AC004,98.3028
2025-02-18,AC004,98.601
2025-02-19,AC004,98.5337
2025-02-20,AC004,98.3201
2025-02-21,AC004,98.2819
2025-02-24,AC004,98.1847
2025-02-25,AC004,98.5802
2025-02-26,AC004,98.8266
2025-02-27,AC004,99.4818
2025-02-28,AC004,99.0824
2025-03-03,AC004,99.4958
2025-03-04,AC004,99.3915
2025-03-05,AC004,98.9472
2025-03-06,AC004,98.9318
2025-03-07,AC004,99.0012
2025-03-10,AC004,98.5992
2025-03-11,AC004,98.5122
2025-03-12,AC004,98.9119
2025-03-13,AC004,98.71
2025-03-14,AC004,98.7491
2025-03-17,AC004,98.3369
2025-03-18,AC004,98.2738
2025-03-19,AC004,98.401
2025-03-20,AC004,98.3054
2025-03-21,AC004,98.5668
2025-03-24,AC004,98.6313
2025-03-25,AC004,98.8317
2025-03-26,AC004,99.24
2025-03-27,AC004,99.0012
2025-03-28,AC004,99.4599
2025-03-31,AC004,99.7029
2025-04-01,AC004,99.7581
2025-04-02,AC004,100.1761
2025-04-03,AC004,100.8375
2025-04-04,AC004,100.5563
2025-04-07,AC004,100.3873
2025-04-08,AC004,100.8624
2025-04-09,AC004,100.4318
2025-04-10,AC004,100.7695
2025-04-11,AC004,100.3379
2025-04-14,AC004,100.1156
2025-04-15,AC004,100.3826
2025-04-16,AC004,100.6169
2025-04-17,AC004,100.8263
2025-04-18,AC004,100.5483
2025-04-21,AC004,100.934
2025-04-22,AC004,101.2195
2025-04-23,AC004,100.7146
2025-04-24,AC004,101.6742
2025-04-25,AC004,101.3125
2025-04-28,AC004,101.0373
2025-04-29,AC004,100.6074
2025-04-30,AC004,100.4088
2025-05-01,AC004,100.6102
2025-05-02,AC004,100.6536
2025-05-05,AC004,101.2805
2025-05-06,AC004,101.4076
2025-05-07,AC004,101.3029
2025-05-08,AC004,101.3709
2025-05-09,AC004,101.3237
2025-05-12,AC004,101.4352
2025-05-13,AC004,101.8957
2025-05-14,AC004,101.3711
2025-05-15,AC004,101.2112
2025-05-16,AC004,101.0622
2025-05-19,AC004,100.7252
2025-05-20,AC004,101.0376
2025-05-21,AC004,101.2235
2025-05-22,AC004,102.0039
2025-05-23,AC004,102.1056
2025-05-26,AC004,102.6891
2025-05-27,AC004,103.1099
2025-05-28,AC004,102.7248
2025-05-29,AC004,102.5018
2025-05-30,AC004,102.9563
2025-06-02,AC004,103.2826
2025-06-03,AC004,102.8521
2025-06-04,AC004,103.0593
2025-06-05,AC004,103.3495
2025-06-06,AC004,102.9114
2025-06-09,AC004,103.2753
2025-06-10,AC004,103.1259
2025-06-11,AC004,103.1367
2025-06-12,AC004,102.8997
2025-06-13,AC004,103.1882
2025-06-16,AC004,102.959
2025-06-17,AC004,102.9631
2025-06-18,AC004,102.8404
2025-06-19,AC004,103.1827
2025-06-20,AC004,103.1221
2025-06-23,AC004,102.7497
2025-06-24,AC004,102.5213
2025-06-25,AC004,102.1685
2025-06-26,AC004,101.9385
2025-06-27,AC004,101.7739
2025-06-30,AC004,101.9466
2025-07-01,AC004,101.8793
2025-07-02,AC004,102.1218
2025-07-03,AC004,102.3274
2025-07-04,AC004,102.3734
2025-07-07,AC004,102.1875
2025-07-08,AC004,102.2725
2025-07-09,AC004,102.2204
2025-07-10,AC004,102.382
2025-07-11,AC004,102.537
2025-07-14,AC004,102.4115
2025-07-15,AC004,102.7715
2025-07-16,AC004,102.9479
2025-07-17,AC004,103.3435
2025-07-18,AC004,102.9645
2025-07-21,AC004,103.1686
2025-07-22,AC004,103.0332
2025-07-23,AC004,102.9725
2025-07-24,AC004,102.0451
2025-07-25,AC004,101.5264
2025-07-28,AC004,101.8392
2025-07-29,AC004,101.8073
2025-07-30,AC004,101.43
2025-07-31,AC004,101.2943
2025-08-01,AC004,101.4629
2025-08-04,AC004,101.5257
2025-08-05,AC004,101.8473
2025-08-06,AC004,101.6919
2025-08-07,AC004,101.6891
2025-08-08,AC004,101.7822
2025-08-11,AC004,101.6882
2025-08-12,AC004,101.2297
2025-08-13,AC004,100.9771
2025-08-14,AC004,101.2879
2025-08-15,AC004,101.6568
2025-08-18,AC004,101.6566
2025-08-19,AC004,101.696
2025-08-20,AC004,101.0697
2025-08-21,AC004,100.5277
2025-08-22,AC004,100.4793
2025-08-25,AC004,100.1374
2025-08-26,AC004,100.4243
2025-08-27,AC004,100.5038
2025-08-28,AC004,100.8523
2025-08-29,AC004,100.4694
2025-09-01,AC004,100.8461
2025-09-02,AC004,101.1836
2025-09-03,AC004,101.0153
2025-09-04,AC004,101.1667
2025-09-05,AC004,100.758
2025-09-08,AC004,100.6483
2025-09-09,AC004,100.56
2025-09-10,AC004,100.5865
2025-09-11,AC004,100.9141
2025-09-12,AC004,100.7482
2025-09-15,AC004,101.079
2025-09-16,AC004,101.9495
2025-09-17,AC004,101.8125
2025-09-18,AC004,101.4824
2025-09-19,AC004,101.1894
2025-09-22,AC004,101.0083
2025-09-23,AC004,101.0789
2025-09-24,AC004,101.617
2025-09-25,AC004,101.8631
2025-09-26,AC004,101.7139
2025-09-29,AC004,101.6351
2025-09-30,AC004,101.679
2025-10-01,AC004,101.7999
2025-10-02,AC004,101.7473
2025-10-03,AC004,102.1094
2025-10-06,AC004,102.302
2025-10-07,AC004,101.7739
2025-10-08,AC004,101.4123
2025-10-09,AC004,101.6311
2025-10-10,AC004,101.0926
2025-10-13,AC004,101.0303
2025-10-14,AC004,101.3313
2025-10-15,AC004,101.6531
2025-10-16,AC004,101.8411
2025-10-17,AC004,102.5229
2025-10-20,AC004,102.5684
2025-10-21,AC004,102.168
2025-10-22,AC004,101.7626
2025-10-23,AC004,101.5866
2025-10-24,AC004,101.9012
2025-10-27,AC004,102.0295
2025-10-28,AC004,102.2767
2025-10-29,AC004,101.9449
2025-10-30,AC004,101.8555
2025-10-31,AC004,101.6505
2025-11-03,AC004,101.826
2025-11-04,AC004,101.9143
2025-11-05,AC004,101.7881
2025-11-06,AC004,101.8752
2025-11-07,AC004,101.6392
2025-11-10,AC004,102.2619
2025-11-11,AC004,102.7393
2025-11-12,AC004,103.1552
2025-11-13,AC004,103.406
2025-11-14,AC004,103.1067
2025-11-17,AC004,102.9696
2025-11-18,AC004,103.1189
2025-11-19,AC004,103.0229
2025-11-20,AC004,102.544
2025-11-21,AC004,101.7903
2025-11-24,AC004,101.8504
2025-11-25,AC004,101.543
2025-11-26,AC004,101.0318
2025-11-27,AC004,101.4119
2025-11-28,AC004,101.2435
2025-12-01,AC004,101.3246
2025-12-02,AC004,101.5419
2025-12-03,AC004,101.2458
2025-12-04,AC004,101.4978
2025-12-05,AC004,101.6035
2025-12-08,AC004,101.8449
2025-12-09,AC004,101.9012
2025-12-10,AC004,101.7311
2025-12-11,AC004,101.8343
2025-12-12,AC004,101.8609
2025-12-15,AC004,101.7774
2025-12-16,AC004,101.9908
2025-12-17,AC004,101.7417
2025-12-18,AC004,101.6303
2025-12-19,AC004,101.9846
2025-12-22,AC004,102.7411
2025-12-23,AC004,102.5024
2025-12-24,AC004,102.1612
2025-12-25,AC004,101.6403
2025-12-26,AC004,101.2391
2025-12-29,AC004,100.9447
2025-12-30,AC004,101.1329
2025-12-31,AC004,101.1836
2025-01-02,AC005,100.7548
2025-01-03,AC005,100.6148
2025-01-06,AC005,101.2708
2025-01-07,AC005,101.3471
2025-01-08,AC005,101.1516
2025-01-09,AC005,101.0917
2025-01-10,AC005,100.8886
2025-01-13,AC005,100.688
2025-01-14,AC005,100.6288
2025-01-15,AC005,100.2893
2025-01-16,AC005,99.5182
2025-01-17,AC005,99.4695
2025-01-20,AC005,99.5768
2025-01-21,AC005,99.6826
2025-01-22,AC005,99.679
2025-01-23,AC005,99.8626
2025-01-24,AC005,100.4565
2025-01-27,AC005,100.2219
2025-01-28,AC005,100.2425
2025-01-29,AC005,100.2162
2025-01-30,AC005,99.7915
2025-01-31,AC005,100.0588
2025-02-03,AC005,100.4248
2025-02-04,AC005,101.1944
2025-02-05,AC005,100.9241
2025-02-06,AC005,101.183
2025-02-07,AC005,100.6803
2025-02-10,AC005,101.0641
2025-02-11,AC005,101.2568
2025-02-12,AC005,101.2992
2025-02-13,AC005,101.1228
2025-02-14,AC005,100.4604
2025-02-17,AC005,100.5689
2025-02-18,AC005,100.3622
2025-02-19,AC005,99.9924
2025-02-20,AC005,100.2863
2025-02-21,AC005,99.6831
2025-02-24,AC005,99.0138
2025-02-25,AC005,98.8873
2025-02-26,AC005,98.8154
2025-02-27,AC005,99.4303
2025-02-28,AC005,99.3102
2025-03-03,AC005,98.6342
2025-03-04,AC005,98.0642
2025-03-05,AC005,98.3804
2025-03-06,AC005,98.2257
2025-03-07,AC005,97.8554
2025-03-10,AC005,98.0914
2025-03-11,AC005,98.2319
2025-03-12,AC005,98.5803
2025-03-13,AC005,98.3251
2025-03-14,AC005,98.4071
2025-03-17,AC005,98.0025
2025-03-18,AC005,97.7153
2025-03-19,AC005,97.8569
2025-03-20,AC005,97.453
2025-03-21,AC005,97.4399
2025-03-24,AC005,97.6773
2025-03-25,AC005,98.2506
2025-03-26,AC005,98.4108
2025-03-27,AC005,98.7205
2025-03-28,AC005,98.4518
2025-03-31,AC005,98.5808
2025-04-01,AC005,98.8076
2025-04-02,AC005,98.8787
2025-04-03,AC005,99.4246
2025-04-04,AC005,99.0022
2025-04-07,AC005,99.3229
2025-04-08,AC005,99.6424
2025-04-09,AC005,100.0082
2025-04-10,AC005,99.4684
2025-04-11,AC005,98.8489
2025-04-14,AC005,99.2485
2025-04-15,AC005,99.5538
2025-04-16,AC005,99.6661
2025-04-17,AC005,100.0422
2025-04-18,AC005,99.9039
2025-04-21,AC005,100.2781
2025-04-22,AC005,99.6924
2025-04-23,AC005,99.7111
2025-04-24,AC005,99.4931
2025-04-25,AC005,99.6731
2025-04-28,AC005,99.4089
2025-04-29,AC005,99.3921
2025-04-30,AC005,99.5506
2025-05-01,AC005,99.2132
2025-05-02,AC005,98.9822
2025-05-05,AC005,98.9604
2025-05-06,AC005,98.5273
2025-05-07,AC005,98.8693
2025-05-08,AC005,99.507
2025-05-09,AC005,98.9406
2025-05-12,AC005,99.007
2025-05-13,AC005,98.0986
2025-05-14,AC005,97.9251
2025-05-15,AC005,98.2327
2025-05-16,AC005,97.9854
2025-05-19,AC005,97.8373
2025-05-20,AC005,97.5985
2025-05-21,AC005,97.5875
2025-05-22,AC005,97.8823
2025-05-23,AC005,98.1233
2025-05-26,AC005,98.2298
2025-05-27,AC005,98.4159
2025-05-28,AC005,98.2192
2025-05-29,AC005,98.0081
2025-05-30,AC005,98.1092
2025-06-02,AC005,99.1383
2025-06-03,AC005,98.7209
2025-06-04,AC005,98.5589
2025-06-05,AC005,98.503
2025-06-06,AC005,98.6208
2025-06-09,AC005,98.3975
2025-06-10,AC005,99.0226
2025-06-11,AC005,99.0294
2025-06-12,AC005,99.2377
2025-06-13,AC005,99.7949
2025-06-16,AC005,99.3871
2025-06-17,AC005,99.1464
2025-06-18,AC005,98.9715
2025-06-19,AC005,98.7407
2025-06-20,AC005,98.7083
2025-06-23,AC005,98.7664
2025-06-24,AC005,98.1899
2025-06-25,AC005,98.5214
2025-06-26,AC005,98.6786
2025-06-27,AC005,97.8913
2025-06-30,AC005,98.0207
2025-07-01,AC005,98.601
2025-07-02,AC005,99.0084
2025-07-03,AC005,99.0373
2025-07-04,AC005,98.9328
2025-07-07,AC005,99.1088
2025-07-08,AC005,98.5945
2025-07-09,AC005,98.728
2025-07-10,AC005,98.4912
2025-07-11,AC005,98.7483
2025-07-14,AC005,98.3007
2025-07-15,AC005,98.5289
2025-07-16,AC005,98.6503
2025-07-17,AC005,98.3921
2025-07-18,AC005,98.3363
2025-07-21,AC005,97.8907
2025-07-22,AC005,98.1724
2025-07-23,AC005,98.2381
2025-07-24,AC005,97.802
2025-07-25,AC005,98.4839
2025-07-28,AC005,98.4212
2025-07-29,AC005,97.7536
2025-07-30,AC005,97.6639
2025-07-31,AC005,97.7307
2025-08-01,AC005,96.9251
2025-08-04,AC005,97.7164
2025-08-05,AC005,97.3592
2025-08-06,AC005,98.3053
2025-08-07,AC005,97.9742
2025-08-08,AC005,97.8834
2025-08-11,AC005,98.3108
2025-08-12,AC005,98.386
2025-08-13,AC005,98.7448
2025-08-14,AC005,98.9521
2025-08-15,AC005,99.3191
2025-08-18,AC005,99.5109
2025-08-19,AC005,99.4609
2025-08-20,AC005,99.6937
2025-08-21,AC005,99.3949
2025-08-22,AC005,99.2376
2025-08-25,AC005,99.4501
2025-08-26,AC005,99.4612
2025-08-27,AC005,98.9446
2025-08-28,AC005,98.9402
2025-08-29,AC005,99.0501
2025-09-01,AC005,98.8914
2025-09-02,AC005,99.0983
2025-09-03,AC005,99.9629
2025-09-04,AC005,99.9856
2025-09-05,AC005,99.9904
2025-09-08,AC005,99.6188
2025-09-09,AC005,99.4821
2025-09-10,AC005,99.229
2025-09-11,AC005,98.4027
2025-09-12,AC005,97.9608
2025-09-15,AC005,97.7888
2025-09-16,AC005,97.9112
2025-09-17,AC005,97.7793
2025-09-18,AC005,98.7258
2025-09-19,AC005,99.2619
2025-09-22,AC005,99.4167
2025-09-23,AC005,100.1909
2025-09-24,AC005,100.4903
2025-09-25,AC005,100.8505
2025-09-26,AC005,99.9977
2025-09-29,AC005,99.8794
2025-09-30,AC005,99.9765
2025-10-01,AC005,99.5968
2025-10-02,AC005,99.6082
2025-10-03,AC005,99.8271
2025-10-06,AC005,100.2041
2025-10-07,AC005,100.0914
2025-10-08,AC005,100.1248
2025-10-09,AC005,100.1657
2025-10-10,AC005,100.2608
2025-10-13,AC005,100.411
2025-10-14,AC005,101.3522
2025-10-15,AC005,101.5419
2025-10-16,AC005,101.7885
2025-10-17,AC005,102.1981
2025-10-20,AC005,101.5683
2025-10-21,AC005,102.0064
2025-10-22,AC005,102.2038
2025-10-23,AC005,102.3096
2025-10-24,AC005,103.1595
2025-10-27,AC005,103.2254
2025-10-28,AC005,103.1906
2025-10-29,AC005,103.3808
2025-10-30,AC005,102.9712
2025-10-31,AC005,103.6138
2025-11-03,AC005,104.2581
2025-11-04,AC005,104.47
2025-11-05,AC005,104.5679
2025-11-06,AC005,104.3208
2025-11-07,AC005,104.6244
2025-11-10,AC005,104.8201
2025-11-11,AC005,105.1154
2025-11-12,AC005,104.792
2025-11-13,AC005,104.5075
2025-11-14,AC005,104.9282
2025-11-17,AC005,104.2437
2025-11-18,AC005,103.6898
2025-11-19,AC005,103.8196
2025-11-20,AC005,103.6938
2025-11-21,AC005,103.61
2025-11-24,AC005,103.4711
2025-11-25,AC005,103.2094
2025-11-26,AC005,103.26
2025-11-27,AC005,102.4864
2025-11-28,AC005,103.1499
2025-12-01,AC005,102.7741
2025-12-02,AC005,102.8956
2025-12-03,AC005,103.4995
2025-12-04,AC005,103.2306
2025-12-05,AC005,103.2564
2025-12-08,AC005,102.2786
2025-12-09,AC005,102.6242
2025-12-10,AC005,102.3677
2025-12-11,AC005,101.494
2025-12-12,AC005,101.3379
2025-12-15,AC005,100.966
2025-12-16,AC005,100.8026
2025-12-17,AC005,100.3148
2025-12-18,AC005,100.5836
2025-12-19,AC005,100.8069
2025-12-22,AC005,100.3554
2025-12-23,AC005,100.7349
2025-12-24,AC005,101.0492
2025-12-25,AC005,101.7929
2025-12-26,AC005,102.4055
2025-12-29,AC005,102.4156
2025-12-30,AC005,102.5497
2025-12-31,AC005,103.1267
2025-01-02,AC006,94.7621
2025-01-03,AC006,94.7357
2025-01-06,AC006,94.4147
2025-01-07,AC006,94.934
2025-01-08,AC006,94.4919
2025-01-09,AC006,94.1315
2025-01-10,AC006,93.3476
2025-01-13,AC006,92.6817
2025-01-14,AC006,92.8978
2025-01-15,AC006,92.4972
2025-01-16,AC006,93.2936
2025-01-17,AC006,93.2001
2025-01-20,AC006,91.7704
2025-01-21,AC006,90.9548
2025-01-22,AC006,91.1817
2025-01-23,AC006,91.3151
2025-01-24,AC006,91.5767
2025-01-27,AC006,91.8688
2025-01-28,AC006,92.0803
2025-01-29,AC006,91.5233
2025-01-30,AC006,91.739
2025-01-31,AC006,91.9851
2025-02-03,AC006,92.2867
2025-02-04,AC006,92.5618
2025-02-05,AC006,93.5279
2025-02-06,AC006,94.1445
2025-02-07,AC006,93.2651
2025-02-10,AC006,92.8844
2025-02-11,AC006,93.7332
2025-02-12,AC006,93.8938
2025-02-13,AC006,93.6424
2025-02-14,AC006,93.9366
2025-02-17,AC006,94.7126
2025-02-18,AC006,93.9071
2025-02-19,AC006,95.065
2025-02-20,AC006,93.794
2025-02-21,AC006,93.962
2025-02-24,AC006,93.7793
2025-02-25,AC006,93.7752
2025-02-26,AC006,94.2634
2025-02-27,AC006,94.73
2025-02-28,AC006,95.4046
2025-03-03,AC006,95.4408
2025-03-04,AC006,95.672
2025-03-05,AC006,95.2735
2025-03-06,AC006,95.5555
2025-03-07,AC006,95.864
2025-03-10,AC006,96.6143
2025-03-11,AC006,96.6094
2025-03-12,AC006,96.8489
2025-03-13,AC006,97.0034
2025-03-14,AC006,97.312
2025-03-17,AC006,97.2284
2025-03-18,AC006,97.9413
2025-03-19,AC006,98.8911
2025-03-20,AC006,98.8091
2025-03-21,AC006,98.3507
2025-03-24,AC006,98.1059
2025-03-25,AC006,97.8176
2025-03-26,AC006,98.0344
2025-03-27,AC006,97.8961
2025-03-28,AC006,98.6537
2025-03-31,AC006,99.6612
2025-04-01,AC006,99.3121
2025-04-02,AC006,98.7615
2025-04-03,AC006,97.4106
2025-04-04,AC006,96.9094
2025-04-07,AC006,96.2463
2025-04-08,AC006,96.6149
2025-04-09,AC006,97.6593
2025-04-10,AC006,96.9302
2025-04-11,AC006,98.1927
2025-04-14,AC006,98.0889
2025-04-15,AC006,97.9831
2025-04-16,AC006,97.7268
2025-04-17,AC006,98.67
2025-04-18,AC006,97.6913
2025-04-21,AC006,96.8238
2025-04-22,AC006,96.7753
2025-04-23,AC006,96.9606
2025-04-24,AC006,97.5422
2025-04-25,AC006,97.328
2025-04-28,AC006,96.7218
2025-04-29,AC006,96.3474
2025-04-30,AC006,96.2594
2025-05-01,AC006,96.0782
2025-05-02,AC006,95.7594
2025-05-05,AC006,96.2333
2025-05-06,AC006,96.3588
2025-05-07,AC006,95.3049
2025-05-08,AC006,95.7711
2025-05-09,AC006,95.3724
2025-05-12,AC006,95.6331
2025-05-13,AC006,94.8931
2025-05-14,AC006,94.5483
2025-05-15,AC006,95.3492
2025-05-16,AC006,95.335
2025-05-19,AC006,93.437
2025-05-20,AC006,93.1151
2025-05-21,AC006,93.8021
2025-05-22,AC006,94.287
2025-05-23,AC006,94.1371
2025-05-26,AC006,94.8159
2025-05-27,AC006,93.7206
2025-05-28,AC006,92.7149
2025-05-29,AC006,92.9915
2025-05-30,AC006,92.5111
2025-06-02,AC006,92.5354
2025-06-03,AC006,93.2426
2025-06-04,AC006,92.861
2025-06-05,AC006,94.0963
2025-06-06,AC006,92.5259
2025-06-09,AC006,92.3233
2025-06-10,AC006,91.9796
2025-06-11,AC006,91.7136
2025-06-12,AC006,91.9498
2025-06-13,AC006,91.8936
2025-06-16,AC006,91.4241
2025-06-17,AC006,91.5273
2025-06-18,AC006,92.29
2025-06-19,AC006,93.1863
2025-06-20,AC006,92.4323
2025-06-23,AC006,91.7801
2025-06-24,AC006,91.9741
2025-06-25,AC006,91.3888
2025-06-26,AC006,91.6352
2025-06-27,AC006,92.7052
2025-06-30,AC006,93.6342
2025-07-01,AC006,93.2855
2025-07-02,AC006,92.5304
2025-07-03,AC006,92.59
2025-07-04,AC006,92.2257
2025-07-07,AC006,91.7934
2025-07-08,AC006,90.8738
2025-07-09,AC006,90.6141
2025-07-10,AC006,90.1443
2025-07-11,AC006,90.1366
2025-07-14,AC006,89.4296
2025-07-15,AC006,88.6901
2025-07-16,AC006,89.9234
2025-07-17,AC006,89.7794
2025-07-18,AC006,88.975
2025-07-21,AC006,89.1947
2025-07-22,AC006,88.8605
2025-07-23,AC006,88.562
2025-07-24,AC006,89.0606
2025-07-25,AC006,89.9294
2025-07-28,AC006,90.092
2025-07-29,AC006,89.3976
2025-07-30,AC006,88.9492
2025-07-31,AC006,88.7192
2025-08-01,AC006,89.3587
2025-08-04,AC006,88.8042
2025-08-05,AC006,89.313
2025-08-06,AC006,89.0786
2025-08-07,AC006,89.1761
2025-08-08,AC006,89.2757
2025-08-11,AC006,88.8971
2025-08-12,AC006,88.7519
2025-08-13,AC006,88.3632
2025-08-14,AC006,86.6477
2025-08-15,AC006,86.8011
2025-08-18,AC006,85.7701
2025-08-19,AC006,85.9753
2025-08-20,AC006,85.4872
2025-08-21,AC006,85.735
2025-08-22,AC006,85.2596
2025-08-25,AC006,85.4228
2025-08-26,AC006,85.6579
2025-08-27,AC006,85.828
2025-08-28,AC006,86.2745
2025-08-29,AC006,85.4579
2025-09-01,AC006,85.4789
2025-09-02,AC006,85.1864
2025-09-03,AC006,85.5495
2025-09-04,AC006,84.4835
2025-09-05,AC006,84.0171
2025-09-08,AC006,85.0925
2025-09-09,AC006,86.1809
2025-09-10,AC006,86.0239
2025-09-11,AC006,85.4994
2025-09-12,AC006,85.5007
2025-09-15,AC006,85.5468
2025-09-16,AC006,86.2634
2025-09-17,AC006,85.4872
2025-09-18,AC006,85.9834
2025-09-19,AC006,84.3275
2025-09-22,AC006,84.8742
2025-09-23,AC006,85.1286
2025-09-24,AC006,85.44
2025-09-25,AC006,85.1443
2025-09-26,AC006,85.3808
2025-09-29,AC006,86.3094
2025-09-30,AC006,87.6118
2025-10-01,AC006,88.2674
2025-10-02,AC006,88.2253
2025-10-03,AC006,87.7932
2025-10-06,AC006,87.7344
2025-10-07,AC006,88.279
2025-10-08,AC006,88.522
2025-10-09,AC006,87.814
2025-10-10,AC006,88.0612
2025-10-13,AC006,88.2542
2025-10-14,AC006,89.3626
2025-10-15,AC006,90.0097
2025-10-16,AC006,90.7364
2025-10-17,AC006,89.6413
2025-10-20,AC006,88.7142
2025-10-21,AC006,89.2409
2025-10-22,AC006,89.8965
2025-10-23,AC006,90.2336
2025-10-24,AC006,89.7556
2025-10-27,AC006,89.3356
2025-10-28,AC006,89.8528
2025-10-29,AC006,89.7073
2025-10-30,AC006,89.7937
2025-10-31,AC006,90.2458
2025-11-03,AC006,90.6527
2025-11-04,AC006,91.2418
2025-11-05,AC006,91.5486
2025-11-06,AC006,92.1573
2025-11-07,AC006,91.6282
2025-11-10,AC006,91.1361
2025-11-11,AC006,90.8827
2025-11-12,AC006,91.0308
2025-11-13,AC006,91.4487
2025-11-14,AC006,91.527
2025-11-17,AC006,90.5546
2025-11-18,AC006,91.1418
2025-11-19,AC006,91.7339
2025-11-20,AC006,92.3439
2025-11-21,AC006,93.4067
2025-11-24,AC006,92.543
2025-11-25,AC006,91.8335
2025-11-26,AC006,91.2921
2025-11-27,AC006,90.3818
2025-11-28,AC006,89.5813
2025-12-01,AC006,89.0846
2025-12-02,AC006,89.0195
2025-12-03,AC006,87.9598
2025-12-04,AC006,88.344
2025-12-05,AC006,88.4415
2025-12-08,AC006,88.5061
2025-12-09,AC006,89.224
2025-12-10,AC006,89.4259
2025-12-11,AC006,88.7537
2025-12-12,AC006,87.8239
2025-12-15,AC006,86.9002
2025-12-16,AC006,87.5852
2025-12-17,AC006,86.9124
2025-12-18,AC006,87.7567
2025-12-19,AC006,87.5007
2025-12-22,AC006,87.4174
2025-12-23,AC006,87.5664
2025-12-24,AC006,86.3611
2025-12-25,AC006,86.4351
2025-12-26,AC006,85.4612
2025-12-29,AC006,86.0977
2025-12-30,AC006,85.5641
2025-12-31,AC006,86.5202
2025-01-02,AC007,100.0127
2025-01-03,AC007,100.0442
2025-01-06,AC007,100.0739
2025-01-07,AC007,100.0884
2025-01-08,AC007,100.0996
2025-01-09,AC007,100.1011
2025-01-10,AC007,100.1233
2025-01-13,AC007,100.1728
2025-01-14,AC007,100.1829
2025-01-15,AC007,100.2075
2025-01-16,AC007,100.2177
2025-01-17,AC007,100.2513
2025-01-20,AC007,100.2813
2025-01-21,AC007,100.3019
2025-01-22,AC007,100.3213
2025-01-23,AC007,100.3635
2025-01-24,AC007,100.378
2025-01-27,AC007,100.3994
2025-01-28,AC007,100.4294
2025-01-29,AC007,100.4385
2025-01-30,AC007,100.4595
2025-01-31,AC007,100.4726
2025-02-03,AC007,100.4881
2025-02-04,AC007,100.5205
2025-02-05,AC007,100.514
2025-02-06,AC007,100.5355
2025-02-07,AC007,100.5699
2025-02-10,AC007,100.5774
2025-02-11,AC007,100.611
2025-02-12,AC007,100.628
2025-02-13,AC007,100.6234
2025-02-14,AC007,100.6356
2025-02-17,AC007,100.6556
2025-02-18,AC007,100.6933
2025-02-19,AC007,100.7296
2025-02-20,AC007,100.7551
2025-02-21,AC007,100.7758
2025-02-24,AC007,100.7981
2025-02-25,AC007,100.8223
2025-02-26,AC007,100.853
2025-02-27,AC007,100.8673
2025-02-28,AC007,100.8913
2025-03-03,AC007,100.9191
2025-03-04,AC007,100.9468
2025-03-05,AC007,100.9688
2025-03-06,AC007,100.9836
2025-03-07,AC007,101.0172
2025-03-10,AC007,101.0477
2025-03-11,AC007,101.0577
2025-03-12,AC007,101.077
2025-03-13,AC007,101.0999
2025-03-14,AC007,101.1289
2025-03-17,AC007,101.1407
2025-03-18,AC007,101.1519
2025-03-19,AC007,101.1887
2025-03-20,AC007,101.2068
2025-03-21,AC007,101.2268
2025-03-24,AC007,101.2585
2025-03-25,AC007,101.2888
2025-03-26,AC007,101.2793
2025-03-27,AC007,101.3051
2025-03-28,AC007,101.3253
2025-03-31,AC007,101.3411
2025-04-01,AC007,101.3544
2025-04-02,AC007,101.3853
2025-04-03,AC007,101.4021
2025-04-04,AC007,101.4309
2025-04-07,AC007,101.4543
2025-04-08,AC007,101.474
2025-04-09,AC007,101.5067
2025-04-10,AC007,101.5437
2025-04-11,AC007,101.5629
2025-04-14,AC007,101.599
2025-04-15,AC007,101.6104
2025-04-16,AC007,101.6353
2025-04-17,AC007,101.6574
2025-04-18,AC007,101.6666
2025-04-21,AC007,101.6894
2025-04-22,AC007,101.7025
2025-04-23,AC007,101.7306
2025-04-24,AC007,101.7573
2025-04-25,AC007,101.7915
2025-04-28,AC007,101.8066
2025-04-29,AC007,101.8251
2025-04-30,AC007,101.841
2025-05-01,AC007,101.872
2025-05-02,AC007,101.898
2025-05-05,AC007,101.9198
2025-05-06,AC007,101.9071
2025-05-07,AC007,101.9361
2025-05-08,AC007,101.9557
2025-05-09,AC007,101.9833
2025-05-12,AC007,101.9896
2025-05-13,AC007,102.0104
2025-05-14,AC007,102.0314
2025-05-15,AC007,102.055
2025-05-16,AC007,102.0871
2025-05-19,AC007,102.1077
2025-05-20,AC007,102.1352
2025-05-21,AC007,102.1506
2025-05-22,AC007,102.1746
2025-05-23,AC007,102.1845
2025-05-26,AC007,102.2072
2025-05-27,AC007,102.2275
2025-05-28,AC007,102.2538
2025-05-29,AC007,102.2739
2025-05-30,AC007,102.3015
2025-06-02,AC007,102.3149
2025-06-03,AC007,102.3471
2025-06-04,AC007,102.3535
2025-06-05,AC007,102.3755
2025-06-06,AC007,102.3987
2025-06-09,AC007,102.4379
2025-06-10,AC007,102.4443
2025-06-11,AC007,102.4604
2025-06-12,AC007,102.4814
2025-06-13,AC007,102.4806
2025-06-16,AC007,102.4974
2025-06-17,AC007,102.5361
2025-06-18,AC007,102.5568
2025-06-19,AC007,102.5949
2025-06-20,AC007,102.6036
2025-06-23,AC007,102.6312
2025-06-24,AC007,102.6631
2025-06-25,AC007,102.6706
2025-06-26,AC007,102.6841
2025-06-27,AC007,102.6968
2025-06-30,AC007,102.7421
2025-07-01,AC007,102.7524
2025-07-02,AC007,102.7865
2025-07-03,AC007,102.8026
2025-07-04,AC007,102.8106
2025-07-07,AC007,102.8212
2025-07-08,AC007,102.8444
2025-07-09,AC007,102.8889
2025-07-10,AC007,102.9027
2025-07-11,AC007,102.9181
2025-07-14,AC007,102.9496
2025-07-15,AC007,102.9738
2025-07-16,AC007,102.9983
2025-07-17,AC007,103.0369
2025-07-18,AC007,103.0536
2025-07-21,AC007,103.0719
2025-07-22,AC007,103.0875
2025-07-23,AC007,103.1247
2025-07-24,AC007,103.1655
2025-07-25,AC007,103.1891
2025-07-28,AC007,103.2072
2025-07-29,AC007,103.2069
2025-07-30,AC007,103.222
2025-07-31,AC007,103.2522
2025-08-01,AC007,103.2636
2025-08-04,AC007,103.3014
2025-08-05,AC007,103.3299
2025-08-06,AC007,103.3615
2025-08-07,AC007,103.382
2025-08-08,AC007,103.4241
2025-08-11,AC007,103.4337
2025-08-12,AC007,103.4517
2025-08-13,AC007,103.4756
2025-08-14,AC007,103.4951
2025-08-15,AC007,103.5162
2025-08-18,AC007,103.5172
2025-08-19,AC007,103.5423
2025-08-20,AC007,103.574
2025-08-21,AC007,103.586
2025-08-22,AC007,103.6049
2025-08-25,AC007,103.6129
2025-08-26,AC007,103.6193
2025-08-27,AC007,103.6435
2025-08-28,AC007,103.6788
2025-08-29,AC007,103.6926
2025-09-01,AC007,103.7105
2025-09-02,AC007,103.7377
2025-09-03,AC007,103.7499
2025-09-04,AC007,103.7589
2025-09-05,AC007,103.7555
2025-09-08,AC007,103.7741
2025-09-09,AC007,103.8175
2025-09-10,AC007,103.8337
2025-09-11,AC007,103.8499
2025-09-12,AC007,103.8807
2025-09-15,AC007,103.9079
2025-09-16,AC007,103.9161
2025-09-17,AC007,103.9321
2025-09-18,AC007,103.9549
2025-09-19,AC007,103.9612
2025-09-22,AC007,103.9857
2025-09-23,AC007,103.9974
2025-09-24,AC007,104.016
2025-09-25,AC007,104.041
2025-09-26,AC007,104.0696
2025-09-29,AC007,104.0779
2025-09-30,AC007,104.0898
2025-10-01,AC007,104.1115
2025-10-02,AC007,104.1373
2025-10-03,AC007,104.1475
2025-10-06,AC007,104.1689
2025-10-07,AC007,104.2158
2025-10-08,AC007,104.2357
2025-10-09,AC007,104.2643
2025-10-10,AC007,104.2811
2025-10-13,AC007,104.2772
2025-10-14,AC007,104.3141
2025-10-15,AC007,104.3322
2025-10-16,AC007,104.3666
2025-10-17,AC007,104.3945
2025-10-20,AC007,104.4211
2025-10-21,AC007,104.4429
2025-10-22,AC007,104.4479
2025-10-23,AC007,104.4568
2025-10-24,AC007,104.473
2025-10-27,AC007,104.4819
2025-10-28,AC007,104.5264
2025-10-29,AC007,104.5538
2025-10-30,AC007,104.5717
2025-10-31,AC007,104.5926
2025-11-03,AC007,104.6004
2025-11-04,AC007,104.6178
2025-11-05,AC007,104.6555
2025-11-06,AC007,104.6669
2025-11-07,AC007,104.6753
2025-11-10,AC007,104.6918
2025-11-11,AC007,104.7048
2025-11-12,AC007,104.7269
2025-11-13,AC007,104.7562
2025-11-14,AC007,104.7832
2025-11-17,AC007,104.8125
2025-11-18,AC007,104.8433
2025-11-19,AC007,104.8698
2025-11-20,AC007,104.8979
2025-11-21,AC007,104.9216
2025-11-24,AC007,104.943
2025-11-25,AC007,104.9577
2025-11-26,AC007,104.9734
2025-11-27,AC007,104.9871
2025-11-28,AC007,105.0137
2025-12-01,AC007,105.037
2025-12-02,AC007,105.0441
2025-12-03,AC007,105.0594
2025-12-04,AC007,105.0876
2025-12-05,AC007,105.1148
2025-12-08,AC007,105.1372
2025-12-09,AC007,105.153
2025-12-10,AC007,105.1758
2025-12-11,AC007,105.1974
2025-12-12,AC007,105.2317
2025-12-15,AC007,105.2439
2025-12-16,AC007,105.2706
2025-12-17,AC007,105.293
2025-12-18,AC007,105.3018
2025-12-19,AC007,105.319
2025-12-22,AC007,105.3475
2025-12-23,AC007,105.3623
2025-12-24,AC007,105.3882
2025-12-25,AC007,105.4057
2025-12-26,AC007,105.424
2025-12-29,AC007,105.4466
2025-12-30,AC007,105.4462
2025-12-31,AC007,105.4503
2025-01-02,AC008,102.7573
2025-01-03,AC008,101.2352
2025-01-06,AC008,101.9264
2025-01-07,AC008,103.2432
2025-01-08,AC008,104.3498
2025-01-09,AC008,103.3446
2025-01-10,AC008,101.6666
2025-01-13,AC008,102.091
2025-01-14,AC008,102.4271
2025-01-15,AC008,103.4056
2025-01-16,AC008,102.9679
2025-01-17,AC008,104.4926
2025-01-20,AC008,105.4883
2025-01-21,AC008,104.4176
2025-01-22,AC008,103.7043
2025-01-23,AC008,103.4972
2025-01-24,AC008,105.0527
2025-01-27,AC008,103.9633
2025-01-28,AC008,101.6579
2025-01-29,AC008,100.7711
2025-01-30,AC008,101.3774
2025-01-31,AC008,101.5691
2025-02-03,AC008,102.3769
2025-02-04,AC008,102.969
2025-02-05,AC008,104.0869
2025-02-06,AC008,105.5296
2025-02-07,AC008,105.638
2025-02-10,AC008,105.3378
2025-02-11,AC008,105.9771
2025-02-12,AC008,106.4111
2025-02-13,AC008,105.3506
2025-02-14,AC008,105.2218
2025-02-17,AC008,104.1431
2025-02-18,AC008,104.3768
2025-02-19,AC008,103.3406
2025-02-20,AC008,104.2418
2025-02-21,AC008,105.2235
2025-02-24,AC008,103.194
2025-02-25,AC008,102.9587
2025-02-26,AC008,101.7661
2025-02-27,AC008,101.5702
2025-02-28,AC008,100.5107
2025-03-03,AC008,100.9992
2025-03-04,AC008,101.4848
2025-03-05,AC008,101.0389
2025-03-06,AC008,100.2198
2025-03-07,AC008,101.4457
2025-03-10,AC008,102.0442
2025-03-11,AC008,102.2191
2025-03-12,AC008,101.5999
2025-03-13,AC008,101.3023
2025-03-14,AC008,96.926
2025-03-17,AC008,98.7672
2025-03-18,AC008,99.5416
2025-03-19,AC008,100.2331
2025-03-20,AC008,102.1031
2025-03-21,AC008,100.1506
2025-03-24,AC008,99.1445
2025-03-25,AC008,100.3549
2025-03-26,AC008,101.2831
2025-03-27,AC008,102.3906
2025-03-28,AC008,103.06
2025-03-31,AC008,102.9169
2025-04-01,AC008,101.3985
2025-04-02,AC008,100.7066
2025-04-03,AC008,99.3142
2025-04-04,AC008,101.2831
2025-04-07,AC008,100.4156
2025-04-08,AC008,100.2824
2025-04-09,AC008,98.3787
2025-04-10,AC008,98.432
2025-04-11,AC008,101.7385
2025-04-14,AC008,103.1789
2025-04-15,AC008,103.048
2025-04-16,AC008,104.106
2025-04-17,AC008,105.1165
2025-04-18,AC008,103.0301
2025-04-21,AC008,102.2396
2025-04-22,AC008,103.4041
2025-04-23,AC008,102.5122
2025-04-24,AC008,102.1002
2025-04-25,AC008,103.1314
2025-04-28,AC008,103.0352
2025-04-29,AC008,103.8648
2025-04-30,AC008,105.1678
2025-05-01,AC008,105.6288
2025-05-02,AC008,106.2218
2025-05-05,AC008,107.734
2025-05-06,AC008,107.0111
2025-05-07,AC008,107.1122
2025-05-08,AC008,106.3884
2025-05-09,AC008,108.2546
2025-05-12,AC008,106.0326
2025-05-13,AC008,104.9422
2025-05-14,AC008,104.9303
2025-05-15,AC008,104.6579
2025-05-16,AC008,104.2684
2025-05-19,AC008,103.7973
2025-05-20,AC008,103.593
2025-05-21,AC008,104.3594
2025-05-22,AC008,103.1124
2025-05-23,AC008,103.5949
2025-05-26,AC008,101.7655
2025-05-27,AC008,101.5537
2025-05-28,AC008,100.0594
2025-05-29,AC008,100.467
2025-05-30,AC008,100.0246
2025-06-02,AC008,101.0158
2025-06-03,AC008,98.3932
2025-06-04,AC008,99.0145
2025-06-05,AC008,97.515
2025-06-06,AC008,97.0415
2025-06-09,AC008,97.2069
2025-06-10,AC008,97.2901
2025-06-11,AC008,96.7021
2025-06-12,AC008,97.5051
2025-06-13,AC008,96.4368
2025-06-16,AC008,97.33
2025-06-17,AC008,95.3307
2025-06-18,AC008,96.3424
2025-06-19,AC008,95.926
2025-06-20,AC008,95.0136
2025-06-23,AC008,94.4536
2025-06-24,AC008,92.816
2025-06-25,AC008,93.0299
2025-06-26,AC008,93.9435
2025-06-27,AC008,96.2258
2025-06-30,AC008,97.359
2025-07-01,AC008,96.6707
2025-07-02,AC008,97.6124
2025-07-03,AC008,96.1252
2025-07-04,AC008,96.19
2025-07-07,AC008,94.1796
2025-07-08,AC008,94.6231
2025-07-09,AC008,95.4701
2025-07-10,AC008,94.9095
2025-07-11,AC008,94.3111
2025-07-14,AC008,94.7538
2025-07-15,AC008,95.4095
2025-07-16,AC008,94.9898
2025-07-17,AC008,94.7247
2025-07-18,AC008,95.598
2025-07-21,AC008,95.3208
2025-07-22,AC008,95.612
2025-07-23,AC008,96.9417
2025-07-24,AC008,98.7361
2025-07-25,AC008,99.2906
2025-07-28,AC008,100.0183
2025-07-29,AC008,99.6505
2025-07-30,AC008,98.779
2025-07-31,AC008,100.0552
2025-08-01,AC008,101.1854
2025-08-04,AC008,102.1245
2025-08-05,AC008,103.3061
2025-08-06,AC008,104.8028
2025-08-07,AC008,103.9386
2025-08-08,AC008,104.5442
2025-08-11,AC008,101.721
2025-08-12,AC008,104.2204
2025-08-13,AC008,103.4322
2025-08-14,AC008,101.3161
2025-08-15,AC008,102.5233
2025-08-18,AC008,101.93
2025-08-19,AC008,101.9968
2025-08-20,AC008,99.6709
2025-08-21,AC008,99.9113
2025-08-22,AC008,99.8205
2025-08-25,AC008,100.5599
2025-08-26,AC008,101.2303
2025-08-27,AC008,102.7772
2025-08-28,AC008,101.9714
2025-08-29,AC008,101.6796
2025-09-01,AC008,101.7456
2025-09-02,AC008,101.5151
2025-09-03,AC008,100.4772
2025-09-04,AC008,100.7754
2025-09-05,AC008,102.1218
2025-09-08,AC008,102.657
2025-09-09,AC008,102.393
2025-09-10,AC008,102.8221
2025-09-11,AC008,102.7097
2025-09-12,AC008,102.2205
2025-09-15,AC008,102.6113
2025-09-16,AC008,101.2772
2025-09-17,AC008,102.034
2025-09-18,AC008,102.2734
2025-09-19,AC008,100.8641
2025-09-22,AC008,101.8946
2025-09-23,AC008,100.1646
2025-09-24,AC008,101.1488
2025-09-25,AC008,102.2335
2025-09-26,AC008,102.4069
2025-09-29,AC008,101.6535
2025-09-30,AC008,100.4457
2025-10-01,AC008,99.9
2025-10-02,AC008,99.8539
2025-10-03,AC008,99.8915
2025-10-06,AC008,100.1676
2025-10-07,AC008,100.4371
2025-10-08,AC008,100.8416
2025-10-09,AC008,102.9189
2025-10-10,AC008,102.2658
2025-10-13,AC008,101.0356
2025-10-14,AC008,99.4908
2025-10-15,AC008,99.2527
2025-10-16,AC008,97.7914
2025-10-17,AC008,100.6834
2025-10-20,AC008,100.3308
2025-10-21,AC008,99.2297
2025-10-22,AC008,99.7549
2025-10-23,AC008,99.1064
2025-10-24,AC008,100.3148
2025-10-27,AC008,101.1177
2025-10-28,AC008,101.449
2025-10-29,AC008,100.4043
2025-10-30,AC008,99.8726
2025-10-31,AC008,99.168
2025-11-03,AC008,100.246
2025-11-04,AC008,101.2279
2025-11-05,AC008,101.0059
2025-11-06,AC008,103.0544
2025-11-07,AC008,104.926
2025-11-10,AC008,103.5744
2025-11-11,AC008,103.3586
2025-11-12,AC008,104.1313
2025-11-13,AC008,102.3375
2025-11-14,AC008,102.7242
2025-11-17,AC008,103.8212
2025-11-18,AC008,102.1057
2025-11-19,AC008,102.6419
2025-11-20,AC008,102.3822
2025-11-21,AC008,104.8408
2025-11-24,AC008,105.7611
2025-11-25,AC008,107.0128
2025-11-26,AC008,107.3495
2025-11-27,AC008,104.5369
2025-11-28,AC008,105.1629
2025-12-01,AC008,104.8313
2025-12-02,AC008,105.3532
2025-12-03,AC008,106.2175
2025-12-04,AC008,107.1042
2025-12-05,AC008,106.5146
2025-12-08,AC008,107.258
2025-12-09,AC008,105.5003
2025-12-10,AC008,104.1606
2025-12-11,AC008,104.7927
2025-12-12,AC008,103.496
2025-12-15,AC008,102.9308
2025-12-16,AC008,102.2132
2025-12-17,AC008,102.0696
2025-12-18,AC008,100.5191
2025-12-19,AC008,98.898
2025-12-22,AC008,100.8157
2025-12-23,AC008,101.2101
2025-12-24,AC008,103.1322
2025-12-25,AC008,104.421
2025-12-26,AC008,103.222
2025-12-29,AC008,102.5348
2025-12-30,AC008,103.6791
2025-12-31,AC008,102.9085
