date,commodity_id,contract_month,futures_price_usd_mt
2025-01-02,WHEAT,2025-03,219.22
2025-01-03,WHEAT,2025-03,216.51
2025-01-06,WHEAT,2025-03,216.01
2025-01-07,WHEAT,2025-03,211.99
2025-01-08,WHEAT,2025-03,214.46
2025-01-09,WHEAT,2025-03,214.0
2025-01-10,WHEAT,2025-03,211.74
2025-01-13,WHEAT,2025-03,208.94
2025-01-14,WHEAT,2025-03,210.66
2025-01-15,WHEAT,2025-03,212.85
2025-01-16,WHEAT,2025-03,215.74
2025-01-17,WHEAT,2025-03,221.69
2025-01-20,WHEAT,2025-03,222.19
2025-01-21,WHEAT,2025-03,220.16
2025-01-22,WHEAT,2025-03,215.19
2025-01-23,WHEAT,2025-03,216.85
2025-01-24,WHEAT,2025-03,214.81
2025-01-27,WHEAT,2025-03,216.42
2025-01-28,WHEAT,2025-03,214.67
2025-01-29,WHEAT,2025-03,213.09
2025-01-30,WHEAT,2025-03,213.88
2025-01-31,WHEAT,2025-03,213.8
2025-02-03,WHEAT,2025-03,216.03
2025-02-04,WHEAT,2025-03,213.02
2025-02-05,WHEAT,2025-03,210.07
2025-02-06,WHEAT,2025-03,206.71
2025-02-07,WHEAT,2025-03,209.55
2025-02-10,WHEAT,2025-03,212.37
2025-02-11,WHEAT,2025-03,210.9
2025-02-12,WHEAT,2025-03,213.49
2025-02-13,WHEAT,2025-03,213.34
2025-02-14,WHEAT,2025-03,210.85
2025-02-17,WHEAT,2025-03,208.64
2025-02-18,WHEAT,2025-03,207.49
2025-02-19,WHEAT,2025-03,211.34
2025-02-20,WHEAT,2025-03,210.23
2025-02-21,WHEAT,2025-03,213.27
2025-02-24,WHEAT,2025-03,207.12
2025-02-25,WHEAT,2025-03,211.45
2025-02-26,WHEAT,2025-03,212.63
2025-02-27,WHEAT,2025-03,212.47
2025-02-28,WHEAT,2025-03,211.65
2025-03-03,WHEAT,2025-03,208.89
2025-03-04,WHEAT,2025-03,212.03
2025-03-05,WHEAT,2025-03,212.7
2025-03-06,WHEAT,2025-03,206.8
2025-03-07,WHEAT,2025-03,207.05
2025-03-10,WHEAT,2025-03,206.06
2025-03-11,WHEAT,2025-03,209.31
2025-03-12,WHEAT,2025-03,208.52
2025-03-13,WHEAT,2025-03,209.09
2025-03-14,WHEAT,2025-03,211.43
2025-03-17,WHEAT,2025-03,213.12
2025-03-18,WHEAT,2025-03,214.81
2025-03-19,WHEAT,2025-03,213.41
2025-03-20,WHEAT,2025-03,214.72
2025-03-21,WHEAT,2025-03,216.98
2025-03-24,WHEAT,2025-03,218.54
2025-03-25,WHEAT,2025-03,219.33
2025-03-26,WHEAT,2025-03,215.69
2025-03-27,WHEAT,2025-03,213.45
2025-03-28,WHEAT,2025-03,215.8
2025-03-31,WHEAT,2025-03,221.05
2025-04-01,WHEAT,2025-03,218.3
2025-04-02,WHEAT,2025-03,219.71
2025-04-03,WHEAT,2025-03,221.54
2025-04-04,WHEAT,2025-03,220.84
2025-04-07,WHEAT,2025-03,218.62
2025-04-08,WHEAT,2025-03,221.05
2025-04-09,WHEAT,2025-03,219.07
2025-04-10,WHEAT,2025-03,216.53
2025-04-11,WHEAT,2025-03,217.87
2025-04-14,WHEAT,2025-03,217.32
2025-04-15,WHEAT,2025-03,220.82
2025-04-16,WHEAT,2025-03,223.23
2025-04-17,WHEAT,2025-03,223.56
2025-04-18,WHEAT,2025-03,218.02
2025-04-21,WHEAT,2025-03,217.57
2025-04-22,WHEAT,2025-03,217.08
2025-04-23,WHEAT,2025-03,213.33
2025-04-24,WHEAT,2025-03,212.24
2025-04-25,WHEAT,2025-03,212.68
2025-04-28,WHEAT,2025-03,215.37
2025-04-29,WHEAT,2025-03,212.23
2025-04-30,WHEAT,2025-03,209.1
2025-05-01,WHEAT,2025-03,211.03
2025-05-02,WHEAT,2025-03,210.16
2025-05-05,WHEAT,2025-03,212.44
2025-05-06,WHEAT,2025-03,214.79
2025-05-07,WHEAT,2025-03,213.32
2025-05-08,WHEAT,2025-03,214.64
2025-05-09,WHEAT,2025-03,214.6
2025-05-12,WHEAT,2025-03,211.77
2025-05-13,WHEAT,2025-03,215.6
2025-05-14,WHEAT,2025-03,214.73
2025-05-15,WHEAT,2025-03,213.17
2025-05-16,WHEAT,2025-03,211.78
2025-05-19,WHEAT,2025-03,213.75
2025-05-20,WHEAT,2025-03,218.91
2025-05-21,WHEAT,2025-03,221.7
2025-05-22,WHEAT,2025-03,220.0
2025-05-23,WHEAT,2025-03,219.47
2025-05-26,WHEAT,2025-03,215.36
2025-05-27,WHEAT,2025-03,215.0
2025-05-28,WHEAT,2025-03,215.6
2025-05-29,WHEAT,2025-03,218.55
2025-05-30,WHEAT,2025-03,217.8
2025-06-02,WHEAT,2025-03,214.27
2025-06-03,WHEAT,2025-03,211.16
2025-06-04,WHEAT,2025-03,212.63
2025-06-05,WHEAT,2025-03,208.17
2025-06-06,WHEAT,2025-03,207.09
2025-06-09,WHEAT,2025-03,206.58
2025-06-10,WHEAT,2025-03,207.11
2025-06-11,WHEAT,2025-03,202.96
2025-06-12,WHEAT,2025-03,201.75
2025-06-13,WHEAT,2025-03,205.1
2025-06-16,WHEAT,2025-03,202.74
2025-06-17,WHEAT,2025-03,200.44
2025-06-18,WHEAT,2025-03,205.72
2025-06-19,WHEAT,2025-03,208.31
2025-06-20,WHEAT,2025-03,204.15
2025-06-23,WHEAT,2025-03,207.43
2025-06-24,WHEAT,2025-03,205.8
2025-06-25,WHEAT,2025-03,209.66
2025-06-26,WHEAT,2025-03,209.12
2025-06-27,WHEAT,2025-03,205.47
2025-06-30,WHEAT,2025-03,207.3
2025-01-02,WHEAT,2025-05,219.6
2025-01-03,WHEAT,2025-05,218.65
2025-01-06,WHEAT,2025-05,219.24
2025-01-07,WHEAT,2025-05,216.64
2025-01-08,WHEAT,2025-05,217.6
2025-01-09,WHEAT,2025-05,215.31
2025-01-10,WHEAT,2025-05,211.48
2025-01-13,WHEAT,2025-05,212.12
2025-01-14,WHEAT,2025-05,212.14
2025-01-15,WHEAT,2025-05,214.79
2025-01-16,WHEAT,2025-05,218.93
2025-01-17,WHEAT,2025-05,224.11
2025-01-20,WHEAT,2025-05,225.63
2025-01-21,WHEAT,2025-05,223.05
2025-01-22,WHEAT,2025-05,219.15
2025-01-23,WHEAT,2025-05,218.32
2025-01-24,WHEAT,2025-05,217.3
2025-01-27,WHEAT,2025-05,216.91
2025-01-28,WHEAT,2025-05,216.4
2025-01-29,WHEAT,2025-05,214.79
2025-01-30,WHEAT,2025-05,217.87
2025-01-31,WHEAT,2025-05,217.31
2025-02-03,WHEAT,2025-05,217.17
2025-02-04,WHEAT,2025-05,216.2
2025-02-05,WHEAT,2025-05,209.86
2025-02-06,WHEAT,2025-05,209.71
2025-02-07,WHEAT,2025-05,209.4
2025-02-10,WHEAT,2025-05,211.85
2025-02-11,WHEAT,2025-05,213.92
2025-02-12,WHEAT,2025-05,217.4
2025-02-13,WHEAT,2025-05,215.29
2025-02-14,WHEAT,2025-05,213.54
2025-02-17,WHEAT,2025-05,212.67
2025-02-18,WHEAT,2025-05,211.55
2025-02-19,WHEAT,2025-05,214.08
2025-02-20,WHEAT,2025-05,214.07
2025-02-21,WHEAT,2025-05,214.29
2025-02-24,WHEAT,2025-05,211.54
2025-02-25,WHEAT,2025-05,213.6
2025-02-26,WHEAT,2025-05,213.36
2025-02-27,WHEAT,2025-05,213.71
2025-02-28,WHEAT,2025-05,214.21
2025-03-03,WHEAT,2025-05,214.23
2025-03-04,WHEAT,2025-05,216.1
2025-03-05,WHEAT,2025-05,211.81
2025-03-06,WHEAT,2025-05,211.42
2025-03-07,WHEAT,2025-05,207.43
2025-03-10,WHEAT,2025-05,209.42
2025-03-11,WHEAT,2025-05,211.75
2025-03-12,WHEAT,2025-05,210.18
2025-03-13,WHEAT,2025-05,212.99
2025-03-14,WHEAT,2025-05,211.85
2025-03-17,WHEAT,2025-05,214.44
2025-03-18,WHEAT,2025-05,214.28
2025-03-19,WHEAT,2025-05,213.94
2025-03-20,WHEAT,2025-05,217.28
2025-03-21,WHEAT,2025-05,217.43
2025-03-24,WHEAT,2025-05,221.04
2025-03-25,WHEAT,2025-05,221.44
2025-03-26,WHEAT,2025-05,220.06
2025-03-27,WHEAT,2025-05,215.56
2025-03-28,WHEAT,2025-05,217.54
2025-03-31,WHEAT,2025-05,223.77
2025-04-01,WHEAT,2025-05,221.87
2025-04-02,WHEAT,2025-05,222.7
2025-04-03,WHEAT,2025-05,224.83
2025-04-04,WHEAT,2025-05,222.04
2025-04-07,WHEAT,2025-05,220.79
2025-04-08,WHEAT,2025-05,223.82
2025-04-09,WHEAT,2025-05,223.17
2025-04-10,WHEAT,2025-05,220.96
2025-04-11,WHEAT,2025-05,220.73
2025-04-14,WHEAT,2025-05,222.42
2025-04-15,WHEAT,2025-05,223.12
2025-04-16,WHEAT,2025-05,224.6
2025-04-17,WHEAT,2025-05,225.51
2025-04-18,WHEAT,2025-05,221.76
2025-04-21,WHEAT,2025-05,220.4
2025-04-22,WHEAT,2025-05,217.9
2025-04-23,WHEAT,2025-05,214.97
2025-04-24,WHEAT,2025-05,214.31
2025-04-25,WHEAT,2025-05,214.38
2025-04-28,WHEAT,2025-05,216.35
2025-04-29,WHEAT,2025-05,216.23
2025-04-30,WHEAT,2025-05,215.38
2025-05-01,WHEAT,2025-05,212.17
2025-05-02,WHEAT,2025-05,212.98
2025-05-05,WHEAT,2025-05,214.08
2025-05-06,WHEAT,2025-05,215.25
2025-05-07,WHEAT,2025-05,218.38
2025-05-08,WHEAT,2025-05,218.55
2025-05-09,WHEAT,2025-05,216.14
2025-05-12,WHEAT,2025-05,217.24
2025-05-13,WHEAT,2025-05,215.29
2025-05-14,WHEAT,2025-05,216.9
2025-05-15,WHEAT,2025-05,217.64
2025-05-16,WHEAT,2025-05,215.2
2025-05-19,WHEAT,2025-05,216.98
2025-05-20,WHEAT,2025-05,220.44
2025-05-21,WHEAT,2025-05,224.74
2025-05-22,WHEAT,2025-05,222.31
2025-05-23,WHEAT,2025-05,221.61
2025-05-26,WHEAT,2025-05,218.05
2025-05-27,WHEAT,2025-05,218.22
2025-05-28,WHEAT,2025-05,217.42
2025-05-29,WHEAT,2025-05,221.48
2025-05-30,WHEAT,2025-05,220.49
2025-06-02,WHEAT,2025-05,218.42
2025-06-03,WHEAT,2025-05,213.52
2025-06-04,WHEAT,2025-05,214.03
2025-06-05,WHEAT,2025-05,211.16
2025-06-06,WHEAT,2025-05,211.51
2025-06-09,WHEAT,2025-05,206.82
2025-06-10,WHEAT,2025-05,208.28
2025-06-11,WHEAT,2025-05,203.2
2025-06-12,WHEAT,2025-05,201.05
2025-06-13,WHEAT,2025-05,208.11
2025-06-16,WHEAT,2025-05,205.22
2025-06-17,WHEAT,2025-05,201.44
2025-06-18,WHEAT,2025-05,203.95
2025-06-19,WHEAT,2025-05,207.78
2025-06-20,WHEAT,2025-05,208.23
2025-06-23,WHEAT,2025-05,210.8
2025-06-24,WHEAT,2025-05,209.25
2025-06-25,WHEAT,2025-05,211.44
2025-06-26,WHEAT,2025-05,210.68
2025-06-27,WHEAT,2025-05,208.0
2025-06-30,WHEAT,2025-05,210.86
2025-01-02,WHEAT,2025-07,224.1
2025-01-03,WHEAT,2025-07,222.03
2025-01-06,WHEAT,2025-07,222.22
2025-01-07,WHEAT,2025-07,219.0
2025-01-08,WHEAT,2025-07,220.61
2025-01-09,WHEAT,2025-07,218.68
2025-01-10,WHEAT,2025-07,217.54
2025-01-13,WHEAT,2025-07,216.37
2025-01-14,WHEAT,2025-07,214.12
2025-01-15,WHEAT,2025-07,215.85
2025-01-16,WHEAT,2025-07,222.21
2025-01-17,WHEAT,2025-07,226.4
2025-01-20,WHEAT,2025-07,229.01
2025-01-21,WHEAT,2025-07,224.96
2025-01-22,WHEAT,2025-07,222.76
2025-01-23,WHEAT,2025-07,221.84
2025-01-24,WHEAT,2025-07,220.36
2025-01-27,WHEAT,2025-07,220.98
2025-01-28,WHEAT,2025-07,217.65
2025-01-29,WHEAT,2025-07,216.74
2025-01-30,WHEAT,2025-07,219.38
2025-01-31,WHEAT,2025-07,220.68
2025-02-03,WHEAT,2025-07,218.15
2025-02-04,WHEAT,2025-07,218.54
2025-02-05,WHEAT,2025-07,213.98
2025-02-06,WHEAT,2025-07,214.9
2025-02-07,WHEAT,2025-07,210.9
2025-02-10,WHEAT,2025-07,216.09
2025-02-11,WHEAT,2025-07,215.36
2025-02-12,WHEAT,2025-07,218.24
2025-02-13,WHEAT,2025-07,218.44
2025-02-14,WHEAT,2025-07,215.65
2025-02-17,WHEAT,2025-07,213.7
2025-02-18,WHEAT,2025-07,212.41
2025-02-19,WHEAT,2025-07,216.92
2025-02-20,WHEAT,2025-07,213.99
2025-02-21,WHEAT,2025-07,217.51
2025-02-24,WHEAT,2025-07,215.71
2025-02-25,WHEAT,2025-07,217.21
2025-02-26,WHEAT,2025-07,218.15
2025-02-27,WHEAT,2025-07,217.56
2025-02-28,WHEAT,2025-07,219.39
2025-03-03,WHEAT,2025-07,215.78
2025-03-04,WHEAT,2025-07,216.41
2025-03-05,WHEAT,2025-07,215.03
2025-03-06,WHEAT,2025-07,212.36
2025-03-07,WHEAT,2025-07,209.68
2025-03-10,WHEAT,2025-07,210.4
2025-03-11,WHEAT,2025-07,214.33
2025-03-12,WHEAT,2025-07,215.08
2025-03-13,WHEAT,2025-07,214.54
2025-03-14,WHEAT,2025-07,214.2
2025-03-17,WHEAT,2025-07,218.57
2025-03-18,WHEAT,2025-07,218.82
2025-03-19,WHEAT,2025-07,217.03
2025-03-20,WHEAT,2025-07,218.66
2025-03-21,WHEAT,2025-07,220.82
2025-03-24,WHEAT,2025-07,223.5
2025-03-25,WHEAT,2025-07,222.07
2025-03-26,WHEAT,2025-07,221.13
2025-03-27,WHEAT,2025-07,218.79
2025-03-28,WHEAT,2025-07,220.78
2025-03-31,WHEAT,2025-07,225.45
2025-04-01,WHEAT,2025-07,223.27
2025-04-02,WHEAT,2025-07,225.57
2025-04-03,WHEAT,2025-07,228.44
2025-04-04,WHEAT,2025-07,224.54
2025-04-07,WHEAT,2025-07,223.42
2025-04-08,WHEAT,2025-07,221.66
2025-04-09,WHEAT,2025-07,222.24
2025-04-10,WHEAT,2025-07,223.18
2025-04-11,WHEAT,2025-07,221.99
2025-04-14,WHEAT,2025-07,224.64
2025-04-15,WHEAT,2025-07,228.9
2025-04-16,WHEAT,2025-07,225.59
2025-04-17,WHEAT,2025-07,227.29
2025-04-18,WHEAT,2025-07,224.3
2025-04-21,WHEAT,2025-07,225.71
2025-04-22,WHEAT,2025-07,220.9
2025-04-23,WHEAT,2025-07,220.1
2025-04-24,WHEAT,2025-07,220.09
2025-04-25,WHEAT,2025-07,215.62
2025-04-28,WHEAT,2025-07,217.83
2025-04-29,WHEAT,2025-07,216.17
2025-04-30,WHEAT,2025-07,216.13
2025-05-01,WHEAT,2025-07,216.65
2025-05-02,WHEAT,2025-07,215.39
2025-05-05,WHEAT,2025-07,215.12
2025-05-06,WHEAT,2025-07,218.69
2025-05-07,WHEAT,2025-07,220.13
2025-05-08,WHEAT,2025-07,221.86
2025-05-09,WHEAT,2025-07,218.39
2025-05-12,WHEAT,2025-07,217.93
2025-05-13,WHEAT,2025-07,219.71
2025-05-14,WHEAT,2025-07,220.3
2025-05-15,WHEAT,2025-07,217.83
2025-05-16,WHEAT,2025-07,215.65
2025-05-19,WHEAT,2025-07,218.55
2025-05-20,WHEAT,2025-07,221.82
2025-05-21,WHEAT,2025-07,227.01
2025-05-22,WHEAT,2025-07,223.45
2025-05-23,WHEAT,2025-07,224.92
2025-05-26,WHEAT,2025-07,220.61
2025-05-27,WHEAT,2025-07,218.91
2025-05-28,WHEAT,2025-07,221.73
2025-05-29,WHEAT,2025-07,223.63
2025-05-30,WHEAT,2025-07,221.23
2025-06-02,WHEAT,2025-07,222.2
2025-06-03,WHEAT,2025-07,215.89
2025-06-04,WHEAT,2025-07,216.1
2025-06-05,WHEAT,2025-07,214.3
2025-06-06,WHEAT,2025-07,212.3
2025-06-09,WHEAT,2025-07,211.83
2025-06-10,WHEAT,2025-07,210.54
2025-06-11,WHEAT,2025-07,207.37
2025-06-12,WHEAT,2025-07,206.6
2025-06-13,WHEAT,2025-07,207.92
2025-06-16,WHEAT,2025-07,204.0
2025-06-17,WHEAT,2025-07,206.4
2025-06-18,WHEAT,2025-07,210.84
2025-06-19,WHEAT,2025-07,213.1
2025-06-20,WHEAT,2025-07,209.17
2025-06-23,WHEAT,2025-07,210.26
2025-06-24,WHEAT,2025-07,210.94
2025-06-25,WHEAT,2025-07,214.36
2025-06-26,WHEAT,2025-07,211.44
2025-06-27,WHEAT,2025-07,212.84
2025-06-30,WHEAT,2025-07,214.27
2025-01-02,WHEAT,2025-09,224.97
2025-01-03,WHEAT,2025-09,225.5
2025-01-06,WHEAT,2025-09,226.2
2025-01-07,WHEAT,2025-09,221.38
2025-01-08,WHEAT,2025-09,222.08
2025-01-09,WHEAT,2025-09,221.85
2025-01-10,WHEAT,2025-09,219.77
2025-01-13,WHEAT,2025-09,215.19
2025-01-14,WHEAT,2025-09,217.89
2025-01-15,WHEAT,2025-09,218.93
2025-01-16,WHEAT,2025-09,225.36
2025-01-17,WHEAT,2025-09,229.08
2025-01-20,WHEAT,2025-09,231.96
2025-01-21,WHEAT,2025-09,226.87
2025-01-22,WHEAT,2025-09,224.4
2025-01-23,WHEAT,2025-09,224.65
2025-01-24,WHEAT,2025-09,221.7
2025-01-27,WHEAT,2025-09,222.02
2025-01-28,WHEAT,2025-09,221.94
2025-01-29,WHEAT,2025-09,219.97
2025-01-30,WHEAT,2025-09,220.59
2025-01-31,WHEAT,2025-09,222.74
2025-02-03,WHEAT,2025-09,221.46
2025-02-04,WHEAT,2025-09,220.01
2025-02-05,WHEAT,2025-09,216.99
2025-02-06,WHEAT,2025-09,214.26
2025-02-07,WHEAT,2025-09,214.26
2025-02-10,WHEAT,2025-09,220.03
2025-02-11,WHEAT,2025-09,219.18
2025-02-12,WHEAT,2025-09,218.89
2025-02-13,WHEAT,2025-09,221.58
2025-02-14,WHEAT,2025-09,218.68
2025-02-17,WHEAT,2025-09,215.7
2025-02-18,WHEAT,2025-09,213.63
2025-02-19,WHEAT,2025-09,220.16
2025-02-20,WHEAT,2025-09,218.01
2025-02-21,WHEAT,2025-09,221.89
2025-02-24,WHEAT,2025-09,217.96
2025-02-25,WHEAT,2025-09,219.76
2025-02-26,WHEAT,2025-09,219.9
2025-02-27,WHEAT,2025-09,220.68
2025-02-28,WHEAT,2025-09,220.38
2025-03-03,WHEAT,2025-09,219.79
2025-03-04,WHEAT,2025-09,218.72
2025-03-05,WHEAT,2025-09,217.91
2025-03-06,WHEAT,2025-09,215.47
2025-03-07,WHEAT,2025-09,214.39
2025-03-10,WHEAT,2025-09,215.5
2025-03-11,WHEAT,2025-09,216.41
2025-03-12,WHEAT,2025-09,216.76
2025-03-13,WHEAT,2025-09,217.35
2025-03-14,WHEAT,2025-09,217.29
2025-03-17,WHEAT,2025-09,221.18
2025-03-18,WHEAT,2025-09,218.09
2025-03-19,WHEAT,2025-09,218.84
2025-03-20,WHEAT,2025-09,221.09
2025-03-21,WHEAT,2025-09,220.25
2025-03-24,WHEAT,2025-09,224.85
2025-03-25,WHEAT,2025-09,225.28
2025-03-26,WHEAT,2025-09,223.58
2025-03-27,WHEAT,2025-09,222.29
2025-03-28,WHEAT,2025-09,224.1
2025-03-31,WHEAT,2025-09,226.74
2025-04-01,WHEAT,2025-09,227.44
2025-04-02,WHEAT,2025-09,227.88
2025-04-03,WHEAT,2025-09,228.66
2025-04-04,WHEAT,2025-09,226.45
2025-04-07,WHEAT,2025-09,226.24
2025-04-08,WHEAT,2025-09,226.69
2025-04-09,WHEAT,2025-09,226.84
2025-04-10,WHEAT,2025-09,226.1
2025-04-11,WHEAT,2025-09,226.56
2025-04-14,WHEAT,2025-09,225.34
2025-04-15,WHEAT,2025-09,229.35
2025-04-16,WHEAT,2025-09,229.31
2025-04-17,WHEAT,2025-09,229.55
2025-04-18,WHEAT,2025-09,224.95
2025-04-21,WHEAT,2025-09,227.32
2025-04-22,WHEAT,2025-09,224.47
2025-04-23,WHEAT,2025-09,221.27
2025-04-24,WHEAT,2025-09,220.54
2025-04-25,WHEAT,2025-09,221.23
2025-04-28,WHEAT,2025-09,219.3
2025-04-29,WHEAT,2025-09,217.53
2025-04-30,WHEAT,2025-09,218.22
2025-05-01,WHEAT,2025-09,219.89
2025-05-02,WHEAT,2025-09,217.95
2025-05-05,WHEAT,2025-09,220.46
2025-05-06,WHEAT,2025-09,219.42
2025-05-07,WHEAT,2025-09,222.12
2025-05-08,WHEAT,2025-09,223.53
2025-05-09,WHEAT,2025-09,221.72
2025-05-12,WHEAT,2025-09,221.8
2025-05-13,WHEAT,2025-09,221.48
2025-05-14,WHEAT,2025-09,222.34
2025-05-15,WHEAT,2025-09,220.05
2025-05-16,WHEAT,2025-09,220.91
2025-05-19,WHEAT,2025-09,221.4
2025-05-20,WHEAT,2025-09,223.79
2025-05-21,WHEAT,2025-09,226.94
2025-05-22,WHEAT,2025-09,228.75
2025-05-23,WHEAT,2025-09,228.37
2025-05-26,WHEAT,2025-09,222.97
2025-05-27,WHEAT,2025-09,220.86
2025-05-28,WHEAT,2025-09,223.65
2025-05-29,WHEAT,2025-09,227.01
2025-05-30,WHEAT,2025-09,226.48
2025-06-02,WHEAT,2025-09,223.75
2025-06-03,WHEAT,2025-09,218.5
2025-06-04,WHEAT,2025-09,217.61
2025-06-05,WHEAT,2025-09,216.53
2025-06-06,WHEAT,2025-09,215.15
2025-06-09,WHEAT,2025-09,212.67
2025-06-10,WHEAT,2025-09,215.86
2025-06-11,WHEAT,2025-09,212.22
2025-06-12,WHEAT,2025-09,208.75
2025-06-13,WHEAT,2025-09,210.5
2025-06-16,WHEAT,2025-09,210.02
2025-06-17,WHEAT,2025-09,207.73
2025-06-18,WHEAT,2025-09,210.96
2025-06-19,WHEAT,2025-09,217.42
2025-06-20,WHEAT,2025-09,214.48
2025-06-23,WHEAT,2025-09,213.89
2025-06-24,WHEAT,2025-09,214.43
2025-06-25,WHEAT,2025-09,217.46
2025-06-26,WHEAT,2025-09,213.19
2025-06-27,WHEAT,2025-09,214.78
2025-06-30,WHEAT,2025-09,215.58
2025-01-02,CANOLA,2025-03,481.04
2025-01-03,CANOLA,2025-03,469.36
2025-01-06,CANOLA,2025-03,467.61
2025-01-07,CANOLA,2025-03,473.5
2025-01-08,CANOLA,2025-03,473.06
2025-01-09,CANOLA,2025-03,474.31
2025-01-10,CANOLA,2025-03,476.78
2025-01-13,CANOLA,2025-03,472.74
2025-01-14,CANOLA,2025-03,482.74
2025-01-15,CANOLA,2025-03,482.47
2025-01-16,CANOLA,2025-03,473.2
2025-01-17,CANOLA,2025-03,466.49
2025-01-20,CANOLA,2025-03,475.02
2025-01-21,CANOLA,2025-03,475.22
2025-01-22,CANOLA,2025-03,465.99
2025-01-23,CANOLA,2025-03,464.0
2025-01-24,CANOLA,2025-03,458.69
2025-01-27,CANOLA,2025-03,458.29
2025-01-28,CANOLA,2025-03,453.78
2025-01-29,CANOLA,2025-03,455.41
2025-01-30,CANOLA,2025-03,448.01
2025-01-31,CANOLA,2025-03,454.19
2025-02-03,CANOLA,2025-03,454.69
2025-02-04,CANOLA,2025-03,455.97
2025-02-05,CANOLA,2025-03,453.43
2025-02-06,CANOLA,2025-03,456.41
2025-02-07,CANOLA,2025-03,449.75
2025-02-10,CANOLA,2025-03,442.66
2025-02-11,CANOLA,2025-03,439.35
2025-02-12,CANOLA,2025-03,438.84
2025-02-13,CANOLA,2025-03,432.55
2025-02-14,CANOLA,2025-03,437.12
2025-02-17,CANOLA,2025-03,437.92
2025-02-18,CANOLA,2025-03,438.44
2025-02-19,CANOLA,2025-03,428.77
2025-02-20,CANOLA,2025-03,432.52
2025-02-21,CANOLA,2025-03,430.69
2025-02-24,CANOLA,2025-03,432.15
2025-02-25,CANOLA,2025-03,428.03
2025-02-26,CANOLA,2025-03,417.34
2025-02-27,CANOLA,2025-03,423.53
2025-02-28,CANOLA,2025-03,431.43
2025-03-03,CANOLA,2025-03,417.4
2025-03-04,CANOLA,2025-03,420.41
2025-03-05,CANOLA,2025-03,426.74
2025-03-06,CANOLA,2025-03,423.33
2025-03-07,CANOLA,2025-03,424.45
2025-03-10,CANOLA,2025-03,417.74
2025-03-11,CANOLA,2025-03,424.21
2025-03-12,CANOLA,2025-03,416.29
2025-03-13,CANOLA,2025-03,405.46
2025-03-14,CANOLA,2025-03,411.64
2025-03-17,CANOLA,2025-03,406.32
2025-03-18,CANOLA,2025-03,404.78
2025-03-19,CANOLA,2025-03,402.45
2025-03-20,CANOLA,2025-03,392.77
2025-03-21,CANOLA,2025-03,397.82
2025-03-24,CANOLA,2025-03,389.43
2025-03-25,CANOLA,2025-03,392.51
2025-03-26,CANOLA,2025-03,400.26
2025-03-27,CANOLA,2025-03,399.52
2025-03-28,CANOLA,2025-03,397.92
2025-03-31,CANOLA,2025-03,401.15
2025-04-01,CANOLA,2025-03,398.26
2025-04-02,CANOLA,2025-03,399.49
2025-04-03,CANOLA,2025-03,403.5
2025-04-04,CANOLA,2025-03,407.81
2025-04-07,CANOLA,2025-03,402.77
2025-04-08,CANOLA,2025-03,401.2
2025-04-09,CANOLA,2025-03,403.23
2025-04-10,CANOLA,2025-03,407.29
2025-04-11,CANOLA,2025-03,411.41
2025-04-14,CANOLA,2025-03,405.18
2025-04-15,CANOLA,2025-03,406.58
2025-04-16,CANOLA,2025-03,406.13
2025-04-17,CANOLA,2025-03,407.42
2025-04-18,CANOLA,2025-03,406.08
2025-04-21,CANOLA,2025-03,410.8
2025-04-22,CANOLA,2025-03,406.01
2025-04-23,CANOLA,2025-03,403.63
2025-04-24,CANOLA,2025-03,419.15
2025-04-25,CANOLA,2025-03,409.1
2025-04-28,CANOLA,2025-03,410.77
2025-04-29,CANOLA,2025-03,410.08
2025-04-30,CANOLA,2025-03,410.29
2025-05-01,CANOLA,2025-03,413.75
2025-05-02,CANOLA,2025-03,412.63
2025-05-05,CANOLA,2025-03,417.4
2025-05-06,CANOLA,2025-03,418.04
2025-05-07,CANOLA,2025-03,422.56
2025-05-08,CANOLA,2025-03,417.66
2025-05-09,CANOLA,2025-03,422.52
2025-05-12,CANOLA,2025-03,426.52
2025-05-13,CANOLA,2025-03,431.96
2025-05-14,CANOLA,2025-03,419.47
2025-05-15,CANOLA,2025-03,418.94
2025-05-16,CANOLA,2025-03,416.53
2025-05-19,CANOLA,2025-03,417.41
2025-05-20,CANOLA,2025-03,418.83
2025-05-21,CANOLA,2025-03,421.94
2025-05-22,CANOLA,2025-03,415.26
2025-05-23,CANOLA,2025-03,421.1
2025-05-26,CANOLA,2025-03,418.58
2025-05-27,CANOLA,2025-03,422.7
2025-05-28,CANOLA,2025-03,412.98
2025-05-29,CANOLA,2025-03,423.72
2025-05-30,CANOLA,2025-03,407.01
2025-06-02,CANOLA,2025-03,410.64
2025-06-03,CANOLA,2025-03,401.92
2025-06-04,CANOLA,2025-03,409.24
2025-06-05,CANOLA,2025-03,407.42
2025-06-06,CANOLA,2025-03,409.75
2025-06-09,CANOLA,2025-03,405.18
2025-06-10,CANOLA,2025-03,406.34
2025-06-11,CANOLA,2025-03,401.33
2025-06-12,CANOLA,2025-03,412.12
2025-06-13,CANOLA,2025-03,412.55
2025-06-16,CANOLA,2025-03,409.43
2025-06-17,CANOLA,2025-03,402.54
2025-06-18,CANOLA,2025-03,400.27
2025-06-19,CANOLA,2025-03,405.65
2025-06-20,CANOLA,2025-03,400.56
2025-06-23,CANOLA,2025-03,403.01
2025-06-24,CANOLA,2025-03,397.06
2025-06-25,CANOLA,2025-03,410.26
2025-06-26,CANOLA,2025-03,407.92
2025-06-27,CANOLA,2025-03,401.19
2025-06-30,CANOLA,2025-03,411.72
2025-01-02,CANOLA,2025-05,484.6
2025-01-03,CANOLA,2025-05,475.95
2025-01-06,CANOLA,2025-05,468.29
2025-01-07,CANOLA,2025-05,478.41
2025-01-08,CANOLA,2025-05,477.28
2025-01-09,CANOLA,2025-05,481.33
2025-01-10,CANOLA,2025-05,481.38
2025-01-13,CANOLA,2025-05,481.21
2025-01-14,CANOLA,2025-05,488.11
2025-01-15,CANOLA,2025-05,488.23
2025-01-16,CANOLA,2025-05,478.7
2025-01-17,CANOLA,2025-05,475.0
2025-01-20,CANOLA,2025-05,478.56
2025-01-21,CANOLA,2025-05,475.48
2025-01-22,CANOLA,2025-05,474.46
2025-01-23,CANOLA,2025-05,470.24
2025-01-24,CANOLA,2025-05,467.89
2025-01-27,CANOLA,2025-05,468.54
2025-01-28,CANOLA,2025-05,455.88
2025-01-29,CANOLA,2025-05,453.23
2025-01-30,CANOLA,2025-05,455.57
2025-01-31,CANOLA,2025-05,458.09
2025-02-03,CANOLA,2025-05,461.85
2025-02-04,CANOLA,2025-05,459.75
2025-02-05,CANOLA,2025-05,460.79
2025-02-06,CANOLA,2025-05,462.01
2025-02-07,CANOLA,2025-05,457.58
2025-02-10,CANOLA,2025-05,451.13
2025-02-11,CANOLA,2025-05,442.94
2025-02-12,CANOLA,2025-05,447.21
2025-02-13,CANOLA,2025-05,443.65
2025-02-14,CANOLA,2025-05,442.91
2025-02-17,CANOLA,2025-05,442.21
2025-02-18,CANOLA,2025-05,439.59
2025-02-19,CANOLA,2025-05,440.14
2025-02-20,CANOLA,2025-05,440.93
2025-02-21,CANOLA,2025-05,436.49
2025-02-24,CANOLA,2025-05,437.98
2025-02-25,CANOLA,2025-05,434.6
2025-02-26,CANOLA,2025-05,428.07
2025-02-27,CANOLA,2025-05,425.39
2025-02-28,CANOLA,2025-05,433.02
2025-03-03,CANOLA,2025-05,424.88
2025-03-04,CANOLA,2025-05,425.04
2025-03-05,CANOLA,2025-05,429.92
2025-03-06,CANOLA,2025-05,428.19
2025-03-07,CANOLA,2025-05,434.45
2025-03-10,CANOLA,2025-05,426.08
2025-03-11,CANOLA,2025-05,426.37
2025-03-12,CANOLA,2025-05,421.58
2025-03-13,CANOLA,2025-05,414.85
2025-03-14,CANOLA,2025-05,412.72
2025-03-17,CANOLA,2025-05,409.49
2025-03-18,CANOLA,2025-05,406.07
2025-03-19,CANOLA,2025-05,405.9
2025-03-20,CANOLA,2025-05,398.05
2025-03-21,CANOLA,2025-05,399.16
2025-03-24,CANOLA,2025-05,399.03
2025-03-25,CANOLA,2025-05,397.29
2025-03-26,CANOLA,2025-05,400.99
2025-03-27,CANOLA,2025-05,400.89
2025-03-28,CANOLA,2025-05,404.06
2025-03-31,CANOLA,2025-05,409.35
2025-04-01,CANOLA,2025-05,402.67
2025-04-02,CANOLA,2025-05,403.71
2025-04-03,CANOLA,2025-05,410.73
2025-04-04,CANOLA,2025-05,413.86
2025-04-07,CANOLA,2025-05,404.36
2025-04-08,CANOLA,2025-05,408.09
2025-04-09,CANOLA,2025-05,408.95
2025-04-10,CANOLA,2025-05,416.78
2025-04-11,CANOLA,2025-05,416.58
2025-04-14,CANOLA,2025-05,414.02
2025-04-15,CANOLA,2025-05,412.29
2025-04-16,CANOLA,2025-05,412.48
2025-04-17,CANOLA,2025-05,413.66
2025-04-18,CANOLA,2025-05,411.0
2025-04-21,CANOLA,2025-05,412.74
2025-04-22,CANOLA,2025-05,411.74
2025-04-23,CANOLA,2025-05,410.3
2025-04-24,CANOLA,2025-05,421.11
2025-04-25,CANOLA,2025-05,413.03
2025-04-28,CANOLA,2025-05,414.56
2025-04-29,CANOLA,2025-05,409.9
2025-04-30,CANOLA,2025-05,418.13
2025-05-01,CANOLA,2025-05,420.87
2025-05-02,CANOLA,2025-05,422.83
2025-05-05,CANOLA,2025-05,420.03
2025-05-06,CANOLA,2025-05,426.36
2025-05-07,CANOLA,2025-05,432.36
2025-05-08,CANOLA,2025-05,418.95
2025-05-09,CANOLA,2025-05,426.32
2025-05-12,CANOLA,2025-05,422.76
2025-05-13,CANOLA,2025-05,432.32
2025-05-14,CANOLA,2025-05,424.46
2025-05-15,CANOLA,2025-05,424.27
2025-05-16,CANOLA,2025-05,420.64
2025-05-19,CANOLA,2025-05,425.58
2025-05-20,CANOLA,2025-05,427.81
2025-05-21,CANOLA,2025-05,427.68
2025-05-22,CANOLA,2025-05,420.07
2025-05-23,CANOLA,2025-05,421.38
2025-05-26,CANOLA,2025-05,425.89
2025-05-27,CANOLA,2025-05,424.37
2025-05-28,CANOLA,2025-05,416.46
2025-05-29,CANOLA,2025-05,423.13
2025-05-30,CANOLA,2025-05,411.91
2025-06-02,CANOLA,2025-05,412.84
2025-06-03,CANOLA,2025-05,408.54
2025-06-04,CANOLA,2025-05,412.6
2025-06-05,CANOLA,2025-05,411.05
2025-06-06,CANOLA,2025-05,413.64
2025-06-09,CANOLA,2025-05,414.75
2025-06-10,CANOLA,2025-05,407.95
2025-06-11,CANOLA,2025-05,408.91
2025-06-12,CANOLA,2025-05,413.9
2025-06-13,CANOLA,2025-05,414.44
2025-06-16,CANOLA,2025-05,415.14
2025-06-17,CANOLA,2025-05,411.38
2025-06-18,CANOLA,2025-05,408.65
2025-06-19,CANOLA,2025-05,410.18
2025-06-20,CANOLA,2025-05,395.52
2025-06-23,CANOLA,2025-05,408.01
2025-06-24,CANOLA,2025-05,398.41
2025-06-25,CANOLA,2025-05,412.99
2025-06-26,CANOLA,2025-05,412.81
2025-06-27,CANOLA,2025-05,409.24
2025-06-30,CANOLA,2025-05,413.2
2025-01-02,CANOLA,2025-07,487.09
2025-01-03,CANOLA,2025-07,484.75
2025-01-06,CANOLA,2025-07,473.73
2025-01-07,CANOLA,2025-07,487.55
2025-01-08,CANOLA,2025-07,483.6
2025-01-09,CANOLA,2025-07,484.56
2025-01-10,CANOLA,2025-07,487.05
2025-01-13,CANOLA,2025-07,485.56
2025-01-14,CANOLA,2025-07,496.06
2025-01-15,CANOLA,2025-07,494.69
2025-01-16,CANOLA,2025-07,481.03
2025-01-17,CANOLA,2025-07,480.66
2025-01-20,CANOLA,2025-07,481.96
2025-01-21,CANOLA,2025-07,488.81
2025-01-22,CANOLA,2025-07,475.73
2025-01-23,CANOLA,2025-07,479.63
2025-01-24,CANOLA,2025-07,473.26
2025-01-27,CANOLA,2025-07,469.03
2025-01-28,CANOLA,2025-07,464.37
2025-01-29,CANOLA,2025-07,461.45
2025-01-30,CANOLA,2025-07,457.29
2025-01-31,CANOLA,2025-07,463.76
2025-02-03,CANOLA,2025-07,464.0
2025-02-04,CANOLA,2025-07,461.13
2025-02-05,CANOLA,2025-07,463.76
2025-02-06,CANOLA,2025-07,460.96
2025-02-07,CANOLA,2025-07,460.06
2025-02-10,CANOLA,2025-07,454.94
2025-02-11,CANOLA,2025-07,451.18
2025-02-12,CANOLA,2025-07,455.41
2025-02-13,CANOLA,2025-07,446.11
2025-02-14,CANOLA,2025-07,447.2
2025-02-17,CANOLA,2025-07,445.35
2025-02-18,CANOLA,2025-07,441.63
2025-02-19,CANOLA,2025-07,443.8
2025-02-20,CANOLA,2025-07,439.98
2025-02-21,CANOLA,2025-07,445.93
2025-02-24,CANOLA,2025-07,440.86
2025-02-25,CANOLA,2025-07,437.27
2025-02-26,CANOLA,2025-07,431.62
2025-02-27,CANOLA,2025-07,433.51
2025-02-28,CANOLA,2025-07,435.63
2025-03-03,CANOLA,2025-07,427.88
2025-03-04,CANOLA,2025-07,429.3
2025-03-05,CANOLA,2025-07,432.75
2025-03-06,CANOLA,2025-07,435.04
2025-03-07,CANOLA,2025-07,436.62
2025-03-10,CANOLA,2025-07,433.08
2025-03-11,CANOLA,2025-07,431.81
2025-03-12,CANOLA,2025-07,428.45
2025-03-13,CANOLA,2025-07,417.1
2025-03-14,CANOLA,2025-07,420.48
2025-03-17,CANOLA,2025-07,417.74
2025-03-18,CANOLA,2025-07,419.81
2025-03-19,CANOLA,2025-07,407.45
2025-03-20,CANOLA,2025-07,407.28
2025-03-21,CANOLA,2025-07,400.32
2025-03-24,CANOLA,2025-07,402.69
2025-03-25,CANOLA,2025-07,407.28
2025-03-26,CANOLA,2025-07,406.35
2025-03-27,CANOLA,2025-07,406.77
2025-03-28,CANOLA,2025-07,405.9
2025-03-31,CANOLA,2025-07,413.13
2025-04-01,CANOLA,2025-07,408.51
2025-04-02,CANOLA,2025-07,407.04
2025-04-03,CANOLA,2025-07,412.4
2025-04-04,CANOLA,2025-07,418.29
2025-04-07,CANOLA,2025-07,410.69
2025-04-08,CANOLA,2025-07,409.44
2025-04-09,CANOLA,2025-07,413.18
2025-04-10,CANOLA,2025-07,419.25
2025-04-11,CANOLA,2025-07,420.36
2025-04-14,CANOLA,2025-07,418.78
2025-04-15,CANOLA,2025-07,419.09
2025-04-16,CANOLA,2025-07,418.08
2025-04-17,CANOLA,2025-07,417.86
2025-04-18,CANOLA,2025-07,417.49
2025-04-21,CANOLA,2025-07,416.85
2025-04-22,CANOLA,2025-07,413.26
2025-04-23,CANOLA,2025-07,421.77
2025-04-24,CANOLA,2025-07,426.51
2025-04-25,CANOLA,2025-07,419.22
2025-04-28,CANOLA,2025-07,423.06
2025-04-29,CANOLA,2025-07,419.75
2025-04-30,CANOLA,2025-07,418.0
2025-05-01,CANOLA,2025-07,424.18
2025-05-02,CANOLA,2025-07,424.19
2025-05-05,CANOLA,2025-07,426.28
2025-05-06,CANOLA,2025-07,432.49
2025-05-07,CANOLA,2025-07,435.56
2025-05-08,CANOLA,2025-07,422.01
2025-05-09,CANOLA,2025-07,435.36
2025-05-12,CANOLA,2025-07,434.16
2025-05-13,CANOLA,2025-07,436.78
2025-05-14,CANOLA,2025-07,435.82
2025-05-15,CANOLA,2025-07,429.2
2025-05-16,CANOLA,2025-07,429.32
2025-05-19,CANOLA,2025-07,427.75
2025-05-20,CANOLA,2025-07,431.8
2025-05-21,CANOLA,2025-07,435.77
2025-05-22,CANOLA,2025-07,427.82
2025-05-23,CANOLA,2025-07,429.68
2025-05-26,CANOLA,2025-07,431.89
2025-05-27,CANOLA,2025-07,430.63
2025-05-28,CANOLA,2025-07,421.96
2025-05-29,CANOLA,2025-07,423.56
2025-05-30,CANOLA,2025-07,419.22
2025-06-02,CANOLA,2025-07,414.14
2025-06-03,CANOLA,2025-07,415.21
2025-06-04,CANOLA,2025-07,413.78
2025-06-05,CANOLA,2025-07,417.58
2025-06-06,CANOLA,2025-07,417.68
2025-06-09,CANOLA,2025-07,419.75
2025-06-10,CANOLA,2025-07,414.64
2025-06-11,CANOLA,2025-07,413.96
2025-06-12,CANOLA,2025-07,420.21
2025-06-13,CANOLA,2025-07,419.39
2025-06-16,CANOLA,2025-07,421.39
2025-06-17,CANOLA,2025-07,415.77
2025-06-18,CANOLA,2025-07,412.97
2025-06-19,CANOLA,2025-07,415.91
2025-06-20,CANOLA,2025-07,408.79
2025-06-23,CANOLA,2025-07,414.54
2025-06-24,CANOLA,2025-07,408.65
2025-06-25,CANOLA,2025-07,416.09
2025-06-26,CANOLA,2025-07,412.88
2025-06-27,CANOLA,2025-07,416.42
2025-06-30,CANOLA,2025-07,422.8
2025-01-02,CANOLA,2025-09,495.67
2025-01-03,CANOLA,2025-09,485.3
2025-01-06,CANOLA,2025-09,485.72
2025-01-07,CANOLA,2025-09,487.64
2025-01-08,CANOLA,2025-09,492.15
2025-01-09,CANOLA,2025-09,499.89
2025-01-10,CANOLA,2025-09,495.03
2025-01-13,CANOLA,2025-09,495.08
2025-01-14,CANOLA,2025-09,498.62
2025-01-15,CANOLA,2025-09,494.43
2025-01-16,CANOLA,2025-09,489.36
2025-01-17,CANOLA,2025-09,484.67
2025-01-20,CANOLA,2025-09,486.25
2025-01-21,CANOLA,2025-09,495.52
2025-01-22,CANOLA,2025-09,485.2
2025-01-23,CANOLA,2025-09,482.3
2025-01-24,CANOLA,2025-09,478.16
2025-01-27,CANOLA,2025-09,476.91
2025-01-28,CANOLA,2025-09,473.73
2025-01-29,CANOLA,2025-09,468.7
2025-01-30,CANOLA,2025-09,466.97
2025-01-31,CANOLA,2025-09,468.5
2025-02-03,CANOLA,2025-09,471.57
2025-02-04,CANOLA,2025-09,468.43
2025-02-05,CANOLA,2025-09,465.41
2025-02-06,CANOLA,2025-09,470.08
2025-02-07,CANOLA,2025-09,467.39
2025-02-10,CANOLA,2025-09,459.41
2025-02-11,CANOLA,2025-09,458.48
2025-02-12,CANOLA,2025-09,456.07
2025-02-13,CANOLA,2025-09,446.08
2025-02-14,CANOLA,2025-09,449.68
2025-02-17,CANOLA,2025-09,455.8
2025-02-18,CANOLA,2025-09,449.3
2025-02-19,CANOLA,2025-09,445.74
2025-02-20,CANOLA,2025-09,447.97
2025-02-21,CANOLA,2025-09,451.4
2025-02-24,CANOLA,2025-09,450.77
2025-02-25,CANOLA,2025-09,442.86
2025-02-26,CANOLA,2025-09,436.97
2025-02-27,CANOLA,2025-09,436.7
2025-02-28,CANOLA,2025-09,443.39
2025-03-03,CANOLA,2025-09,434.01
2025-03-04,CANOLA,2025-09,436.4
2025-03-05,CANOLA,2025-09,439.9
2025-03-06,CANOLA,2025-09,440.92
2025-03-07,CANOLA,2025-09,441.38
2025-03-10,CANOLA,2025-09,440.24
2025-03-11,CANOLA,2025-09,439.98
2025-03-12,CANOLA,2025-09,429.65
2025-03-13,CANOLA,2025-09,418.26
2025-03-14,CANOLA,2025-09,429.81
2025-03-17,CANOLA,2025-09,423.0
2025-03-18,CANOLA,2025-09,416.59
2025-03-19,CANOLA,2025-09,413.75
2025-03-20,CANOLA,2025-09,412.04
2025-03-21,CANOLA,2025-09,408.9
2025-03-24,CANOLA,2025-09,405.67
2025-03-25,CANOLA,2025-09,411.59
2025-03-26,CANOLA,2025-09,407.45
2025-03-27,CANOLA,2025-09,409.23
2025-03-28,CANOLA,2025-09,412.51
2025-03-31,CANOLA,2025-09,418.83
2025-04-01,CANOLA,2025-09,415.08
2025-04-02,CANOLA,2025-09,415.86
2025-04-03,CANOLA,2025-09,418.4
2025-04-04,CANOLA,2025-09,423.88
2025-04-07,CANOLA,2025-09,416.73
2025-04-08,CANOLA,2025-09,416.32
2025-04-09,CANOLA,2025-09,421.54
2025-04-10,CANOLA,2025-09,423.74
2025-04-11,CANOLA,2025-09,425.81
2025-04-14,CANOLA,2025-09,424.45
2025-04-15,CANOLA,2025-09,421.79
2025-04-16,CANOLA,2025-09,420.85
2025-04-17,CANOLA,2025-09,421.98
2025-04-18,CANOLA,2025-09,421.59
2025-04-21,CANOLA,2025-09,422.41
2025-04-22,CANOLA,2025-09,424.62
2025-04-23,CANOLA,2025-09,420.15
2025-04-24,CANOLA,2025-09,433.6
2025-04-25,CANOLA,2025-09,428.27
2025-04-28,CANOLA,2025-09,427.21
2025-04-29,CANOLA,2025-09,429.62
2025-04-30,CANOLA,2025-09,425.37
2025-05-01,CANOLA,2025-09,427.22
2025-05-02,CANOLA,2025-09,427.49
2025-05-05,CANOLA,2025-09,433.11
2025-05-06,CANOLA,2025-09,435.3
2025-05-07,CANOLA,2025-09,441.17
2025-05-08,CANOLA,2025-09,430.75
2025-05-09,CANOLA,2025-09,439.18
2025-05-12,CANOLA,2025-09,437.44
2025-05-13,CANOLA,2025-09,441.14
2025-05-14,CANOLA,2025-09,443.53
2025-05-15,CANOLA,2025-09,434.78
2025-05-16,CANOLA,2025-09,432.71
2025-05-19,CANOLA,2025-09,432.7
2025-05-20,CANOLA,2025-09,433.22
2025-05-21,CANOLA,2025-09,441.95
2025-05-22,CANOLA,2025-09,431.93
2025-05-23,CANOLA,2025-09,436.91
2025-05-26,CANOLA,2025-09,436.49
2025-05-27,CANOLA,2025-09,437.58
2025-05-28,CANOLA,2025-09,428.09
2025-05-29,CANOLA,2025-09,429.51
2025-05-30,CANOLA,2025-09,423.3
2025-06-02,CANOLA,2025-09,426.67
2025-06-03,CANOLA,2025-09,420.37
2025-06-04,CANOLA,2025-09,417.85
2025-06-05,CANOLA,2025-09,420.94
2025-06-06,CANOLA,2025-09,422.0
2025-06-09,CANOLA,2025-09,421.84
2025-06-10,CANOLA,2025-09,418.21
2025-06-11,CANOLA,2025-09,421.62
2025-06-12,CANOLA,2025-09,424.87
2025-06-13,CANOLA,2025-09,426.85
2025-06-16,CANOLA,2025-09,426.89
2025-06-17,CANOLA,2025-09,429.71
2025-06-18,CANOLA,2025-09,413.04
2025-06-19,CANOLA,2025-09,416.81
2025-06-20,CANOLA,2025-09,410.53
2025-06-23,CANOLA,2025-09,412.77
2025-06-24,CANOLA,2025-09,412.71
2025-06-25,CANOLA,2025-09,423.57
2025-06-26,CANOLA,2025-09,417.22
2025-06-27,CANOLA,2025-09,420.51
2025-06-30,CANOLA,2025-09,426.69
2025-01-02,CORN,2025-03,183.33
2025-01-03,CORN,2025-03,185.87
2025-01-06,CORN,2025-03,189.01
2025-01-07,CORN,2025-03,187.77
2025-01-08,CORN,2025-03,189.79
2025-01-09,CORN,2025-03,190.2
2025-01-10,CORN,2025-03,188.64
2025-01-13,CORN,2025-03,192.06
2025-01-14,CORN,2025-03,190.15
2025-01-15,CORN,2025-03,185.29
2025-01-16,CORN,2025-03,182.99
2025-01-17,CORN,2025-03,180.63
2025-01-20,CORN,2025-03,181.54
2025-01-21,CORN,2025-03,182.85
2025-01-22,CORN,2025-03,181.4
2025-01-23,CORN,2025-03,184.86
2025-01-24,CORN,2025-03,183.73
2025-01-27,CORN,2025-03,184.45
2025-01-28,CORN,2025-03,185.2
2025-01-29,CORN,2025-03,182.22
2025-01-30,CORN,2025-03,183.75
2025-01-31,CORN,2025-03,179.54
2025-02-03,CORN,2025-03,184.26
2025-02-04,CORN,2025-03,180.4
2025-02-05,CORN,2025-03,186.03
2025-02-06,CORN,2025-03,184.14
2025-02-07,CORN,2025-03,188.33
2025-02-10,CORN,2025-03,186.93
2025-02-11,CORN,2025-03,185.38
2025-02-12,CORN,2025-03,184.87
2025-02-13,CORN,2025-03,186.27
2025-02-14,CORN,2025-03,187.05
2025-02-17,CORN,2025-03,184.7
2025-02-18,CORN,2025-03,184.6
2025-02-19,CORN,2025-03,184.25
2025-02-20,CORN,2025-03,187.51
2025-02-21,CORN,2025-03,186.04
2025-02-24,CORN,2025-03,189.11
2025-02-25,CORN,2025-03,189.75
2025-02-26,CORN,2025-03,191.09
2025-02-27,CORN,2025-03,189.21
2025-02-28,CORN,2025-03,187.69
2025-03-03,CORN,2025-03,187.59
2025-03-04,CORN,2025-03,190.71
2025-03-05,CORN,2025-03,189.78
2025-03-06,CORN,2025-03,192.64
2025-03-07,CORN,2025-03,193.14
2025-03-10,CORN,2025-03,195.6
2025-03-11,CORN,2025-03,196.96
2025-03-12,CORN,2025-03,201.1
2025-03-13,CORN,2025-03,200.69
2025-03-14,CORN,2025-03,199.19
2025-03-17,CORN,2025-03,196.75
2025-03-18,CORN,2025-03,201.2
2025-03-19,CORN,2025-03,202.14
2025-03-20,CORN,2025-03,201.95
2025-03-21,CORN,2025-03,203.18
2025-03-24,CORN,2025-03,205.46
2025-03-25,CORN,2025-03,209.4
2025-03-26,CORN,2025-03,205.27
2025-03-27,CORN,2025-03,205.45
2025-03-28,CORN,2025-03,203.97
2025-03-31,CORN,2025-03,200.46
2025-04-01,CORN,2025-03,201.83
2025-04-02,CORN,2025-03,203.55
2025-04-03,CORN,2025-03,204.72
2025-04-04,CORN,2025-03,208.6
2025-04-07,CORN,2025-03,209.26
2025-04-08,CORN,2025-03,206.48
2025-04-09,CORN,2025-03,209.68
2025-04-10,CORN,2025-03,208.52
2025-04-11,CORN,2025-03,207.9
2025-04-14,CORN,2025-03,206.12
2025-04-15,CORN,2025-03,208.8
2025-04-16,CORN,2025-03,209.94
2025-04-17,CORN,2025-03,205.25
2025-04-18,CORN,2025-03,204.75
2025-04-21,CORN,2025-03,206.09
2025-04-22,CORN,2025-03,206.87
2025-04-23,CORN,2025-03,204.36
2025-04-24,CORN,2025-03,205.28
2025-04-25,CORN,2025-03,204.79
2025-04-28,CORN,2025-03,205.71
2025-04-29,CORN,2025-03,203.05
2025-04-30,CORN,2025-03,204.7
2025-05-01,CORN,2025-03,202.49
2025-05-02,CORN,2025-03,201.2
2025-05-05,CORN,2025-03,202.94
2025-05-06,CORN,2025-03,201.3
2025-05-07,CORN,2025-03,202.51
2025-05-08,CORN,2025-03,204.5
2025-05-09,CORN,2025-03,205.52
2025-05-12,CORN,2025-03,204.55
2025-05-13,CORN,2025-03,205.28
2025-05-14,CORN,2025-03,202.63
2025-05-15,CORN,2025-03,202.73
2025-05-16,CORN,2025-03,204.77
2025-05-19,CORN,2025-03,204.3
2025-05-20,CORN,2025-03,204.74
2025-05-21,CORN,2025-03,203.5
2025-05-22,CORN,2025-03,204.13
2025-05-23,CORN,2025-03,202.59
2025-05-26,CORN,2025-03,204.15
2025-05-27,CORN,2025-03,202.76
2025-05-28,CORN,2025-03,206.84
2025-05-29,CORN,2025-03,208.85
2025-05-30,CORN,2025-03,211.15
2025-06-02,CORN,2025-03,209.16
2025-06-03,CORN,2025-03,206.21
2025-06-04,CORN,2025-03,205.59
2025-06-05,CORN,2025-03,205.48
2025-06-06,CORN,2025-03,204.56
2025-06-09,CORN,2025-03,203.87
2025-06-10,CORN,2025-03,201.09
2025-06-11,CORN,2025-03,200.23
2025-06-12,CORN,2025-03,199.9
2025-06-13,CORN,2025-03,202.38
2025-06-16,CORN,2025-03,201.81
2025-06-17,CORN,2025-03,206.32
2025-06-18,CORN,2025-03,207.2
2025-06-19,CORN,2025-03,207.5
2025-06-20,CORN,2025-03,206.33
2025-06-23,CORN,2025-03,207.79
2025-06-24,CORN,2025-03,209.7
2025-06-25,CORN,2025-03,211.46
2025-06-26,CORN,2025-03,210.86
2025-06-27,CORN,2025-03,213.63
2025-06-30,CORN,2025-03,212.69
2025-01-02,CORN,2025-05,186.47
2025-01-03,CORN,2025-05,188.46
2025-01-06,CORN,2025-05,189.81
2025-01-07,CORN,2025-05,191.84
2025-01-08,CORN,2025-05,192.47
2025-01-09,CORN,2025-05,193.78
2025-01-10,CORN,2025-05,192.52
2025-01-13,CORN,2025-05,193.68
2025-01-14,CORN,2025-05,193.81
2025-01-15,CORN,2025-05,188.05
2025-01-16,CORN,2025-05,185.01
2025-01-17,CORN,2025-05,183.23
2025-01-20,CORN,2025-05,184.82
2025-01-21,CORN,2025-05,183.41
2025-01-22,CORN,2025-05,185.6
2025-01-23,CORN,2025-05,188.36
2025-01-24,CORN,2025-05,184.57
2025-01-27,CORN,2025-05,186.87
2025-01-28,CORN,2025-05,188.33
2025-01-29,CORN,2025-05,185.96
2025-01-30,CORN,2025-05,186.39
2025-01-31,CORN,2025-05,182.51
2025-02-03,CORN,2025-05,183.22
2025-02-04,CORN,2025-05,181.92
2025-02-05,CORN,2025-05,187.25
2025-02-06,CORN,2025-05,186.42
2025-02-07,CORN,2025-05,187.86
2025-02-10,CORN,2025-05,188.56
2025-02-11,CORN,2025-05,189.13
2025-02-12,CORN,2025-05,186.23
2025-02-13,CORN,2025-05,187.36
2025-02-14,CORN,2025-05,189.71
2025-02-17,CORN,2025-05,185.99
2025-02-18,CORN,2025-05,187.58
2025-02-19,CORN,2025-05,185.3
2025-02-20,CORN,2025-05,190.14
2025-02-21,CORN,2025-05,190.5
2025-02-24,CORN,2025-05,192.82
2025-02-25,CORN,2025-05,192.65
2025-02-26,CORN,2025-05,191.18
2025-02-27,CORN,2025-05,191.0
2025-02-28,CORN,2025-05,188.42
2025-03-03,CORN,2025-05,189.81
2025-03-04,CORN,2025-05,192.54
2025-03-05,CORN,2025-05,193.13
2025-03-06,CORN,2025-05,195.41
2025-03-07,CORN,2025-05,195.45
2025-03-10,CORN,2025-05,197.87
2025-03-11,CORN,2025-05,199.82
2025-03-12,CORN,2025-05,203.51
2025-03-13,CORN,2025-05,203.51
2025-03-14,CORN,2025-05,201.02
2025-03-17,CORN,2025-05,197.59
2025-03-18,CORN,2025-05,203.99
2025-03-19,CORN,2025-05,204.26
2025-03-20,CORN,2025-05,204.31
2025-03-21,CORN,2025-05,205.7
2025-03-24,CORN,2025-05,209.1
2025-03-25,CORN,2025-05,210.47
2025-03-26,CORN,2025-05,208.05
2025-03-27,CORN,2025-05,207.96
2025-03-28,CORN,2025-05,205.99
2025-03-31,CORN,2025-05,203.67
2025-04-01,CORN,2025-05,206.8
2025-04-02,CORN,2025-05,204.35
2025-04-03,CORN,2025-05,206.54
2025-04-04,CORN,2025-05,208.05
2025-04-07,CORN,2025-05,209.89
2025-04-08,CORN,2025-05,208.85
2025-04-09,CORN,2025-05,208.61
2025-04-10,CORN,2025-05,212.24
2025-04-11,CORN,2025-05,209.85
2025-04-14,CORN,2025-05,208.8
2025-04-15,CORN,2025-05,210.61
2025-04-16,CORN,2025-05,209.91
2025-04-17,CORN,2025-05,206.78
2025-04-18,CORN,2025-05,206.44
2025-04-21,CORN,2025-05,206.39
2025-04-22,CORN,2025-05,208.39
2025-04-23,CORN,2025-05,207.29
2025-04-24,CORN,2025-05,208.96
2025-04-25,CORN,2025-05,208.08
2025-04-28,CORN,2025-05,208.23
2025-04-29,CORN,2025-05,207.42
2025-04-30,CORN,2025-05,203.97
2025-05-01,CORN,2025-05,206.1
2025-05-02,CORN,2025-05,203.72
2025-05-05,CORN,2025-05,207.03
2025-05-06,CORN,2025-05,203.39
2025-05-07,CORN,2025-05,203.47
2025-05-08,CORN,2025-05,206.24
2025-05-09,CORN,2025-05,207.61
2025-05-12,CORN,2025-05,207.15
2025-05-13,CORN,2025-05,207.94
2025-05-14,CORN,2025-05,205.34
2025-05-15,CORN,2025-05,206.31
2025-05-16,CORN,2025-05,208.5
2025-05-19,CORN,2025-05,207.81
2025-05-20,CORN,2025-05,205.8
2025-05-21,CORN,2025-05,205.43
2025-05-22,CORN,2025-05,206.18
2025-05-23,CORN,2025-05,206.89
2025-05-26,CORN,2025-05,206.74
2025-05-27,CORN,2025-05,207.75
2025-05-28,CORN,2025-05,211.37
2025-05-29,CORN,2025-05,211.67
2025-05-30,CORN,2025-05,213.55
2025-06-02,CORN,2025-05,211.97
2025-06-03,CORN,2025-05,208.67
2025-06-04,CORN,2025-05,209.05
2025-06-05,CORN,2025-05,208.15
2025-06-06,CORN,2025-05,207.09
2025-06-09,CORN,2025-05,205.51
2025-06-10,CORN,2025-05,204.92
2025-06-11,CORN,2025-05,204.56
2025-06-12,CORN,2025-05,203.78
2025-06-13,CORN,2025-05,204.99
2025-06-16,CORN,2025-05,204.89
2025-06-17,CORN,2025-05,211.18
2025-06-18,CORN,2025-05,211.17
2025-06-19,CORN,2025-05,208.42
2025-06-20,CORN,2025-05,209.62
2025-06-23,CORN,2025-05,210.55
2025-06-24,CORN,2025-05,211.95
2025-06-25,CORN,2025-05,216.05
2025-06-26,CORN,2025-05,213.85
2025-06-27,CORN,2025-05,215.77
2025-06-30,CORN,2025-05,215.7
2025-01-02,CORN,2025-07,188.59
2025-01-03,CORN,2025-07,189.36
2025-01-06,CORN,2025-07,192.37
2025-01-07,CORN,2025-07,193.05
2025-01-08,CORN,2025-07,192.61
2025-01-09,CORN,2025-07,196.04
2025-01-10,CORN,2025-07,194.41
2025-01-13,CORN,2025-07,195.42
2025-01-14,CORN,2025-07,194.93
2025-01-15,CORN,2025-07,191.24
2025-01-16,CORN,2025-07,186.17
2025-01-17,CORN,2025-07,183.95
2025-01-20,CORN,2025-07,186.03
2025-01-21,CORN,2025-07,187.25
2025-01-22,CORN,2025-07,188.41
2025-01-23,CORN,2025-07,190.88
2025-01-24,CORN,2025-07,186.64
2025-01-27,CORN,2025-07,187.74
2025-01-28,CORN,2025-07,188.7
2025-01-29,CORN,2025-07,187.39
2025-01-30,CORN,2025-07,187.77
2025-01-31,CORN,2025-07,183.75
2025-02-03,CORN,2025-07,187.01
2025-02-04,CORN,2025-07,186.19
2025-02-05,CORN,2025-07,190.0
2025-02-06,CORN,2025-07,188.44
2025-02-07,CORN,2025-07,190.63
2025-02-10,CORN,2025-07,188.35
2025-02-11,CORN,2025-07,190.22
2025-02-12,CORN,2025-07,189.31
2025-02-13,CORN,2025-07,189.06
2025-02-14,CORN,2025-07,190.7
2025-02-17,CORN,2025-07,189.15
2025-02-18,CORN,2025-07,186.9
2025-02-19,CORN,2025-07,188.15
2025-02-20,CORN,2025-07,191.03
2025-02-21,CORN,2025-07,192.18
2025-02-24,CORN,2025-07,193.23
2025-02-25,CORN,2025-07,194.11
2025-02-26,CORN,2025-07,194.27
2025-02-27,CORN,2025-07,192.51
2025-02-28,CORN,2025-07,191.57
2025-03-03,CORN,2025-07,191.58
2025-03-04,CORN,2025-07,193.16
2025-03-05,CORN,2025-07,193.6
2025-03-06,CORN,2025-07,196.87
2025-03-07,CORN,2025-07,198.55
2025-03-10,CORN,2025-07,200.92
2025-03-11,CORN,2025-07,201.95
2025-03-12,CORN,2025-07,205.49
2025-03-13,CORN,2025-07,203.96
2025-03-14,CORN,2025-07,203.19
2025-03-17,CORN,2025-07,201.46
2025-03-18,CORN,2025-07,205.81
2025-03-19,CORN,2025-07,208.77
2025-03-20,CORN,2025-07,205.79
2025-03-21,CORN,2025-07,208.67
2025-03-24,CORN,2025-07,210.44
2025-03-25,CORN,2025-07,213.77
2025-03-26,CORN,2025-07,210.37
2025-03-27,CORN,2025-07,208.9
2025-03-28,CORN,2025-07,208.99
2025-03-31,CORN,2025-07,204.78
2025-04-01,CORN,2025-07,206.14
2025-04-02,CORN,2025-07,206.5
2025-04-03,CORN,2025-07,207.65
2025-04-04,CORN,2025-07,213.63
2025-04-07,CORN,2025-07,212.97
2025-04-08,CORN,2025-07,210.78
2025-04-09,CORN,2025-07,211.6
2025-04-10,CORN,2025-07,212.02
2025-04-11,CORN,2025-07,212.19
2025-04-14,CORN,2025-07,211.81
2025-04-15,CORN,2025-07,214.23
2025-04-16,CORN,2025-07,213.53
2025-04-17,CORN,2025-07,211.26
2025-04-18,CORN,2025-07,206.58
2025-04-21,CORN,2025-07,209.66
2025-04-22,CORN,2025-07,212.24
2025-04-23,CORN,2025-07,211.67
2025-04-24,CORN,2025-07,210.26
2025-04-25,CORN,2025-07,209.79
2025-04-28,CORN,2025-07,209.19
2025-04-29,CORN,2025-07,206.79
2025-04-30,CORN,2025-07,207.2
2025-05-01,CORN,2025-07,207.26
2025-05-02,CORN,2025-07,206.39
2025-05-05,CORN,2025-07,208.54
2025-05-06,CORN,2025-07,206.29
2025-05-07,CORN,2025-07,207.72
2025-05-08,CORN,2025-07,209.01
2025-05-09,CORN,2025-07,210.94
2025-05-12,CORN,2025-07,210.08
2025-05-13,CORN,2025-07,209.78
2025-05-14,CORN,2025-07,209.31
2025-05-15,CORN,2025-07,207.27
2025-05-16,CORN,2025-07,213.16
2025-05-19,CORN,2025-07,210.68
2025-05-20,CORN,2025-07,209.0
2025-05-21,CORN,2025-07,208.21
2025-05-22,CORN,2025-07,209.84
2025-05-23,CORN,2025-07,208.14
2025-05-26,CORN,2025-07,206.83
2025-05-27,CORN,2025-07,210.59
2025-05-28,CORN,2025-07,210.67
2025-05-29,CORN,2025-07,213.8
2025-05-30,CORN,2025-07,214.44
2025-06-02,CORN,2025-07,214.31
2025-06-03,CORN,2025-07,211.49
2025-06-04,CORN,2025-07,212.04
2025-06-05,CORN,2025-07,210.82
2025-06-06,CORN,2025-07,210.72
2025-06-09,CORN,2025-07,209.94
2025-06-10,CORN,2025-07,207.26
2025-06-11,CORN,2025-07,206.03
2025-06-12,CORN,2025-07,205.04
2025-06-13,CORN,2025-07,208.6
2025-06-16,CORN,2025-07,207.64
2025-06-17,CORN,2025-07,212.23
2025-06-18,CORN,2025-07,213.86
2025-06-19,CORN,2025-07,211.9
2025-06-20,CORN,2025-07,212.36
2025-06-23,CORN,2025-07,211.43
2025-06-24,CORN,2025-07,214.38
2025-06-25,CORN,2025-07,219.56
2025-06-26,CORN,2025-07,216.78
2025-06-27,CORN,2025-07,219.14
2025-06-30,CORN,2025-07,217.41
2025-01-02,CORN,2025-09,191.65
2025-01-03,CORN,2025-09,190.95
2025-01-06,CORN,2025-09,194.39
2025-01-07,CORN,2025-09,196.06
2025-01-08,CORN,2025-09,196.73
2025-01-09,CORN,2025-09,197.4
2025-01-10,CORN,2025-09,195.42
2025-01-13,CORN,2025-09,196.69
2025-01-14,CORN,2025-09,197.9
2025-01-15,CORN,2025-09,194.94
2025-01-16,CORN,2025-09,190.62
2025-01-17,CORN,2025-09,185.88
2025-01-20,CORN,2025-09,189.85
2025-01-21,CORN,2025-09,189.59
2025-01-22,CORN,2025-09,187.61
2025-01-23,CORN,2025-09,192.1
2025-01-24,CORN,2025-09,191.21
2025-01-27,CORN,2025-09,190.67
2025-01-28,CORN,2025-09,189.46
2025-01-29,CORN,2025-09,189.99
2025-01-30,CORN,2025-09,187.49
2025-01-31,CORN,2025-09,186.55
2025-02-03,CORN,2025-09,190.2
2025-02-04,CORN,2025-09,188.0
2025-02-05,CORN,2025-09,190.99
2025-02-06,CORN,2025-09,192.22
2025-02-07,CORN,2025-09,194.08
2025-02-10,CORN,2025-09,194.3
2025-02-11,CORN,2025-09,193.84
2025-02-12,CORN,2025-09,193.02
2025-02-13,CORN,2025-09,192.91
2025-02-14,CORN,2025-09,193.02
2025-02-17,CORN,2025-09,191.5
2025-02-18,CORN,2025-09,190.98
2025-02-19,CORN,2025-09,189.04
2025-02-20,CORN,2025-09,193.25
2025-02-21,CORN,2025-09,193.72
2025-02-24,CORN,2025-09,196.92
2025-02-25,CORN,2025-09,197.69
2025-02-26,CORN,2025-09,196.77
2025-02-27,CORN,2025-09,195.41
2025-02-28,CORN,2025-09,194.7
2025-03-03,CORN,2025-09,193.85
2025-03-04,CORN,2025-09,197.41
2025-03-05,CORN,2025-09,197.03
2025-03-06,CORN,2025-09,200.94
2025-03-07,CORN,2025-09,201.47
2025-03-10,CORN,2025-09,202.74
2025-03-11,CORN,2025-09,203.88
2025-03-12,CORN,2025-09,209.69
2025-03-13,CORN,2025-09,207.08
2025-03-14,CORN,2025-09,206.25
2025-03-17,CORN,2025-09,204.11
2025-03-18,CORN,2025-09,206.96
2025-03-19,CORN,2025-09,209.93
2025-03-20,CORN,2025-09,207.54
2025-03-21,CORN,2025-09,210.61
2025-03-24,CORN,2025-09,213.5
2025-03-25,CORN,2025-09,216.63
2025-03-26,CORN,2025-09,213.02
2025-03-27,CORN,2025-09,213.21
2025-03-28,CORN,2025-09,211.86
2025-03-31,CORN,2025-09,208.2
2025-04-01,CORN,2025-09,210.78
2025-04-02,CORN,2025-09,208.99
2025-04-03,CORN,2025-09,211.1
2025-04-04,CORN,2025-09,215.3
2025-04-07,CORN,2025-09,213.44
2025-04-08,CORN,2025-09,213.25
2025-04-09,CORN,2025-09,215.78
2025-04-10,CORN,2025-09,216.6
2025-04-11,CORN,2025-09,213.91
2025-04-14,CORN,2025-09,212.5
2025-04-15,CORN,2025-09,215.86
2025-04-16,CORN,2025-09,218.14
2025-04-17,CORN,2025-09,212.58
2025-04-18,CORN,2025-09,211.63
2025-04-21,CORN,2025-09,213.61
2025-04-22,CORN,2025-09,214.49
2025-04-23,CORN,2025-09,211.35
2025-04-24,CORN,2025-09,213.13
2025-04-25,CORN,2025-09,211.98
2025-04-28,CORN,2025-09,214.49
2025-04-29,CORN,2025-09,210.35
2025-04-30,CORN,2025-09,209.67
2025-05-01,CORN,2025-09,210.35
2025-05-02,CORN,2025-09,209.7
2025-05-05,CORN,2025-09,211.29
2025-05-06,CORN,2025-09,208.35
2025-05-07,CORN,2025-09,208.67
2025-05-08,CORN,2025-09,212.82
2025-05-09,CORN,2025-09,213.24
2025-05-12,CORN,2025-09,211.83
2025-05-13,CORN,2025-09,212.87
2025-05-14,CORN,2025-09,210.08
2025-05-15,CORN,2025-09,209.52
2025-05-16,CORN,2025-09,213.98
2025-05-19,CORN,2025-09,211.22
2025-05-20,CORN,2025-09,211.95
2025-05-21,CORN,2025-09,209.93
2025-05-22,CORN,2025-09,210.35
2025-05-23,CORN,2025-09,210.22
2025-05-26,CORN,2025-09,211.29
2025-05-27,CORN,2025-09,210.98
2025-05-28,CORN,2025-09,214.12
2025-05-29,CORN,2025-09,216.31
2025-05-30,CORN,2025-09,216.99
2025-06-02,CORN,2025-09,216.17
2025-06-03,CORN,2025-09,215.85
2025-06-04,CORN,2025-09,215.98
2025-06-05,CORN,2025-09,214.22
2025-06-06,CORN,2025-09,210.28
2025-06-09,CORN,2025-09,211.0
2025-06-10,CORN,2025-09,210.43
2025-06-11,CORN,2025-09,209.05
2025-06-12,CORN,2025-09,208.52
2025-06-13,CORN,2025-09,210.34
2025-06-16,CORN,2025-09,210.31
2025-06-17,CORN,2025-09,214.55
2025-06-18,CORN,2025-09,213.69
2025-06-19,CORN,2025-09,215.2
2025-06-20,CORN,2025-09,215.06
2025-06-23,CORN,2025-09,215.9
2025-06-24,CORN,2025-09,215.0
2025-06-25,CORN,2025-09,220.91
2025-06-26,CORN,2025-09,220.55
2025-06-27,CORN,2025-09,220.41
2025-06-30,CORN,2025-09,220.69
2025-01-02,SOY,2025-03,390.73
2025-01-03,SOY,2025-03,385.12
2025-01-06,SOY,2025-03,382.5
2025-01-07,SOY,2025-03,379.54
2025-01-08,SOY,2025-03,382.1
2025-01-09,SOY,2025-03,379.48
2025-01-10,SOY,2025-03,382.5
2025-01-13,SOY,2025-03,383.88
2025-01-14,SOY,2025-03,387.99
2025-01-15,SOY,2025-03,387.72
2025-01-16,SOY,2025-03,390.48
2025-01-17,SOY,2025-03,383.22
2025-01-20,SOY,2025-03,376.05
2025-01-21,SOY,2025-03,378.89
2025-01-22,SOY,2025-03,382.95
2025-01-23,SOY,2025-03,379.03
2025-01-24,SOY,2025-03,380.3
2025-01-27,SOY,2025-03,379.57
2025-01-28,SOY,2025-03,378.91
2025-01-29,SOY,2025-03,375.45
2025-01-30,SOY,2025-03,369.7
2025-01-31,SOY,2025-03,380.71
2025-02-03,SOY,2025-03,379.04
2025-02-04,SOY,2025-03,375.65
2025-02-05,SOY,2025-03,367.66
2025-02-06,SOY,2025-03,371.71
2025-02-07,SOY,2025-03,368.49
2025-02-10,SOY,2025-03,360.71
2025-02-11,SOY,2025-03,367.3
2025-02-12,SOY,2025-03,371.31
2025-02-13,SOY,2025-03,371.2
2025-02-14,SOY,2025-03,369.07
2025-02-17,SOY,2025-03,374.29
2025-02-18,SOY,2025-03,369.08
2025-02-19,SOY,2025-03,369.78
2025-02-20,SOY,2025-03,373.5
2025-02-21,SOY,2025-03,367.81
2025-02-24,SOY,2025-03,371.22
2025-02-25,SOY,2025-03,371.58
2025-02-26,SOY,2025-03,373.06
2025-02-27,SOY,2025-03,370.77
2025-02-28,SOY,2025-03,370.36
2025-03-03,SOY,2025-03,365.63
2025-03-04,SOY,2025-03,366.87
2025-03-05,SOY,2025-03,368.97
2025-03-06,SOY,2025-03,363.09
2025-03-07,SOY,2025-03,361.63
2025-03-10,SOY,2025-03,358.36
2025-03-11,SOY,2025-03,356.46
2025-03-12,SOY,2025-03,359.12
2025-03-13,SOY,2025-03,355.91
2025-03-14,SOY,2025-03,359.68
2025-03-17,SOY,2025-03,362.34
2025-03-18,SOY,2025-03,360.05
2025-03-19,SOY,2025-03,361.21
2025-03-20,SOY,2025-03,362.73
2025-03-21,SOY,2025-03,360.06
2025-03-24,SOY,2025-03,356.95
2025-03-25,SOY,2025-03,358.81
2025-03-26,SOY,2025-03,361.88
2025-03-27,SOY,2025-03,365.02
2025-03-28,SOY,2025-03,361.04
2025-03-31,SOY,2025-03,356.37
2025-04-01,SOY,2025-03,355.29
2025-04-02,SOY,2025-03,362.27
2025-04-03,SOY,2025-03,362.23
2025-04-04,SOY,2025-03,358.14
2025-04-07,SOY,2025-03,370.28
2025-04-08,SOY,2025-03,371.97
2025-04-09,SOY,2025-03,372.67
2025-04-10,SOY,2025-03,371.45
2025-04-11,SOY,2025-03,365.89
2025-04-14,SOY,2025-03,362.57
2025-04-15,SOY,2025-03,367.0
2025-04-16,SOY,2025-03,370.33
2025-04-17,SOY,2025-03,365.47
2025-04-18,SOY,2025-03,362.38
2025-04-21,SOY,2025-03,357.75
2025-04-22,SOY,2025-03,358.22
2025-04-23,SOY,2025-03,348.96
2025-04-24,SOY,2025-03,354.34
2025-04-25,SOY,2025-03,352.85
2025-04-28,SOY,2025-03,361.04
2025-04-29,SOY,2025-03,362.74
2025-04-30,SOY,2025-03,362.78
2025-05-01,SOY,2025-03,364.71
2025-05-02,SOY,2025-03,353.93
2025-05-05,SOY,2025-03,357.17
2025-05-06,SOY,2025-03,359.14
2025-05-07,SOY,2025-03,351.87
2025-05-08,SOY,2025-03,350.68
2025-05-09,SOY,2025-03,350.88
2025-05-12,SOY,2025-03,348.6
2025-05-13,SOY,2025-03,345.49
2025-05-14,SOY,2025-03,347.99
2025-05-15,SOY,2025-03,346.72
2025-05-16,SOY,2025-03,348.65
2025-05-19,SOY,2025-03,345.67
2025-05-20,SOY,2025-03,347.08
2025-05-21,SOY,2025-03,348.72
2025-05-22,SOY,2025-03,342.37
2025-05-23,SOY,2025-03,345.88
2025-05-26,SOY,2025-03,346.44
2025-05-27,SOY,2025-03,356.44
2025-05-28,SOY,2025-03,351.37
2025-05-29,SOY,2025-03,352.02
2025-05-30,SOY,2025-03,350.28
2025-06-02,SOY,2025-03,352.89
2025-06-03,SOY,2025-03,347.83
2025-06-04,SOY,2025-03,350.1
2025-06-05,SOY,2025-03,356.09
2025-06-06,SOY,2025-03,355.49
2025-06-09,SOY,2025-03,356.09
2025-06-10,SOY,2025-03,356.78
2025-06-11,SOY,2025-03,358.79
2025-06-12,SOY,2025-03,357.99
2025-06-13,SOY,2025-03,363.47
2025-06-16,SOY,2025-03,362.14
2025-06-17,SOY,2025-03,364.77
2025-06-18,SOY,2025-03,363.72
2025-06-19,SOY,2025-03,367.31
2025-06-20,SOY,2025-03,368.88
2025-06-23,SOY,2025-03,366.44
2025-06-24,SOY,2025-03,369.34
2025-06-25,SOY,2025-03,368.87
2025-06-26,SOY,2025-03,367.76
2025-06-27,SOY,2025-03,367.84
2025-06-30,SOY,2025-03,373.73
2025-01-02,SOY,2025-05,392.77
2025-01-03,SOY,2025-05,388.98
2025-01-06,SOY,2025-05,386.43
2025-01-07,SOY,2025-05,387.52
2025-01-08,SOY,2025-05,385.74
2025-01-09,SOY,2025-05,384.0
2025-01-10,SOY,2025-05,382.68
2025-01-13,SOY,2025-05,393.8
2025-01-14,SOY,2025-05,386.32
2025-01-15,SOY,2025-05,391.04
2025-01-16,SOY,2025-05,397.02
2025-01-17,SOY,2025-05,390.75
2025-01-20,SOY,2025-05,379.85
2025-01-21,SOY,2025-05,385.27
2025-01-22,SOY,2025-05,387.04
2025-01-23,SOY,2025-05,387.94
2025-01-24,SOY,2025-05,389.39
2025-01-27,SOY,2025-05,389.13
2025-01-28,SOY,2025-05,381.93
2025-01-29,SOY,2025-05,382.48
2025-01-30,SOY,2025-05,375.71
2025-01-31,SOY,2025-05,381.12
2025-02-03,SOY,2025-05,382.74
2025-02-04,SOY,2025-05,375.54
2025-02-05,SOY,2025-05,371.71
2025-02-06,SOY,2025-05,370.72
2025-02-07,SOY,2025-05,372.05
2025-02-10,SOY,2025-05,364.69
2025-02-11,SOY,2025-05,367.39
2025-02-12,SOY,2025-05,372.54
2025-02-13,SOY,2025-05,375.25
2025-02-14,SOY,2025-05,372.65
2025-02-17,SOY,2025-05,379.23
2025-02-18,SOY,2025-05,373.79
2025-02-19,SOY,2025-05,375.75
2025-02-20,SOY,2025-05,376.06
2025-02-21,SOY,2025-05,370.54
2025-02-24,SOY,2025-05,374.36
2025-02-25,SOY,2025-05,376.49
2025-02-26,SOY,2025-05,379.48
2025-02-27,SOY,2025-05,377.64
2025-02-28,SOY,2025-05,373.72
2025-03-03,SOY,2025-05,368.45
2025-03-04,SOY,2025-05,373.05
2025-03-05,SOY,2025-05,372.18
2025-03-06,SOY,2025-05,368.92
2025-03-07,SOY,2025-05,366.72
2025-03-10,SOY,2025-05,362.12
2025-03-11,SOY,2025-05,360.43
2025-03-12,SOY,2025-05,360.74
2025-03-13,SOY,2025-05,357.18
2025-03-14,SOY,2025-05,361.58
2025-03-17,SOY,2025-05,359.98
2025-03-18,SOY,2025-05,366.63
2025-03-19,SOY,2025-05,366.67
2025-03-20,SOY,2025-05,365.01
2025-03-21,SOY,2025-05,371.1
2025-03-24,SOY,2025-05,362.36
2025-03-25,SOY,2025-05,367.85
2025-03-26,SOY,2025-05,366.41
2025-03-27,SOY,2025-05,370.93
2025-03-28,SOY,2025-05,363.3
2025-03-31,SOY,2025-05,359.31
2025-04-01,SOY,2025-05,360.6
2025-04-02,SOY,2025-05,366.59
2025-04-03,SOY,2025-05,366.83
2025-04-04,SOY,2025-05,368.29
2025-04-07,SOY,2025-05,374.85
2025-04-08,SOY,2025-05,376.91
2025-04-09,SOY,2025-05,380.32
2025-04-10,SOY,2025-05,372.11
2025-04-11,SOY,2025-05,369.48
2025-04-14,SOY,2025-05,371.42
2025-04-15,SOY,2025-05,370.89
2025-04-16,SOY,2025-05,370.05
2025-04-17,SOY,2025-05,365.44
2025-04-18,SOY,2025-05,364.75
2025-04-21,SOY,2025-05,359.75
2025-04-22,SOY,2025-05,358.46
2025-04-23,SOY,2025-05,352.7
2025-04-24,SOY,2025-05,356.94
2025-04-25,SOY,2025-05,357.38
2025-04-28,SOY,2025-05,366.9
2025-04-29,SOY,2025-05,368.11
2025-04-30,SOY,2025-05,366.66
2025-05-01,SOY,2025-05,367.4
2025-05-02,SOY,2025-05,364.0
2025-05-05,SOY,2025-05,361.81
2025-05-06,SOY,2025-05,363.58
2025-05-07,SOY,2025-05,355.03
2025-05-08,SOY,2025-05,357.19
2025-05-09,SOY,2025-05,351.87
2025-05-12,SOY,2025-05,353.71
2025-05-13,SOY,2025-05,347.82
2025-05-14,SOY,2025-05,346.57
2025-05-15,SOY,2025-05,350.69
2025-05-16,SOY,2025-05,356.02
2025-05-19,SOY,2025-05,355.75
2025-05-20,SOY,2025-05,353.01
2025-05-21,SOY,2025-05,350.73
2025-05-22,SOY,2025-05,345.6
2025-05-23,SOY,2025-05,349.53
2025-05-26,SOY,2025-05,351.14
2025-05-27,SOY,2025-05,357.08
2025-05-28,SOY,2025-05,358.34
2025-05-29,SOY,2025-05,353.6
2025-05-30,SOY,2025-05,352.34
2025-06-02,SOY,2025-05,357.35
2025-06-03,SOY,2025-05,357.07
2025-06-04,SOY,2025-05,354.5
2025-06-05,SOY,2025-05,359.25
2025-06-06,SOY,2025-05,357.01
2025-06-09,SOY,2025-05,354.53
2025-06-10,SOY,2025-05,359.87
2025-06-11,SOY,2025-05,361.5
2025-06-12,SOY,2025-05,359.88
2025-06-13,SOY,2025-05,369.02
2025-06-16,SOY,2025-05,368.04
2025-06-17,SOY,2025-05,366.19
2025-06-18,SOY,2025-05,362.29
2025-06-19,SOY,2025-05,370.88
2025-06-20,SOY,2025-05,372.58
2025-06-23,SOY,2025-05,370.64
2025-06-24,SOY,2025-05,372.1
2025-06-25,SOY,2025-05,377.9
2025-06-26,SOY,2025-05,367.43
2025-06-27,SOY,2025-05,373.58
2025-06-30,SOY,2025-05,375.65
2025-01-02,SOY,2025-07,398.15
2025-01-03,SOY,2025-07,396.2
2025-01-06,SOY,2025-07,392.41
2025-01-07,SOY,2025-07,388.1
2025-01-08,SOY,2025-07,390.62
2025-01-09,SOY,2025-07,389.65
2025-01-10,SOY,2025-07,388.1
2025-01-13,SOY,2025-07,395.04
2025-01-14,SOY,2025-07,396.09
2025-01-15,SOY,2025-07,398.15
2025-01-16,SOY,2025-07,397.81
2025-01-17,SOY,2025-07,391.82
2025-01-20,SOY,2025-07,384.49
2025-01-21,SOY,2025-07,386.51
2025-01-22,SOY,2025-07,393.19
2025-01-23,SOY,2025-07,391.36
2025-01-24,SOY,2025-07,391.36
2025-01-27,SOY,2025-07,390.19
2025-01-28,SOY,2025-07,391.0
2025-01-29,SOY,2025-07,384.28
2025-01-30,SOY,2025-07,381.87
2025-01-31,SOY,2025-07,389.34
2025-02-03,SOY,2025-07,388.82
2025-02-04,SOY,2025-07,382.01
2025-02-05,SOY,2025-07,378.24
2025-02-06,SOY,2025-07,383.01
2025-02-07,SOY,2025-07,376.43
2025-02-10,SOY,2025-07,374.52
2025-02-11,SOY,2025-07,380.3
2025-02-12,SOY,2025-07,379.73
2025-02-13,SOY,2025-07,378.7
2025-02-14,SOY,2025-07,380.33
2025-02-17,SOY,2025-07,377.81
2025-02-18,SOY,2025-07,382.55
2025-02-19,SOY,2025-07,378.86
2025-02-20,SOY,2025-07,375.39
2025-02-21,SOY,2025-07,374.36
2025-02-24,SOY,2025-07,381.72
2025-02-25,SOY,2025-07,380.61
2025-02-26,SOY,2025-07,386.88
2025-02-27,SOY,2025-07,380.12
2025-02-28,SOY,2025-07,376.07
2025-03-03,SOY,2025-07,374.54
2025-03-04,SOY,2025-07,375.58
2025-03-05,SOY,2025-07,375.07
2025-03-06,SOY,2025-07,376.57
2025-03-07,SOY,2025-07,369.12
2025-03-10,SOY,2025-07,367.19
2025-03-11,SOY,2025-07,366.55
2025-03-12,SOY,2025-07,361.85
2025-03-13,SOY,2025-07,360.07
2025-03-14,SOY,2025-07,367.75
2025-03-17,SOY,2025-07,371.32
2025-03-18,SOY,2025-07,372.81
2025-03-19,SOY,2025-07,366.53
2025-03-20,SOY,2025-07,364.64
2025-03-21,SOY,2025-07,371.95
2025-03-24,SOY,2025-07,364.73
2025-03-25,SOY,2025-07,371.86
2025-03-26,SOY,2025-07,367.47
2025-03-27,SOY,2025-07,372.35
2025-03-28,SOY,2025-07,370.81
2025-03-31,SOY,2025-07,367.75
2025-04-01,SOY,2025-07,364.92
2025-04-02,SOY,2025-07,369.89
2025-04-03,SOY,2025-07,371.94
2025-04-04,SOY,2025-07,372.08
2025-04-07,SOY,2025-07,378.59
2025-04-08,SOY,2025-07,379.72
2025-04-09,SOY,2025-07,380.66
2025-04-10,SOY,2025-07,382.23
2025-04-11,SOY,2025-07,374.84
2025-04-14,SOY,2025-07,371.54
2025-04-15,SOY,2025-07,374.96
2025-04-16,SOY,2025-07,375.8
2025-04-17,SOY,2025-07,370.24
2025-04-18,SOY,2025-07,370.33
2025-04-21,SOY,2025-07,365.34
2025-04-22,SOY,2025-07,365.58
2025-04-23,SOY,2025-07,355.25
2025-04-24,SOY,2025-07,365.22
2025-04-25,SOY,2025-07,362.5
2025-04-28,SOY,2025-07,370.2
2025-04-29,SOY,2025-07,369.21
2025-04-30,SOY,2025-07,369.56
2025-05-01,SOY,2025-07,371.92
2025-05-02,SOY,2025-07,371.42
2025-05-05,SOY,2025-07,364.24
2025-05-06,SOY,2025-07,367.96
2025-05-07,SOY,2025-07,358.16
2025-05-08,SOY,2025-07,358.42
2025-05-09,SOY,2025-07,355.55
2025-05-12,SOY,2025-07,358.85
2025-05-13,SOY,2025-07,349.23
2025-05-14,SOY,2025-07,351.69
2025-05-15,SOY,2025-07,350.52
2025-05-16,SOY,2025-07,356.69
2025-05-19,SOY,2025-07,357.25
2025-05-20,SOY,2025-07,353.21
2025-05-21,SOY,2025-07,354.14
2025-05-22,SOY,2025-07,347.36
2025-05-23,SOY,2025-07,350.6
2025-05-26,SOY,2025-07,356.8
2025-05-27,SOY,2025-07,363.21
2025-05-28,SOY,2025-07,360.76
2025-05-29,SOY,2025-07,357.58
2025-05-30,SOY,2025-07,354.68
2025-06-02,SOY,2025-07,356.14
2025-06-03,SOY,2025-07,359.5
2025-06-04,SOY,2025-07,361.11
2025-06-05,SOY,2025-07,364.71
2025-06-06,SOY,2025-07,362.17
2025-06-09,SOY,2025-07,362.72
2025-06-10,SOY,2025-07,365.97
2025-06-11,SOY,2025-07,365.26
2025-06-12,SOY,2025-07,364.46
2025-06-13,SOY,2025-07,376.88
2025-06-16,SOY,2025-07,366.74
2025-06-17,SOY,2025-07,370.71
2025-06-18,SOY,2025-07,371.03
2025-06-19,SOY,2025-07,371.78
2025-06-20,SOY,2025-07,376.39
2025-06-23,SOY,2025-07,374.32
2025-06-24,SOY,2025-07,376.65
2025-06-25,SOY,2025-07,374.85
2025-06-26,SOY,2025-07,377.37
2025-06-27,SOY,2025-07,380.08
2025-06-30,SOY,2025-07,381.1
2025-01-02,SOY,2025-09,402.66
2025-01-03,SOY,2025-09,399.24
2025-01-06,SOY,2025-09,393.65
2025-01-07,SOY,2025-09,392.09
2025-01-08,SOY,2025-09,399.93
2025-01-09,SOY,2025-09,394.62
2025-01-10,SOY,2025-09,390.54
2025-01-13,SOY,2025-09,400.18
2025-01-14,SOY,2025-09,398.46
2025-01-15,SOY,2025-09,399.98
2025-01-16,SOY,2025-09,398.95
2025-01-17,SOY,2025-09,397.97
2025-01-20,SOY,2025-09,392.9
2025-01-21,SOY,2025-09,395.62
2025-01-22,SOY,2025-09,397.1
2025-01-23,SOY,2025-09,393.31
2025-01-24,SOY,2025-09,393.9
2025-01-27,SOY,2025-09,398.12
2025-01-28,SOY,2025-09,390.84
2025-01-29,SOY,2025-09,389.44
2025-01-30,SOY,2025-09,386.87
2025-01-31,SOY,2025-09,391.54
2025-02-03,SOY,2025-09,395.77
2025-02-04,SOY,2025-09,390.67
2025-02-05,SOY,2025-09,381.98
2025-02-06,SOY,2025-09,384.16
2025-02-07,SOY,2025-09,381.33
2025-02-10,SOY,2025-09,372.88
2025-02-11,SOY,2025-09,380.23
2025-02-12,SOY,2025-09,381.83
2025-02-13,SOY,2025-09,383.42
2025-02-14,SOY,2025-09,382.52
2025-02-17,SOY,2025-09,386.39
2025-02-18,SOY,2025-09,386.33
2025-02-19,SOY,2025-09,383.51
2025-02-20,SOY,2025-09,384.15
2025-02-21,SOY,2025-09,375.35
2025-02-24,SOY,2025-09,385.04
2025-02-25,SOY,2025-09,385.59
2025-02-26,SOY,2025-09,390.36
2025-02-27,SOY,2025-09,390.36
2025-02-28,SOY,2025-09,385.47
2025-03-03,SOY,2025-09,380.6
2025-03-04,SOY,2025-09,378.05
2025-03-05,SOY,2025-09,379.15
2025-03-06,SOY,2025-09,378.38
2025-03-07,SOY,2025-09,373.61
2025-03-10,SOY,2025-09,371.85
2025-03-11,SOY,2025-09,371.41
2025-03-12,SOY,2025-09,367.04
2025-03-13,SOY,2025-09,369.22
2025-03-14,SOY,2025-09,372.24
2025-03-17,SOY,2025-09,368.39
2025-03-18,SOY,2025-09,375.94
2025-03-19,SOY,2025-09,374.78
2025-03-20,SOY,2025-09,376.95
2025-03-21,SOY,2025-09,374.21
2025-03-24,SOY,2025-09,370.8
2025-03-25,SOY,2025-09,374.33
2025-03-26,SOY,2025-09,370.94
2025-03-27,SOY,2025-09,373.27
2025-03-28,SOY,2025-09,375.68
2025-03-31,SOY,2025-09,375.27
2025-04-01,SOY,2025-09,370.67
2025-04-02,SOY,2025-09,377.09
2025-04-03,SOY,2025-09,377.29
2025-04-04,SOY,2025-09,377.81
2025-04-07,SOY,2025-09,379.33
2025-04-08,SOY,2025-09,388.46
2025-04-09,SOY,2025-09,388.79
2025-04-10,SOY,2025-09,382.06
2025-04-11,SOY,2025-09,379.13
2025-04-14,SOY,2025-09,377.51
2025-04-15,SOY,2025-09,376.23
2025-04-16,SOY,2025-09,381.43
2025-04-17,SOY,2025-09,373.48
2025-04-18,SOY,2025-09,375.42
2025-04-21,SOY,2025-09,368.68
2025-04-22,SOY,2025-09,369.0
2025-04-23,SOY,2025-09,362.58
2025-04-24,SOY,2025-09,365.48
2025-04-25,SOY,2025-09,370.72
2025-04-28,SOY,2025-09,376.1
2025-04-29,SOY,2025-09,376.95
2025-04-30,SOY,2025-09,374.78
2025-05-01,SOY,2025-09,379.25
2025-05-02,SOY,2025-09,375.08
2025-05-05,SOY,2025-09,368.05
2025-05-06,SOY,2025-09,370.62
2025-05-07,SOY,2025-09,360.08
2025-05-08,SOY,2025-09,365.7
2025-05-09,SOY,2025-09,364.22
2025-05-12,SOY,2025-09,360.67
2025-05-13,SOY,2025-09,352.9
2025-05-14,SOY,2025-09,359.59
2025-05-15,SOY,2025-09,356.7
2025-05-16,SOY,2025-09,361.72
2025-05-19,SOY,2025-09,364.26
2025-05-20,SOY,2025-09,361.03
2025-05-21,SOY,2025-09,358.79
2025-05-22,SOY,2025-09,354.14
2025-05-23,SOY,2025-09,356.96
2025-05-26,SOY,2025-09,357.81
2025-05-27,SOY,2025-09,364.51
2025-05-28,SOY,2025-09,363.97
2025-05-29,SOY,2025-09,364.41
2025-05-30,SOY,2025-09,361.52
2025-06-02,SOY,2025-09,359.8
2025-06-03,SOY,2025-09,365.73
2025-06-04,SOY,2025-09,358.28
2025-06-05,SOY,2025-09,366.33
2025-06-06,SOY,2025-09,363.96
2025-06-09,SOY,2025-09,368.71
2025-06-10,SOY,2025-09,371.31
2025-06-11,SOY,2025-09,372.37
2025-06-12,SOY,2025-09,367.74
2025-06-13,SOY,2025-09,378.42
2025-06-16,SOY,2025-09,374.9
2025-06-17,SOY,2025-09,372.18
2025-06-18,SOY,2025-09,376.7
2025-06-19,SOY,2025-09,376.23
2025-06-20,SOY,2025-09,382.88
2025-06-23,SOY,2025-09,380.51
2025-06-24,SOY,2025-09,382.04
2025-06-25,SOY,2025-09,381.42
2025-06-26,SOY,2025-09,382.23
2025-06-27,SOY,2025-09,380.17
2025-06-30,SOY,2025-09,384.43
2025-01-02,BARLEY,2025-03,210.42
2025-01-03,BARLEY,2025-03,210.33
2025-01-06,BARLEY,2025-03,210.29
2025-01-07,BARLEY,2025-03,214.86
2025-01-08,BARLEY,2025-03,214.49
2025-01-09,BARLEY,2025-03,213.92
2025-01-10,BARLEY,2025-03,211.79
2025-01-13,BARLEY,2025-03,214.72
2025-01-14,BARLEY,2025-03,215.32
2025-01-15,BARLEY,2025-03,216.74
2025-01-16,BARLEY,2025-03,217.81
2025-01-17,BARLEY,2025-03,218.98
2025-01-20,BARLEY,2025-03,218.46
2025-01-21,BARLEY,2025-03,220.26
2025-01-22,BARLEY,2025-03,225.53
2025-01-23,BARLEY,2025-03,226.48
2025-01-24,BARLEY,2025-03,228.34
2025-01-27,BARLEY,2025-03,226.68
2025-01-28,BARLEY,2025-03,229.67
2025-01-29,BARLEY,2025-03,227.5
2025-01-30,BARLEY,2025-03,228.55
2025-01-31,BARLEY,2025-03,226.08
2025-02-03,BARLEY,2025-03,223.97
2025-02-04,BARLEY,2025-03,221.48
2025-02-05,BARLEY,2025-03,221.75
2025-02-06,BARLEY,2025-03,224.55
2025-02-07,BARLEY,2025-03,226.33
2025-02-10,BARLEY,2025-03,224.27
2025-02-11,BARLEY,2025-03,222.55
2025-02-12,BARLEY,2025-03,225.4
2025-02-13,BARLEY,2025-03,228.01
2025-02-14,BARLEY,2025-03,227.31
2025-02-17,BARLEY,2025-03,226.45
2025-02-18,BARLEY,2025-03,230.76
2025-02-19,BARLEY,2025-03,229.75
2025-02-20,BARLEY,2025-03,226.55
2025-02-21,BARLEY,2025-03,231.19
2025-02-24,BARLEY,2025-03,231.93
2025-02-25,BARLEY,2025-03,231.18
2025-02-26,BARLEY,2025-03,233.07
2025-02-27,BARLEY,2025-03,231.78
2025-02-28,BARLEY,2025-03,228.47
2025-03-03,BARLEY,2025-03,230.27
2025-03-04,BARLEY,2025-03,231.34
2025-03-05,BARLEY,2025-03,231.15
2025-03-06,BARLEY,2025-03,230.6
2025-03-07,BARLEY,2025-03,227.01
2025-03-10,BARLEY,2025-03,227.14
2025-03-11,BARLEY,2025-03,226.02
2025-03-12,BARLEY,2025-03,225.89
2025-03-13,BARLEY,2025-03,229.23
2025-03-14,BARLEY,2025-03,230.57
2025-03-17,BARLEY,2025-03,229.24
2025-03-18,BARLEY,2025-03,231.46
2025-03-19,BARLEY,2025-03,235.28
2025-03-20,BARLEY,2025-03,230.88
2025-03-21,BARLEY,2025-03,235.56
2025-03-24,BARLEY,2025-03,231.87
2025-03-25,BARLEY,2025-03,235.52
2025-03-26,BARLEY,2025-03,234.47
2025-03-27,BARLEY,2025-03,235.65
2025-03-28,BARLEY,2025-03,235.07
2025-03-31,BARLEY,2025-03,229.76
2025-04-01,BARLEY,2025-03,232.37
2025-04-02,BARLEY,2025-03,225.91
2025-04-03,BARLEY,2025-03,229.24
2025-04-04,BARLEY,2025-03,230.58
2025-04-07,BARLEY,2025-03,236.24
2025-04-08,BARLEY,2025-03,234.35
2025-04-09,BARLEY,2025-03,234.94
2025-04-10,BARLEY,2025-03,230.33
2025-04-11,BARLEY,2025-03,233.52
2025-04-14,BARLEY,2025-03,232.25
2025-04-15,BARLEY,2025-03,229.54
2025-04-16,BARLEY,2025-03,232.25
2025-04-17,BARLEY,2025-03,226.48
2025-04-18,BARLEY,2025-03,230.4
2025-04-21,BARLEY,2025-03,228.11
2025-04-22,BARLEY,2025-03,225.97
2025-04-23,BARLEY,2025-03,223.81
2025-04-24,BARLEY,2025-03,222.85
2025-04-25,BARLEY,2025-03,223.73
2025-04-28,BARLEY,2025-03,222.6
2025-04-29,BARLEY,2025-03,223.29
2025-04-30,BARLEY,2025-03,225.82
2025-05-01,BARLEY,2025-03,227.46
2025-05-02,BARLEY,2025-03,230.83
2025-05-05,BARLEY,2025-03,232.5
2025-05-06,BARLEY,2025-03,233.29
2025-05-07,BARLEY,2025-03,233.03
2025-05-08,BARLEY,2025-03,235.18
2025-05-09,BARLEY,2025-03,236.59
2025-05-12,BARLEY,2025-03,238.66
2025-05-13,BARLEY,2025-03,237.85
2025-05-14,BARLEY,2025-03,234.32
2025-05-15,BARLEY,2025-03,234.67
2025-05-16,BARLEY,2025-03,233.06
2025-05-19,BARLEY,2025-03,236.13
2025-05-20,BARLEY,2025-03,237.8
2025-05-21,BARLEY,2025-03,240.32
2025-05-22,BARLEY,2025-03,243.61
2025-05-23,BARLEY,2025-03,245.57
2025-05-26,BARLEY,2025-03,241.61
2025-05-27,BARLEY,2025-03,245.8
2025-05-28,BARLEY,2025-03,243.77
2025-05-29,BARLEY,2025-03,239.61
2025-05-30,BARLEY,2025-03,238.32
2025-06-02,BARLEY,2025-03,240.67
2025-06-03,BARLEY,2025-03,243.42
2025-06-04,BARLEY,2025-03,249.29
2025-06-05,BARLEY,2025-03,248.25
2025-06-06,BARLEY,2025-03,252.14
2025-06-09,BARLEY,2025-03,254.2
2025-06-10,BARLEY,2025-03,253.97
2025-06-11,BARLEY,2025-03,252.0
2025-06-12,BARLEY,2025-03,254.25
2025-06-13,BARLEY,2025-03,249.43
2025-06-16,BARLEY,2025-03,251.58
2025-06-17,BARLEY,2025-03,252.91
2025-06-18,BARLEY,2025-03,255.14
2025-06-19,BARLEY,2025-03,259.03
2025-06-20,BARLEY,2025-03,258.8
2025-06-23,BARLEY,2025-03,256.58
2025-06-24,BARLEY,2025-03,258.84
2025-06-25,BARLEY,2025-03,260.73
2025-06-26,BARLEY,2025-03,263.66
2025-06-27,BARLEY,2025-03,263.59
2025-06-30,BARLEY,2025-03,268.23
2025-01-02,BARLEY,2025-05,213.07
2025-01-03,BARLEY,2025-05,211.55
2025-01-06,BARLEY,2025-05,213.04
2025-01-07,BARLEY,2025-05,215.5
2025-01-08,BARLEY,2025-05,214.89
2025-01-09,BARLEY,2025-05,213.5
2025-01-10,BARLEY,2025-05,214.15
2025-01-13,BARLEY,2025-05,218.15
2025-01-14,BARLEY,2025-05,215.94
2025-01-15,BARLEY,2025-05,218.11
2025-01-16,BARLEY,2025-05,220.07
2025-01-17,BARLEY,2025-05,220.47
2025-01-20,BARLEY,2025-05,221.91
2025-01-21,BARLEY,2025-05,220.99
2025-01-22,BARLEY,2025-05,228.76
2025-01-23,BARLEY,2025-05,230.72
2025-01-24,BARLEY,2025-05,230.77
2025-01-27,BARLEY,2025-05,230.05
2025-01-28,BARLEY,2025-05,232.07
2025-01-29,BARLEY,2025-05,230.48
2025-01-30,BARLEY,2025-05,230.24
2025-01-31,BARLEY,2025-05,227.93
2025-02-03,BARLEY,2025-05,224.14
2025-02-04,BARLEY,2025-05,224.7
2025-02-05,BARLEY,2025-05,226.0
2025-02-06,BARLEY,2025-05,227.34
2025-02-07,BARLEY,2025-05,227.12
2025-02-10,BARLEY,2025-05,225.26
2025-02-11,BARLEY,2025-05,225.96
2025-02-12,BARLEY,2025-05,227.9
2025-02-13,BARLEY,2025-05,231.18
2025-02-14,BARLEY,2025-05,229.79
2025-02-17,BARLEY,2025-05,230.27
2025-02-18,BARLEY,2025-05,231.6
2025-02-19,BARLEY,2025-05,228.94
2025-02-20,BARLEY,2025-05,230.1
2025-02-21,BARLEY,2025-05,234.04
2025-02-24,BARLEY,2025-05,237.74
2025-02-25,BARLEY,2025-05,233.97
2025-02-26,BARLEY,2025-05,235.6
2025-02-27,BARLEY,2025-05,233.39
2025-02-28,BARLEY,2025-05,229.95
2025-03-03,BARLEY,2025-05,232.25
2025-03-04,BARLEY,2025-05,235.96
2025-03-05,BARLEY,2025-05,233.64
2025-03-06,BARLEY,2025-05,232.5
2025-03-07,BARLEY,2025-05,231.53
2025-03-10,BARLEY,2025-05,231.58
2025-03-11,BARLEY,2025-05,231.58
2025-03-12,BARLEY,2025-05,228.17
2025-03-13,BARLEY,2025-05,232.39
2025-03-14,BARLEY,2025-05,233.44
2025-03-17,BARLEY,2025-05,232.72
2025-03-18,BARLEY,2025-05,234.79
2025-03-19,BARLEY,2025-05,236.3
2025-03-20,BARLEY,2025-05,235.17
2025-03-21,BARLEY,2025-05,237.93
2025-03-24,BARLEY,2025-05,236.84
2025-03-25,BARLEY,2025-05,237.56
2025-03-26,BARLEY,2025-05,235.55
2025-03-27,BARLEY,2025-05,239.49
2025-03-28,BARLEY,2025-05,233.64
2025-03-31,BARLEY,2025-05,236.98
2025-04-01,BARLEY,2025-05,232.95
2025-04-02,BARLEY,2025-05,229.66
2025-04-03,BARLEY,2025-05,229.29
2025-04-04,BARLEY,2025-05,233.93
2025-04-07,BARLEY,2025-05,237.81
2025-04-08,BARLEY,2025-05,237.0
2025-04-09,BARLEY,2025-05,235.54
2025-04-10,BARLEY,2025-05,235.39
2025-04-11,BARLEY,2025-05,235.77
2025-04-14,BARLEY,2025-05,237.32
2025-04-15,BARLEY,2025-05,233.05
2025-04-16,BARLEY,2025-05,233.61
2025-04-17,BARLEY,2025-05,227.95
2025-04-18,BARLEY,2025-05,230.84
2025-04-21,BARLEY,2025-05,229.05
2025-04-22,BARLEY,2025-05,229.99
2025-04-23,BARLEY,2025-05,227.63
2025-04-24,BARLEY,2025-05,226.42
2025-04-25,BARLEY,2025-05,223.97
2025-04-28,BARLEY,2025-05,225.84
2025-04-29,BARLEY,2025-05,225.74
2025-04-30,BARLEY,2025-05,228.4
2025-05-01,BARLEY,2025-05,229.51
2025-05-02,BARLEY,2025-05,231.67
2025-05-05,BARLEY,2025-05,237.08
2025-05-06,BARLEY,2025-05,236.81
2025-05-07,BARLEY,2025-05,236.59
2025-05-08,BARLEY,2025-05,238.31
2025-05-09,BARLEY,2025-05,243.39
2025-05-12,BARLEY,2025-05,243.64
2025-05-13,BARLEY,2025-05,238.41
2025-05-14,BARLEY,2025-05,237.06
2025-05-15,BARLEY,2025-05,236.54
2025-05-16,BARLEY,2025-05,238.58
2025-05-19,BARLEY,2025-05,237.66
2025-05-20,BARLEY,2025-05,241.28
2025-05-21,BARLEY,2025-05,245.19
2025-05-22,BARLEY,2025-05,244.99
2025-05-23,BARLEY,2025-05,247.88
2025-05-26,BARLEY,2025-05,246.22
2025-05-27,BARLEY,2025-05,247.34
2025-05-28,BARLEY,2025-05,248.49
2025-05-29,BARLEY,2025-05,243.84
2025-05-30,BARLEY,2025-05,243.15
2025-06-02,BARLEY,2025-05,244.82
2025-06-03,BARLEY,2025-05,245.81
2025-06-04,BARLEY,2025-05,249.12
2025-06-05,BARLEY,2025-05,251.82
2025-06-06,BARLEY,2025-05,257.11
2025-06-09,BARLEY,2025-05,258.34
2025-06-10,BARLEY,2025-05,256.85
2025-06-11,BARLEY,2025-05,253.98
2025-06-12,BARLEY,2025-05,256.85
2025-06-13,BARLEY,2025-05,256.43
2025-06-16,BARLEY,2025-05,252.53
2025-06-17,BARLEY,2025-05,257.74
2025-06-18,BARLEY,2025-05,259.66
2025-06-19,BARLEY,2025-05,261.25
2025-06-20,BARLEY,2025-05,259.34
2025-06-23,BARLEY,2025-05,261.22
2025-06-24,BARLEY,2025-05,262.7
2025-06-25,BARLEY,2025-05,264.79
2025-06-26,BARLEY,2025-05,267.14
2025-06-27,BARLEY,2025-05,269.66
2025-06-30,BARLEY,2025-05,272.42
2025-01-02,BARLEY,2025-07,215.51
2025-01-03,BARLEY,2025-07,215.16
2025-01-06,BARLEY,2025-07,213.94
2025-01-07,BARLEY,2025-07,217.53
2025-01-08,BARLEY,2025-07,215.43
2025-01-09,BARLEY,2025-07,219.12
2025-01-10,BARLEY,2025-07,216.18
2025-01-13,BARLEY,2025-07,219.28
2025-01-14,BARLEY,2025-07,218.67
2025-01-15,BARLEY,2025-07,219.97
2025-01-16,BARLEY,2025-07,224.39
2025-01-17,BARLEY,2025-07,225.9
2025-01-20,BARLEY,2025-07,221.95
2025-01-21,BARLEY,2025-07,225.53
2025-01-22,BARLEY,2025-07,230.06
2025-01-23,BARLEY,2025-07,232.79
2025-01-24,BARLEY,2025-07,232.31
2025-01-27,BARLEY,2025-07,231.72
2025-01-28,BARLEY,2025-07,235.21
2025-01-29,BARLEY,2025-07,233.38
2025-01-30,BARLEY,2025-07,234.94
2025-01-31,BARLEY,2025-07,230.63
2025-02-03,BARLEY,2025-07,228.32
2025-02-04,BARLEY,2025-07,223.85
2025-02-05,BARLEY,2025-07,226.4
2025-02-06,BARLEY,2025-07,232.24
2025-02-07,BARLEY,2025-07,232.57
2025-02-10,BARLEY,2025-07,227.43
2025-02-11,BARLEY,2025-07,227.51
2025-02-12,BARLEY,2025-07,229.43
2025-02-13,BARLEY,2025-07,234.77
2025-02-14,BARLEY,2025-07,233.32
2025-02-17,BARLEY,2025-07,231.35
2025-02-18,BARLEY,2025-07,234.54
2025-02-19,BARLEY,2025-07,229.74
2025-02-20,BARLEY,2025-07,232.13
2025-02-21,BARLEY,2025-07,238.1
2025-02-24,BARLEY,2025-07,239.37
2025-02-25,BARLEY,2025-07,234.85
2025-02-26,BARLEY,2025-07,237.33
2025-02-27,BARLEY,2025-07,237.75
2025-02-28,BARLEY,2025-07,232.28
2025-03-03,BARLEY,2025-07,235.48
2025-03-04,BARLEY,2025-07,237.69
2025-03-05,BARLEY,2025-07,238.71
2025-03-06,BARLEY,2025-07,235.92
2025-03-07,BARLEY,2025-07,233.94
2025-03-10,BARLEY,2025-07,234.69
2025-03-11,BARLEY,2025-07,231.26
2025-03-12,BARLEY,2025-07,230.29
2025-03-13,BARLEY,2025-07,234.01
2025-03-14,BARLEY,2025-07,235.32
2025-03-17,BARLEY,2025-07,237.55
2025-03-18,BARLEY,2025-07,239.14
2025-03-19,BARLEY,2025-07,239.46
2025-03-20,BARLEY,2025-07,239.48
2025-03-21,BARLEY,2025-07,241.45
2025-03-24,BARLEY,2025-07,238.5
2025-03-25,BARLEY,2025-07,240.44
2025-03-26,BARLEY,2025-07,240.83
2025-03-27,BARLEY,2025-07,240.14
2025-03-28,BARLEY,2025-07,235.67
2025-03-31,BARLEY,2025-07,239.11
2025-04-01,BARLEY,2025-07,236.43
2025-04-02,BARLEY,2025-07,234.28
2025-04-03,BARLEY,2025-07,233.65
2025-04-04,BARLEY,2025-07,235.69
2025-04-07,BARLEY,2025-07,243.02
2025-04-08,BARLEY,2025-07,241.95
2025-04-09,BARLEY,2025-07,239.97
2025-04-10,BARLEY,2025-07,238.15
2025-04-11,BARLEY,2025-07,237.53
2025-04-14,BARLEY,2025-07,238.25
2025-04-15,BARLEY,2025-07,235.85
2025-04-16,BARLEY,2025-07,237.08
2025-04-17,BARLEY,2025-07,231.28
2025-04-18,BARLEY,2025-07,235.44
2025-04-21,BARLEY,2025-07,231.98
2025-04-22,BARLEY,2025-07,232.25
2025-04-23,BARLEY,2025-07,230.05
2025-04-24,BARLEY,2025-07,228.1
2025-04-25,BARLEY,2025-07,227.2
2025-04-28,BARLEY,2025-07,227.45
2025-04-29,BARLEY,2025-07,229.38
2025-04-30,BARLEY,2025-07,230.77
2025-05-01,BARLEY,2025-07,232.84
2025-05-02,BARLEY,2025-07,235.01
2025-05-05,BARLEY,2025-07,238.97
2025-05-06,BARLEY,2025-07,239.2
2025-05-07,BARLEY,2025-07,241.07
2025-05-08,BARLEY,2025-07,241.25
2025-05-09,BARLEY,2025-07,243.5
2025-05-12,BARLEY,2025-07,245.0
2025-05-13,BARLEY,2025-07,240.63
2025-05-14,BARLEY,2025-07,239.1
2025-05-15,BARLEY,2025-07,239.02
2025-05-16,BARLEY,2025-07,242.42
2025-05-19,BARLEY,2025-07,241.17
2025-05-20,BARLEY,2025-07,243.18
2025-05-21,BARLEY,2025-07,247.85
2025-05-22,BARLEY,2025-07,250.85
2025-05-23,BARLEY,2025-07,253.27
2025-05-26,BARLEY,2025-07,248.77
2025-05-27,BARLEY,2025-07,250.22
2025-05-28,BARLEY,2025-07,251.22
2025-05-29,BARLEY,2025-07,245.94
2025-05-30,BARLEY,2025-07,244.78
2025-06-02,BARLEY,2025-07,248.73
2025-06-03,BARLEY,2025-07,250.06
2025-06-04,BARLEY,2025-07,253.0
2025-06-05,BARLEY,2025-07,254.22
2025-06-06,BARLEY,2025-07,260.6
2025-06-09,BARLEY,2025-07,258.88
2025-06-10,BARLEY,2025-07,260.13
2025-06-11,BARLEY,2025-07,255.99
2025-06-12,BARLEY,2025-07,258.71
2025-06-13,BARLEY,2025-07,257.97
2025-06-16,BARLEY,2025-07,257.53
2025-06-17,BARLEY,2025-07,259.7
2025-06-18,BARLEY,2025-07,262.09
2025-06-19,BARLEY,2025-07,265.49
2025-06-20,BARLEY,2025-07,263.41
2025-06-23,BARLEY,2025-07,264.9
2025-06-24,BARLEY,2025-07,265.47
2025-06-25,BARLEY,2025-07,266.11
2025-06-26,BARLEY,2025-07,269.73
2025-06-27,BARLEY,2025-07,271.21
2025-06-30,BARLEY,2025-07,273.61
2025-01-02,BARLEY,2025-09,217.59
2025-01-03,BARLEY,2025-09,221.33
2025-01-06,BARLEY,2025-09,216.85
2025-01-07,BARLEY,2025-09,220.66
2025-01-08,BARLEY,2025-09,220.85
2025-01-09,BARLEY,2025-09,222.04
2025-01-10,BARLEY,2025-09,220.38
2025-01-13,BARLEY,2025-09,220.47
2025-01-14,BARLEY,2025-09,223.04
2025-01-15,BARLEY,2025-09,225.4
2025-01-16,BARLEY,2025-09,225.83
2025-01-17,BARLEY,2025-09,225.19
2025-01-20,BARLEY,2025-09,226.56
2025-01-21,BARLEY,2025-09,227.23
2025-01-22,BARLEY,2025-09,235.09
2025-01-23,BARLEY,2025-09,233.51
2025-01-24,BARLEY,2025-09,234.81
2025-01-27,BARLEY,2025-09,234.22
2025-01-28,BARLEY,2025-09,237.33
2025-01-29,BARLEY,2025-09,238.14
2025-01-30,BARLEY,2025-09,236.13
2025-01-31,BARLEY,2025-09,232.2
2025-02-03,BARLEY,2025-09,229.13
2025-02-04,BARLEY,2025-09,227.32
2025-02-05,BARLEY,2025-09,227.84
2025-02-06,BARLEY,2025-09,232.91
2025-02-07,BARLEY,2025-09,234.92
2025-02-10,BARLEY,2025-09,231.44
2025-02-11,BARLEY,2025-09,232.11
2025-02-12,BARLEY,2025-09,232.63
2025-02-13,BARLEY,2025-09,235.5
2025-02-14,BARLEY,2025-09,234.7
2025-02-17,BARLEY,2025-09,235.88
2025-02-18,BARLEY,2025-09,239.4
2025-02-19,BARLEY,2025-09,233.34
2025-02-20,BARLEY,2025-09,235.63
2025-02-21,BARLEY,2025-09,242.15
2025-02-24,BARLEY,2025-09,239.81
2025-02-25,BARLEY,2025-09,240.2
2025-02-26,BARLEY,2025-09,241.76
2025-02-27,BARLEY,2025-09,239.57
2025-02-28,BARLEY,2025-09,237.07
2025-03-03,BARLEY,2025-09,239.81
2025-03-04,BARLEY,2025-09,242.4
2025-03-05,BARLEY,2025-09,239.67
2025-03-06,BARLEY,2025-09,238.38
2025-03-07,BARLEY,2025-09,235.92
2025-03-10,BARLEY,2025-09,237.55
2025-03-11,BARLEY,2025-09,233.94
2025-03-12,BARLEY,2025-09,232.96
2025-03-13,BARLEY,2025-09,237.33
2025-03-14,BARLEY,2025-09,237.7
2025-03-17,BARLEY,2025-09,239.74
2025-03-18,BARLEY,2025-09,244.0
2025-03-19,BARLEY,2025-09,242.92
2025-03-20,BARLEY,2025-09,241.7
2025-03-21,BARLEY,2025-09,243.78
2025-03-24,BARLEY,2025-09,242.4
2025-03-25,BARLEY,2025-09,244.58
2025-03-26,BARLEY,2025-09,244.02
2025-03-27,BARLEY,2025-09,242.76
2025-03-28,BARLEY,2025-09,238.3
2025-03-31,BARLEY,2025-09,238.79
2025-04-01,BARLEY,2025-09,238.12
2025-04-02,BARLEY,2025-09,236.35
2025-04-03,BARLEY,2025-09,235.64
2025-04-04,BARLEY,2025-09,240.39
2025-04-07,BARLEY,2025-09,244.64
2025-04-08,BARLEY,2025-09,243.5
2025-04-09,BARLEY,2025-09,241.7
2025-04-10,BARLEY,2025-09,240.79
2025-04-11,BARLEY,2025-09,239.79
2025-04-14,BARLEY,2025-09,240.04
2025-04-15,BARLEY,2025-09,240.51
2025-04-16,BARLEY,2025-09,239.29
2025-04-17,BARLEY,2025-09,234.46
2025-04-18,BARLEY,2025-09,237.32
2025-04-21,BARLEY,2025-09,235.04
2025-04-22,BARLEY,2025-09,235.35
2025-04-23,BARLEY,2025-09,231.12
2025-04-24,BARLEY,2025-09,232.87
2025-04-25,BARLEY,2025-09,229.57
2025-04-28,BARLEY,2025-09,231.74
2025-04-29,BARLEY,2025-09,230.95
2025-04-30,BARLEY,2025-09,234.98
2025-05-01,BARLEY,2025-09,236.45
2025-05-02,BARLEY,2025-09,238.93
2025-05-05,BARLEY,2025-09,240.01
2025-05-06,BARLEY,2025-09,243.21
2025-05-07,BARLEY,2025-09,243.91
2025-05-08,BARLEY,2025-09,243.97
2025-05-09,BARLEY,2025-09,246.63
2025-05-12,BARLEY,2025-09,247.51
2025-05-13,BARLEY,2025-09,244.46
2025-05-14,BARLEY,2025-09,244.73
2025-05-15,BARLEY,2025-09,241.34
2025-05-16,BARLEY,2025-09,243.12
2025-05-19,BARLEY,2025-09,245.68
2025-05-20,BARLEY,2025-09,247.18
2025-05-21,BARLEY,2025-09,251.65
2025-05-22,BARLEY,2025-09,251.72
2025-05-23,BARLEY,2025-09,255.07
2025-05-26,BARLEY,2025-09,251.89
2025-05-27,BARLEY,2025-09,253.81
2025-05-28,BARLEY,2025-09,250.47
2025-05-29,BARLEY,2025-09,249.27
2025-05-30,BARLEY,2025-09,248.26
2025-06-02,BARLEY,2025-09,250.84
2025-06-03,BARLEY,2025-09,251.54
2025-06-04,BARLEY,2025-09,255.64
2025-06-05,BARLEY,2025-09,257.72
2025-06-06,BARLEY,2025-09,261.49
2025-06-09,BARLEY,2025-09,263.64
2025-06-10,BARLEY,2025-09,265.29
2025-06-11,BARLEY,2025-09,261.67
2025-06-12,BARLEY,2025-09,261.22
2025-06-13,BARLEY,2025-09,261.03
2025-06-16,BARLEY,2025-09,260.49
2025-06-17,BARLEY,2025-09,263.01
2025-06-18,BARLEY,2025-09,264.4
2025-06-19,BARLEY,2025-09,268.95
2025-06-20,BARLEY,2025-09,267.67
2025-06-23,BARLEY,2025-09,269.52
2025-06-24,BARLEY,2025-09,267.15
2025-06-25,BARLEY,2025-09,270.51
2025-06-26,BARLEY,2025-09,271.8
2025-06-27,BARLEY,2025-09,272.95
2025-06-30,BARLEY,2025-09,279.66
