month_start,policy_id,employer_id,employer_name,industry,region_id,region_name,province,product_id,product_name,product_category,coverage_level,pricing_tier,member_count,earned_premium_cad,paid_claims_cad,incurred_claims_cad,claim_count,loss_ratio,claims_frequency,claims_severity_cad,premium_per_member_cad,claims_per_member_cad,profitability_cad
2025-01-01,POL0001,EMP001,Prairie Manufacturing,Manufacturing,REG001,Prairies,Manitoba,PRD001,Core Health,Health,Core,Standard,352,56773.54,2631.5,2982.36,23.0,0.0525,0.0653,129.6678,161.2885,8.4726,53791.18
2025-02-01,POL0001,EMP001,Prairie Manufacturing,Manufacturing,REG001,Prairies,Manitoba,PRD001,Core Health,Health,Core,Standard,353,56934.83,5966.66,6547.26,50.0,0.115,0.1416,130.9452,161.2885,18.5475,50387.57
2025-03-01,POL0001,EMP001,Prairie Manufacturing,Manufacturing,REG001,Prairies,Manitoba,PRD001,Core Health,Health,Core,Standard,360,58063.85,5739.12,6330.61,43.0,0.109,0.1194,147.2235,161.2885,17.585,51733.24
2025-04-01,POL0001,EMP001,Prairie Manufacturing,Manufacturing,REG001,Prairies,Manitoba,PRD001,Core Health,Health,Core,Standard,359,57902.56,5678.03,6379.22,49.0,0.1102,0.1365,130.1882,161.2885,17.7694,51523.34
2025-05-01,POL0001,EMP001,Prairie Manufacturing,Manufacturing,REG001,Prairies,Manitoba,PRD001,Core Health,Health,Core,Standard,347,55967.1,2932.04,3309.91,30.0,0.0591,0.0865,110.3303,161.2885,9.5386,52657.19
2025-06-01,POL0001,EMP001,Prairie Manufacturing,Manufacturing,REG001,Prairies,Manitoba,PRD001,Core Health,Health,Core,Standard,355,57257.41,6743.16,7450.81,41.0,0.1301,0.1155,181.7271,161.2885,20.9882,49806.6
2025-07-01,POL0001,EMP001,Prairie Manufacturing,Manufacturing,REG001,Prairies,Manitoba,PRD001,Core Health,Health,Core,Standard,372,59999.31,4585.5,5099.05,46.0,0.085,0.1237,110.8489,161.2885,13.7071,54900.26
2025-08-01,POL0001,EMP001,Prairie Manufacturing,Manufacturing,REG001,Prairies,Manitoba,PRD001,Core Health,Health,Core,Standard,364,58709.0,4246.55,4700.22,34.0,0.0801,0.0934,138.2418,161.2885,12.9127,54008.78
2025-09-01,POL0001,EMP001,Prairie Manufacturing,Manufacturing,REG001,Prairies,Manitoba,PRD001,Core Health,Health,Core,Standard,360,58063.85,5088.78,5572.29,41.0,0.096,0.1139,135.9095,161.2885,15.4786,52491.56
2025-10-01,POL0001,EMP001,Prairie Manufacturing,Manufacturing,REG001,Prairies,Manitoba,PRD001,Core Health,Health,Core,Standard,353,56934.83,4666.08,5217.43,41.0,0.0916,0.1161,127.2544,161.2885,14.7803,51717.4
2025-11-01,POL0001,EMP001,Prairie Manufacturing,Manufacturing,REG001,Prairies,Manitoba,PRD001,Core Health,Health,Core,Standard,348,56128.39,3543.93,3911.17,25.0,0.0697,0.0718,156.4468,161.2885,11.239,52217.22
2025-12-01,POL0001,EMP001,Prairie Manufacturing,Manufacturing,REG001,Prairies,Manitoba,PRD001,Core Health,Health,Core,Standard,356,57418.7,2497.58,2749.06,25.0,0.0479,0.0702,109.9624,161.2885,7.7221,54669.64
2025-01-01,POL0002,EMP001,Prairie Manufacturing,Manufacturing,REG001,Prairies,Manitoba,PRD005,Life Basic,Life,Core,Preferred,451,12689.29,11202.32,12403.34,1.0,0.9775,0.0022,12403.34,28.1359,27.5019,285.95
2025-02-01,POL0002,EMP001,Prairie Manufacturing,Manufacturing,REG001,Prairies,Manitoba,PRD005,Life Basic,Life,Core,Preferred,449,12633.02,0.0,0.0,0.0,0.0,0.0,0.0,28.1359,0.0,12633.02
2025-03-01,POL0002,EMP001,Prairie Manufacturing,Manufacturing,REG001,Prairies,Manitoba,PRD005,Life Basic,Life,Core,Preferred,426,11985.89,0.0,0.0,0.0,0.0,0.0,0.0,28.1359,0.0,11985.89
2025-04-01,POL0002,EMP001,Prairie Manufacturing,Manufacturing,REG001,Prairies,Manitoba,PRD005,Life Basic,Life,Core,Preferred,438,12323.53,0.0,0.0,0.0,0.0,0.0,0.0,28.1359,0.0,12323.53
2025-05-01,POL0002,EMP001,Prairie Manufacturing,Manufacturing,REG001,Prairies,Manitoba,PRD005,Life Basic,Life,Core,Preferred,442,12436.07,0.0,0.0,0.0,0.0,0.0,0.0,28.1359,0.0,12436.07
2025-06-01,POL0002,EMP001,Prairie Manufacturing,Manufacturing,REG001,Prairies,Manitoba,PRD005,Life Basic,Life,Core,Preferred,425,11957.76,0.0,0.0,0.0,0.0,0.0,0.0,28.1359,0.0,11957.76
2025-07-01,POL0002,EMP001,Prairie Manufacturing,Manufacturing,REG001,Prairies,Manitoba,PRD005,Life Basic,Life,Core,Preferred,439,12351.66,0.0,0.0,0.0,0.0,0.0,0.0,28.1359,0.0,12351.66
2025-08-01,POL0002,EMP001,Prairie Manufacturing,Manufacturing,REG001,Prairies,Manitoba,PRD005,Life Basic,Life,Core,Preferred,437,12295.39,4883.0,5722.73,1.0,0.4654,0.0023,5722.73,28.1359,13.0955,6572.66
2025-09-01,POL0002,EMP001,Prairie Manufacturing,Manufacturing,REG001,Prairies,Manitoba,PRD005,Life Basic,Life,Core,Preferred,454,12773.7,0.0,0.0,0.0,0.0,0.0,0.0,28.1359,0.0,12773.7
2025-10-01,POL0002,EMP001,Prairie Manufacturing,Manufacturing,REG001,Prairies,Manitoba,PRD005,Life Basic,Life,Core,Preferred,427,12014.03,0.0,0.0,0.0,0.0,0.0,0.0,28.1359,0.0,12014.03
2025-11-01,POL0002,EMP001,Prairie Manufacturing,Manufacturing,REG001,Prairies,Manitoba,PRD005,Life Basic,Life,Core,Preferred,427,12014.03,5598.51,6388.6,1.0,0.5318,0.0023,6388.6,28.1359,14.9616,5625.43
2025-12-01,POL0002,EMP001,Prairie Manufacturing,Manufacturing,REG001,Prairies,Manitoba,PRD005,Life Basic,Life,Core,Preferred,431,12126.57,6155.73,6592.86,1.0,0.5437,0.0023,6592.86,28.1359,15.2967,5533.71
2025-01-01,POL0003,EMP001,Prairie Manufacturing,Manufacturing,REG001,Prairies,Manitoba,PRD003,Dental Plus,Dental,Enhanced,Standard,382,29770.4,11315.39,12696.63,30.0,0.4265,0.0785,423.221,77.933,33.2373,17073.77
2025-02-01,POL0003,EMP001,Prairie Manufacturing,Manufacturing,REG001,Prairies,Manitoba,PRD003,Dental Plus,Dental,Enhanced,Standard,378,29458.67,18004.76,19293.78,22.0,0.6549,0.0582,876.99,77.933,51.0417,10164.89
2025-03-01,POL0003,EMP001,Prairie Manufacturing,Manufacturing,REG001,Prairies,Manitoba,PRD003,Dental Plus,Dental,Enhanced,Standard,385,30004.2,14659.58,15922.29,32.0,0.5307,0.0831,497.5716,77.933,41.3566,14081.91
2025-04-01,POL0003,EMP001,Prairie Manufacturing,Manufacturing,REG001,Prairies,Manitoba,PRD003,Dental Plus,Dental,Enhanced,Standard,376,29302.8,19876.61,21975.97,36.0,0.75,0.0957,610.4436,77.933,58.4467,7326.83
2025-05-01,POL0003,EMP001,Prairie Manufacturing,Manufacturing,REG001,Prairies,Manitoba,PRD003,Dental Plus,Dental,Enhanced,Standard,377,29380.74,17413.89,18727.96,37.0,0.6374,0.0981,506.1611,77.933,49.6763,10652.78
2025-06-01,POL0003,EMP001,Prairie Manufacturing,Manufacturing,REG001,Prairies,Manitoba,PRD003,Dental Plus,Dental,Enhanced,Standard,375,29224.87,16519.1,18243.15,30.0,0.6242,0.08,608.105,77.933,48.6484,10981.72
2025-07-01,POL0003,EMP001,Prairie Manufacturing,Manufacturing,REG001,Prairies,Manitoba,PRD003,Dental Plus,Dental,Enhanced,Standard,377,29380.74,23519.49,26312.18,37.0,0.8956,0.0981,711.14,77.933,69.7936,3068.56
2025-08-01,POL0003,EMP001,Prairie Manufacturing,Manufacturing,REG001,Prairies,Manitoba,PRD003,Dental Plus,Dental,Enhanced,Standard,376,29302.8,8034.33,8962.8,20.0,0.3059,0.0532,448.14,77.933,23.8372,20340.0
2025-09-01,POL0003,EMP001,Prairie Manufacturing,Manufacturing,REG001,Prairies,Manitoba,PRD003,Dental Plus,Dental,Enhanced,Standard,390,30393.86,13471.94,14976.23,23.0,0.4927,0.059,651.1404,77.933,38.4006,15417.63
2025-10-01,POL0003,EMP001,Prairie Manufacturing,Manufacturing,REG001,Prairies,Manitoba,PRD003,Dental Plus,Dental,Enhanced,Standard,374,29146.94,15977.32,17664.01,36.0,0.606,0.0963,490.6669,77.933,47.23,11482.93
2025-11-01,POL0003,EMP001,Prairie Manufacturing,Manufacturing,REG001,Prairies,Manitoba,PRD003,Dental Plus,Dental,Enhanced,Standard,366,28523.47,11331.63,12192.97,21.0,0.4275,0.0574,580.6176,77.933,33.3141,16330.5
2025-12-01,POL0003,EMP001,Prairie Manufacturing,Manufacturing,REG001,Prairies,Manitoba,PRD003,Dental Plus,Dental,Enhanced,Standard,381,29692.47,15588.36,17334.35,28.0,0.5838,0.0735,619.0839,77.933,45.497,12358.12
2025-01-01,POL0004,EMP002,Northern Retail Group,Retail,REG002,Ontario,Ontario,PRD001,Core Health,Health,Core,Preferred,411,58197.72,4432.12,5009.72,35.0,0.0861,0.0852,143.1349,141.6003,12.1891,53188.0
2025-02-01,POL0004,EMP002,Northern Retail Group,Retail,REG002,Ontario,Ontario,PRD001,Core Health,Health,Core,Preferred,402,56923.32,5851.79,6537.05,51.0,0.1148,0.1269,128.1775,141.6003,16.2613,50386.27
2025-03-01,POL0004,EMP002,Northern Retail Group,Retail,REG002,Ontario,Ontario,PRD001,Core Health,Health,Core,Preferred,428,60604.93,4895.47,5429.39,43.0,0.0896,0.1005,126.2649,141.6003,12.6855,55175.54
2025-04-01,POL0004,EMP002,Northern Retail Group,Retail,REG002,Ontario,Ontario,PRD001,Core Health,Health,Core,Preferred,426,60321.73,4943.63,5512.47,44.0,0.0914,0.1033,125.2834,141.6003,12.9401,54809.26
2025-05-01,POL0004,EMP002,Northern Retail Group,Retail,REG002,Ontario,Ontario,PRD001,Core Health,Health,Core,Preferred,415,58764.12,6255.51,7019.79,52.0,0.1195,0.1253,134.996,141.6003,16.9152,51744.33
2025-06-01,POL0004,EMP002,Northern Retail Group,Retail,REG002,Ontario,Ontario,PRD001,Core Health,Health,Core,Preferred,421,59613.73,3544.83,3830.59,30.0,0.0643,0.0713,127.6863,141.6003,9.0988,55783.14
2025-07-01,POL0004,EMP002,Northern Retail Group,Retail,REG002,Ontario,Ontario,PRD001,Core Health,Health,Core,Preferred,416,58905.72,5966.42,6643.35,55.0,0.1128,0.1322,120.7882,141.6003,15.9696,52262.37
2025-08-01,POL0004,EMP002,Northern Retail Group,Retail,REG002,Ontario,Ontario,PRD001,Core Health,Health,Core,Preferred,409,57914.52,3971.06,4346.53,36.0,0.0751,0.088,120.7369,141.6003,10.6272,53567.99
2025-09-01,POL0004,EMP002,Northern Retail Group,Retail,REG002,Ontario,Ontario,PRD001,Core Health,Health,Core,Preferred,409,57914.52,7635.54,8522.36,54.0,0.1472,0.132,157.8215,141.6003,20.8371,49392.16
2025-10-01,POL0004,EMP002,Northern Retail Group,Retail,REG002,Ontario,Ontario,PRD001,Core Health,Health,Core,Preferred,429,60746.53,5090.62,5665.39,40.0,0.0933,0.0932,141.6348,141.6003,13.206,55081.14
2025-11-01,POL0004,EMP002,Northern Retail Group,Retail,REG002,Ontario,Ontario,PRD001,Core Health,Health,Core,Preferred,409,57914.52,2670.16,2947.55,30.0,0.0509,0.0733,98.2517,141.6003,7.2067,54966.97
2025-12-01,POL0004,EMP002,Northern Retail Group,Retail,REG002,Ontario,Ontario,PRD001,Core Health,Health,Core,Preferred,428,60604.93,3480.51,3863.71,37.0,0.0638,0.0864,104.4246,141.6003,9.0274,56741.22
2025-01-01,POL0005,EMP002,Northern Retail Group,Retail,REG002,Ontario,Ontario,PRD003,Dental Plus,Dental,Enhanced,Standard,448,40301.67,25468.12,28313.58,47.0,0.7025,0.1049,602.4166,89.9591,63.2,11988.09
2025-02-01,POL0005,EMP002,Northern Retail Group,Retail,REG002,Ontario,Ontario,PRD003,Dental Plus,Dental,Enhanced,Standard,452,40661.5,22417.2,24378.68,38.0,0.5996,0.0841,641.5442,89.9591,53.9351,16282.82
2025-03-01,POL0005,EMP002,Northern Retail Group,Retail,REG002,Ontario,Ontario,PRD003,Dental Plus,Dental,Enhanced,Standard,451,40571.54,18281.25,20192.99,37.0,0.4977,0.082,545.7565,89.9591,44.7738,20378.55
2025-04-01,POL0005,EMP002,Northern Retail Group,Retail,REG002,Ontario,Ontario,PRD003,Dental Plus,Dental,Enhanced,Standard,452,40661.5,18756.52,20832.49,45.0,0.5123,0.0996,462.9442,89.9591,46.0896,19829.01
2025-05-01,POL0005,EMP002,Northern Retail Group,Retail,REG002,Ontario,Ontario,PRD003,Dental Plus,Dental,Enhanced,Standard,434,39042.24,24400.66,26962.5,40.0,0.6906,0.0922,674.0625,89.9591,62.1256,12079.74
2025-06-01,POL0005,EMP002,Northern Retail Group,Retail,REG002,Ontario,Ontario,PRD003,Dental Plus,Dental,Enhanced,Standard,445,40031.79,22182.8,24393.67,47.0,0.6094,0.1056,519.0143,89.9591,54.8172,15638.12
2025-07-01,POL0005,EMP002,Northern Retail Group,Retail,REG002,Ontario,Ontario,PRD003,Dental Plus,Dental,Enhanced,Standard,454,40841.42,11719.63,13177.36,28.0,0.3226,0.0617,470.62,89.9591,29.025,27664.06
2025-08-01,POL0005,EMP002,Northern Retail Group,Retail,REG002,Ontario,Ontario,PRD003,Dental Plus,Dental,Enhanced,Standard,436,39222.16,26183.26,29191.82,46.0,0.7443,0.1055,634.6048,89.9591,66.9537,10030.34
2025-09-01,POL0005,EMP002,Northern Retail Group,Retail,REG002,Ontario,Ontario,PRD003,Dental Plus,Dental,Enhanced,Standard,453,40751.46,26221.55,29181.95,46.0,0.7161,0.1015,634.3902,89.9591,64.4193,11569.51
2025-10-01,POL0005,EMP002,Northern Retail Group,Retail,REG002,Ontario,Ontario,PRD003,Dental Plus,Dental,Enhanced,Standard,441,39671.95,22882.37,24970.84,46.0,0.6294,0.1043,542.8443,89.9591,56.6232,14701.11
2025-11-01,POL0005,EMP002,Northern Retail Group,Retail,REG002,Ontario,Ontario,PRD003,Dental Plus,Dental,Enhanced,Standard,449,40391.63,24831.22,27245.92,44.0,0.6745,0.098,619.2255,89.9591,60.6813,13145.71
2025-12-01,POL0005,EMP002,Northern Retail Group,Retail,REG002,Ontario,Ontario,PRD003,Dental Plus,Dental,Enhanced,Standard,452,40661.5,18224.95,20142.19,36.0,0.4954,0.0796,559.5053,89.9591,44.5624,20519.31
2025-01-01,POL0006,EMP002,Northern Retail Group,Retail,REG002,Ontario,Ontario,PRD005,Life Basic,Life,Core,Standard,492,13379.17,0.0,0.0,0.0,0.0,0.0,0.0,27.1934,0.0,13379.17
2025-02-01,POL0006,EMP002,Northern Retail Group,Retail,REG002,Ontario,Ontario,PRD005,Life Basic,Life,Core,Standard,481,13080.05,12238.75,12692.58,1.0,0.9704,0.0021,12692.58,27.1935,26.3879,387.47
2025-03-01,POL0006,EMP002,Northern Retail Group,Retail,REG002,Ontario,Ontario,PRD005,Life Basic,Life,Core,Standard,470,12780.92,0.0,0.0,0.0,0.0,0.0,0.0,27.1934,0.0,12780.92
2025-04-01,POL0006,EMP002,Northern Retail Group,Retail,REG002,Ontario,Ontario,PRD005,Life Basic,Life,Core,Standard,469,12753.72,7559.18,9121.1,1.0,0.7152,0.0021,9121.1,27.1934,19.448,3632.62
2025-05-01,POL0006,EMP002,Northern Retail Group,Retail,REG002,Ontario,Ontario,PRD005,Life Basic,Life,Core,Standard,479,13025.66,0.0,0.0,0.0,0.0,0.0,0.0,27.1934,0.0,13025.66
2025-06-01,POL0006,EMP002,Northern Retail Group,Retail,REG002,Ontario,Ontario,PRD005,Life Basic,Life,Core,Standard,490,13324.79,0.0,0.0,0.0,0.0,0.0,0.0,27.1934,0.0,13324.79
2025-07-01,POL0006,EMP002,Northern Retail Group,Retail,REG002,Ontario,Ontario,PRD005,Life Basic,Life,Core,Standard,494,13433.56,3981.4,4611.35,1.0,0.3433,0.002,4611.35,27.1934,9.3347,8822.21
2025-08-01,POL0006,EMP002,Northern Retail Group,Retail,REG002,Ontario,Ontario,PRD005,Life Basic,Life,Core,Standard,466,12672.14,0.0,0.0,0.0,0.0,0.0,0.0,27.1934,0.0,12672.14
2025-09-01,POL0006,EMP002,Northern Retail Group,Retail,REG002,Ontario,Ontario,PRD005,Life Basic,Life,Core,Standard,485,13188.82,3470.33,3571.77,1.0,0.2708,0.0021,3571.77,27.1934,7.3645,9617.05
2025-10-01,POL0006,EMP002,Northern Retail Group,Retail,REG002,Ontario,Ontario,PRD005,Life Basic,Life,Core,Standard,483,13134.43,0.0,0.0,0.0,0.0,0.0,0.0,27.1934,0.0,13134.43
2025-11-01,POL0006,EMP002,Northern Retail Group,Retail,REG002,Ontario,Ontario,PRD005,Life Basic,Life,Core,Standard,486,13216.01,0.0,0.0,0.0,0.0,0.0,0.0,27.1934,0.0,13216.01
2025-12-01,POL0006,EMP002,Northern Retail Group,Retail,REG002,Ontario,Ontario,PRD005,Life Basic,Life,Core,Standard,480,13052.85,17554.64,19677.59,1.0,1.5075,0.0021,19677.59,27.1934,40.995,-6624.74
2025-01-01,POL0007,EMP003,West Energy Services,Energy,REG003,Alberta,Alberta,PRD004,Disability Protect,Disability,Core,Standard,569,39526.32,17494.86,19050.22,6.0,0.482,0.0105,3175.0367,69.4663,33.4802,20476.1
2025-02-01,POL0007,EMP003,West Energy Services,Energy,REG003,Alberta,Alberta,PRD004,Disability Protect,Disability,Core,Standard,570,39595.79,16039.67,17824.02,5.0,0.4501,0.0088,3564.804,69.4663,31.2702,21771.77
2025-03-01,POL0007,EMP003,West Energy Services,Energy,REG003,Alberta,Alberta,PRD004,Disability Protect,Disability,Core,Standard,573,39804.19,18567.66,20506.49,6.0,0.5152,0.0105,3417.7483,69.4663,35.7879,19297.7
2025-04-01,POL0007,EMP003,West Energy Services,Energy,REG003,Alberta,Alberta,PRD004,Disability Protect,Disability,Core,Standard,591,41054.58,10086.38,11369.24,6.0,0.2769,0.0102,1894.8733,69.4663,19.2373,29685.34
2025-05-01,POL0007,EMP003,West Energy Services,Energy,REG003,Alberta,Alberta,PRD004,Disability Protect,Disability,Core,Standard,591,41054.58,11043.72,12994.18,4.0,0.3165,0.0068,3248.545,69.4663,21.9868,28060.4
2025-06-01,POL0007,EMP003,West Energy Services,Energy,REG003,Alberta,Alberta,PRD004,Disability Protect,Disability,Core,Standard,564,39178.99,7855.11,8517.65,4.0,0.2174,0.0071,2129.4125,69.4663,15.1022,30661.34
2025-07-01,POL0007,EMP003,West Energy Services,Energy,REG003,Alberta,Alberta,PRD004,Disability Protect,Disability,Core,Standard,591,41054.58,10112.08,11065.08,4.0,0.2695,0.0068,2766.27,69.4663,18.7226,29989.5
2025-08-01,POL0007,EMP003,West Energy Services,Energy,REG003,Alberta,Alberta,PRD004,Disability Protect,Disability,Core,Standard,573,39804.19,29612.74,32027.69,8.0,0.8046,0.014,4003.4612,69.4663,55.8947,7776.5
2025-09-01,POL0007,EMP003,West Energy Services,Energy,REG003,Alberta,Alberta,PRD004,Disability Protect,Disability,Core,Standard,604,41957.64,26299.55,29762.65,8.0,0.7093,0.0132,3720.3312,69.4663,49.2759,12194.99
2025-10-01,POL0007,EMP003,West Energy Services,Energy,REG003,Alberta,Alberta,PRD004,Disability Protect,Disability,Core,Standard,586,40707.25,6828.87,6994.87,4.0,0.1718,0.0068,1748.7175,69.4663,11.9366,33712.38
2025-11-01,POL0007,EMP003,West Energy Services,Energy,REG003,Alberta,Alberta,PRD004,Disability Protect,Disability,Core,Standard,588,40846.18,16954.75,19092.15,7.0,0.4674,0.0119,2727.45,69.4663,32.4696,21754.03
2025-12-01,POL0007,EMP003,West Energy Services,Energy,REG003,Alberta,Alberta,PRD004,Disability Protect,Disability,Core,Standard,604,41957.64,12354.24,14135.17,5.0,0.3369,0.0083,2827.034,69.4663,23.4026,27822.47
2025-01-01,POL0008,EMP003,West Energy Services,Energy,REG003,Alberta,Alberta,PRD005,Life Basic,Life,Core,Standard,556,17337.2,7915.11,9263.95,1.0,0.5343,0.0018,9263.95,31.182,16.6618,8073.25
2025-02-01,POL0008,EMP003,West Energy Services,Energy,REG003,Alberta,Alberta,PRD005,Life Basic,Life,Core,Standard,569,17742.57,5099.38,5700.89,1.0,0.3213,0.0018,5700.89,31.182,10.0191,12041.68
2025-03-01,POL0008,EMP003,West Energy Services,Energy,REG003,Alberta,Alberta,PRD005,Life Basic,Life,Core,Standard,547,17056.56,0.0,0.0,0.0,0.0,0.0,0.0,31.182,0.0,17056.56
2025-04-01,POL0008,EMP003,West Energy Services,Energy,REG003,Alberta,Alberta,PRD005,Life Basic,Life,Core,Standard,569,17742.57,9433.19,10635.55,1.0,0.5994,0.0018,10635.55,31.182,18.6917,7107.02
2025-05-01,POL0008,EMP003,West Energy Services,Energy,REG003,Alberta,Alberta,PRD005,Life Basic,Life,Core,Standard,568,17711.38,2632.72,3050.66,1.0,0.1722,0.0018,3050.66,31.182,5.3709,14660.72
2025-06-01,POL0008,EMP003,West Energy Services,Energy,REG003,Alberta,Alberta,PRD005,Life Basic,Life,Core,Standard,562,17524.29,5646.39,6261.57,1.0,0.3573,0.0018,6261.57,31.182,11.1416,11262.72
2025-07-01,POL0008,EMP003,West Energy Services,Energy,REG003,Alberta,Alberta,PRD005,Life Basic,Life,Core,Standard,540,16838.29,4556.62,4978.09,1.0,0.2956,0.0019,4978.09,31.182,9.2187,11860.2
2025-08-01,POL0008,EMP003,West Energy Services,Energy,REG003,Alberta,Alberta,PRD005,Life Basic,Life,Core,Standard,557,17368.38,2468.88,2784.52,1.0,0.1603,0.0018,2784.52,31.182,4.9991,14583.86
2025-09-01,POL0008,EMP003,West Energy Services,Energy,REG003,Alberta,Alberta,PRD005,Life Basic,Life,Core,Standard,560,17461.93,7462.27,7919.52,1.0,0.4535,0.0018,7919.52,31.182,14.142,9542.41
2025-10-01,POL0008,EMP003,West Energy Services,Energy,REG003,Alberta,Alberta,PRD005,Life Basic,Life,Core,Standard,544,16963.02,14151.57,16731.26,1.0,0.9863,0.0018,16731.26,31.182,30.756,231.76
2025-11-01,POL0008,EMP003,West Energy Services,Energy,REG003,Alberta,Alberta,PRD005,Life Basic,Life,Core,Standard,534,16651.2,9105.67,9840.42,1.0,0.591,0.0019,9840.42,31.182,18.4278,6810.78
2025-12-01,POL0008,EMP003,West Energy Services,Energy,REG003,Alberta,Alberta,PRD005,Life Basic,Life,Core,Standard,564,17586.66,17953.55,19724.67,1.0,1.1216,0.0018,19724.67,31.182,34.9728,-2138.01
2025-01-01,POL0009,EMP003,West Energy Services,Energy,REG003,Alberta,Alberta,PRD003,Dental Plus,Dental,Enhanced,Watch,633,62620.0,21693.0,24149.33,37.0,0.3856,0.0585,652.6846,98.9258,38.1506,38470.67
2025-02-01,POL0009,EMP003,West Energy Services,Energy,REG003,Alberta,Alberta,PRD003,Dental Plus,Dental,Enhanced,Watch,623,61630.74,26461.15,29531.35,66.0,0.4792,0.1059,447.4447,98.9257,47.4018,32099.39
2025-03-01,POL0009,EMP003,West Energy Services,Energy,REG003,Alberta,Alberta,PRD003,Dental Plus,Dental,Enhanced,Watch,621,61432.89,36318.1,40607.37,61.0,0.661,0.0982,665.6946,98.9257,65.3903,20825.52
2025-04-01,POL0009,EMP003,West Energy Services,Energy,REG003,Alberta,Alberta,PRD003,Dental Plus,Dental,Enhanced,Watch,646,63906.03,15045.67,17118.03,35.0,0.2679,0.0542,489.0866,98.9257,26.4985,46788.0
2025-05-01,POL0009,EMP003,West Energy Services,Energy,REG003,Alberta,Alberta,PRD003,Dental Plus,Dental,Enhanced,Watch,647,64004.96,29690.78,33022.17,59.0,0.5159,0.0912,559.6978,98.9257,51.0389,30982.79
2025-06-01,POL0009,EMP003,West Energy Services,Energy,REG003,Alberta,Alberta,PRD003,Dental Plus,Dental,Enhanced,Watch,619,61235.04,26872.3,29303.67,54.0,0.4785,0.0872,542.6606,98.9258,47.3403,31931.37
2025-07-01,POL0009,EMP003,West Energy Services,Energy,REG003,Alberta,Alberta,PRD003,Dental Plus,Dental,Enhanced,Watch,608,60146.85,25024.89,28113.92,56.0,0.4674,0.0921,502.0343,98.9257,46.24,32032.93
2025-08-01,POL0009,EMP003,West Energy Services,Energy,REG003,Alberta,Alberta,PRD003,Dental Plus,Dental,Enhanced,Watch,636,62916.77,27123.07,29984.34,50.0,0.4766,0.0786,599.6868,98.9257,47.1452,32932.43
2025-09-01,POL0009,EMP003,West Energy Services,Energy,REG003,Alberta,Alberta,PRD003,Dental Plus,Dental,Enhanced,Watch,612,60542.55,25059.15,28202.06,55.0,0.4658,0.0899,512.7647,98.9257,46.0818,32340.49
2025-10-01,POL0009,EMP003,West Energy Services,Energy,REG003,Alberta,Alberta,PRD003,Dental Plus,Dental,Enhanced,Watch,624,61729.66,27713.42,30927.48,42.0,0.501,0.0673,736.3686,98.9257,49.5633,30802.18
2025-11-01,POL0009,EMP003,West Energy Services,Energy,REG003,Alberta,Alberta,PRD003,Dental Plus,Dental,Enhanced,Watch,609,60245.78,31678.35,35537.78,63.0,0.5899,0.1034,564.0917,98.9257,58.3543,24708.0
2025-12-01,POL0009,EMP003,West Energy Services,Energy,REG003,Alberta,Alberta,PRD003,Dental Plus,Dental,Enhanced,Watch,634,62718.92,33404.89,36584.28,58.0,0.5833,0.0915,630.7634,98.9257,57.7039,26134.64
2025-01-01,POL0010,EMP004,Pacific Logistics,Transportation,REG004,British Columbia,British Columbia,PRD005,Life Basic,Life,Core,Preferred,520,13615.96,5935.97,6723.05,1.0,0.4938,0.0019,6723.05,26.1845,12.9289,6892.91
2025-02-01,POL0010,EMP004,Pacific Logistics,Transportation,REG004,British Columbia,British Columbia,PRD005,Life Basic,Life,Core,Preferred,512,13406.48,6315.87,7322.62,1.0,0.5462,0.002,7322.62,26.1845,14.302,6083.86
2025-03-01,POL0010,EMP004,Pacific Logistics,Transportation,REG004,British Columbia,British Columbia,PRD005,Life Basic,Life,Core,Preferred,514,13458.85,0.0,0.0,0.0,0.0,0.0,0.0,26.1845,0.0,13458.85
2025-04-01,POL0010,EMP004,Pacific Logistics,Transportation,REG004,British Columbia,British Columbia,PRD005,Life Basic,Life,Core,Preferred,510,13354.11,0.0,0.0,0.0,0.0,0.0,0.0,26.1845,0.0,13354.11
2025-05-01,POL0010,EMP004,Pacific Logistics,Transportation,REG004,British Columbia,British Columbia,PRD005,Life Basic,Life,Core,Preferred,505,13223.19,4783.24,5533.83,1.0,0.4185,0.002,5533.83,26.1845,10.9581,7689.36
2025-06-01,POL0010,EMP004,Pacific Logistics,Transportation,REG004,British Columbia,British Columbia,PRD005,Life Basic,Life,Core,Preferred,510,13354.11,4627.51,5007.15,1.0,0.375,0.002,5007.15,26.1845,9.8179,8346.96
2025-07-01,POL0010,EMP004,Pacific Logistics,Transportation,REG004,British Columbia,British Columbia,PRD005,Life Basic,Life,Core,Preferred,516,13511.22,4541.6,4671.15,1.0,0.3457,0.0019,4671.15,26.1845,9.0526,8840.07
2025-08-01,POL0010,EMP004,Pacific Logistics,Transportation,REG004,British Columbia,British Columbia,PRD005,Life Basic,Life,Core,Preferred,518,13563.59,11035.34,11178.97,1.0,0.8242,0.0019,11178.97,26.1845,21.581,2384.62
2025-09-01,POL0010,EMP004,Pacific Logistics,Transportation,REG004,British Columbia,British Columbia,PRD005,Life Basic,Life,Core,Preferred,512,13406.48,6684.03,7661.73,1.0,0.5715,0.002,7661.73,26.1845,14.9643,5744.75
2025-10-01,POL0010,EMP004,Pacific Logistics,Transportation,REG004,British Columbia,British Columbia,PRD005,Life Basic,Life,Core,Preferred,512,13406.48,4537.5,4922.43,1.0,0.3672,0.002,4922.43,26.1845,9.6141,8484.05
2025-11-01,POL0010,EMP004,Pacific Logistics,Transportation,REG004,British Columbia,British Columbia,PRD005,Life Basic,Life,Core,Preferred,504,13197.01,0.0,0.0,0.0,0.0,0.0,0.0,26.1845,0.0,13197.01
2025-12-01,POL0010,EMP004,Pacific Logistics,Transportation,REG004,British Columbia,British Columbia,PRD005,Life Basic,Life,Core,Preferred,518,13563.59,0.0,0.0,0.0,0.0,0.0,0.0,26.1845,0.0,13563.59
2025-01-01,POL0011,EMP004,Pacific Logistics,Transportation,REG004,British Columbia,British Columbia,PRD003,Dental Plus,Dental,Enhanced,Standard,512,39867.25,12534.58,14088.76,27.0,0.3534,0.0527,521.8059,77.8657,27.5171,25778.49
2025-02-01,POL0011,EMP004,Pacific Logistics,Transportation,REG004,British Columbia,British Columbia,PRD003,Dental Plus,Dental,Enhanced,Standard,500,38932.86,10836.44,12250.77,31.0,0.3147,0.062,395.1861,77.8657,24.5015,26682.09
2025-03-01,POL0011,EMP004,Pacific Logistics,Transportation,REG004,British Columbia,British Columbia,PRD003,Dental Plus,Dental,Enhanced,Standard,517,40256.58,26987.15,29710.88,54.0,0.738,0.1044,550.2015,77.8657,57.4679,10545.7
2025-04-01,POL0011,EMP004,Pacific Logistics,Transportation,REG004,British Columbia,British Columbia,PRD003,Dental Plus,Dental,Enhanced,Standard,503,39166.46,15809.84,17531.32,43.0,0.4476,0.0855,407.7051,77.8657,34.8535,21635.14
2025-05-01,POL0011,EMP004,Pacific Logistics,Transportation,REG004,British Columbia,British Columbia,PRD003,Dental Plus,Dental,Enhanced,Standard,493,38387.8,20734.29,24018.08,34.0,0.6257,0.069,706.4141,77.8657,48.7182,14369.72
2025-06-01,POL0011,EMP004,Pacific Logistics,Transportation,REG004,British Columbia,British Columbia,PRD003,Dental Plus,Dental,Enhanced,Standard,505,39322.19,15309.87,17219.16,30.0,0.4379,0.0594,573.972,77.8657,34.0973,22103.03
2025-07-01,POL0011,EMP004,Pacific Logistics,Transportation,REG004,British Columbia,British Columbia,PRD003,Dental Plus,Dental,Enhanced,Standard,485,37764.88,19688.29,21872.75,49.0,0.5792,0.101,446.3827,77.8657,45.0985,15892.13
2025-08-01,POL0011,EMP004,Pacific Logistics,Transportation,REG004,British Columbia,British Columbia,PRD003,Dental Plus,Dental,Enhanced,Standard,488,37998.48,16869.99,18883.19,26.0,0.4969,0.0533,726.2765,77.8657,38.6951,19115.29
2025-09-01,POL0011,EMP004,Pacific Logistics,Transportation,REG004,British Columbia,British Columbia,PRD003,Dental Plus,Dental,Enhanced,Standard,506,39400.06,17567.09,19489.19,37.0,0.4946,0.0731,526.7349,77.8657,38.5162,19910.87
2025-10-01,POL0011,EMP004,Pacific Logistics,Transportation,REG004,British Columbia,British Columbia,PRD003,Dental Plus,Dental,Enhanced,Standard,513,39945.12,19157.7,21305.96,29.0,0.5334,0.0565,734.6883,77.8657,41.5321,18639.16
2025-11-01,POL0011,EMP004,Pacific Logistics,Transportation,REG004,British Columbia,British Columbia,PRD003,Dental Plus,Dental,Enhanced,Standard,500,38932.86,19872.81,22090.17,39.0,0.5674,0.078,566.4146,77.8657,44.1803,16842.69
2025-12-01,POL0011,EMP004,Pacific Logistics,Transportation,REG004,British Columbia,British Columbia,PRD003,Dental Plus,Dental,Enhanced,Standard,490,38154.21,12518.21,13908.13,27.0,0.3645,0.0551,515.1159,77.8657,28.3839,24246.08
2025-01-01,POL0012,EMP004,Pacific Logistics,Transportation,REG004,British Columbia,British Columbia,PRD004,Disability Protect,Disability,Core,Preferred,395,28110.86,7371.99,8145.96,4.0,0.2898,0.0101,2036.49,71.1667,20.6227,19964.9
2025-02-01,POL0012,EMP004,Pacific Logistics,Transportation,REG004,British Columbia,British Columbia,PRD004,Disability Protect,Disability,Core,Preferred,406,28893.7,10746.52,11623.28,4.0,0.4023,0.0099,2905.82,71.1667,28.6288,17270.42
2025-03-01,POL0012,EMP004,Pacific Logistics,Transportation,REG004,British Columbia,British Columbia,PRD004,Disability Protect,Disability,Core,Preferred,394,28039.7,4244.9,4963.78,2.0,0.177,0.0051,2481.89,71.1668,12.5984,23075.92
2025-04-01,POL0012,EMP004,Pacific Logistics,Transportation,REG004,British Columbia,British Columbia,PRD004,Disability Protect,Disability,Core,Preferred,403,28680.2,14180.61,15880.85,4.0,0.5537,0.0099,3970.2125,71.1667,39.4066,12799.35
2025-05-01,POL0012,EMP004,Pacific Logistics,Transportation,REG004,British Columbia,British Columbia,PRD004,Disability Protect,Disability,Core,Preferred,384,27328.03,7635.59,8313.05,4.0,0.3042,0.0104,2078.2625,71.1667,21.6486,19014.98
2025-06-01,POL0012,EMP004,Pacific Logistics,Transportation,REG004,British Columbia,British Columbia,PRD004,Disability Protect,Disability,Core,Preferred,389,27683.86,8852.88,9584.29,5.0,0.3462,0.0129,1916.858,71.1667,24.6383,18099.57
2025-07-01,POL0012,EMP004,Pacific Logistics,Transportation,REG004,British Columbia,British Columbia,PRD004,Disability Protect,Disability,Core,Preferred,399,28395.53,9279.61,9561.05,3.0,0.3367,0.0075,3187.0167,71.1667,23.9625,18834.48
2025-08-01,POL0012,EMP004,Pacific Logistics,Transportation,REG004,British Columbia,British Columbia,PRD004,Disability Protect,Disability,Core,Preferred,388,27612.7,12463.82,13953.11,5.0,0.5053,0.0129,2790.622,71.1668,35.9616,13659.59
2025-09-01,POL0012,EMP004,Pacific Logistics,Transportation,REG004,British Columbia,British Columbia,PRD004,Disability Protect,Disability,Core,Preferred,406,28893.7,10180.04,11491.01,3.0,0.3977,0.0074,3830.3367,71.1667,28.303,17402.69
2025-10-01,POL0012,EMP004,Pacific Logistics,Transportation,REG004,British Columbia,British Columbia,PRD004,Disability Protect,Disability,Core,Preferred,388,27612.7,11739.02,13179.95,5.0,0.4773,0.0129,2635.99,71.1668,33.9689,14432.75
2025-11-01,POL0012,EMP004,Pacific Logistics,Transportation,REG004,British Columbia,British Columbia,PRD004,Disability Protect,Disability,Core,Preferred,387,27541.53,4068.17,4780.9,2.0,0.1736,0.0052,2390.45,71.1667,12.3537,22760.63
2025-12-01,POL0012,EMP004,Pacific Logistics,Transportation,REG004,British Columbia,British Columbia,PRD004,Disability Protect,Disability,Core,Preferred,387,27541.53,12821.07,14390.91,5.0,0.5225,0.0129,2878.182,71.1667,37.1858,13150.62
2025-01-01,POL0013,EMP005,Lakeview Schools,Education,REG002,Ontario,Ontario,PRD005,Life Basic,Life,Core,Standard,149,4037.3,0.0,0.0,0.0,0.0,0.0,0.0,27.096,0.0,4037.3
2025-02-01,POL0013,EMP005,Lakeview Schools,Education,REG002,Ontario,Ontario,PRD005,Life Basic,Life,Core,Standard,152,4118.59,0.0,0.0,0.0,0.0,0.0,0.0,27.096,0.0,4118.59
2025-03-01,POL0013,EMP005,Lakeview Schools,Education,REG002,Ontario,Ontario,PRD005,Life Basic,Life,Core,Standard,147,3983.11,0.0,0.0,0.0,0.0,0.0,0.0,27.096,0.0,3983.11
2025-04-01,POL0013,EMP005,Lakeview Schools,Education,REG002,Ontario,Ontario,PRD005,Life Basic,Life,Core,Standard,152,4118.59,0.0,0.0,0.0,0.0,0.0,0.0,27.096,0.0,4118.59
2025-05-01,POL0013,EMP005,Lakeview Schools,Education,REG002,Ontario,Ontario,PRD005,Life Basic,Life,Core,Standard,144,3901.82,0.0,0.0,0.0,0.0,0.0,0.0,27.096,0.0,3901.82
2025-06-01,POL0013,EMP005,Lakeview Schools,Education,REG002,Ontario,Ontario,PRD005,Life Basic,Life,Core,Standard,143,3874.72,0.0,0.0,0.0,0.0,0.0,0.0,27.0959,0.0,3874.72
2025-07-01,POL0013,EMP005,Lakeview Schools,Education,REG002,Ontario,Ontario,PRD005,Life Basic,Life,Core,Standard,151,4091.49,0.0,0.0,0.0,0.0,0.0,0.0,27.096,0.0,4091.49
2025-08-01,POL0013,EMP005,Lakeview Schools,Education,REG002,Ontario,Ontario,PRD005,Life Basic,Life,Core,Standard,150,4064.39,0.0,0.0,0.0,0.0,0.0,0.0,27.0959,0.0,4064.39
2025-09-01,POL0013,EMP005,Lakeview Schools,Education,REG002,Ontario,Ontario,PRD005,Life Basic,Life,Core,Standard,150,4064.39,0.0,0.0,0.0,0.0,0.0,0.0,27.0959,0.0,4064.39
2025-10-01,POL0013,EMP005,Lakeview Schools,Education,REG002,Ontario,Ontario,PRD005,Life Basic,Life,Core,Standard,143,3874.72,0.0,0.0,0.0,0.0,0.0,0.0,27.0959,0.0,3874.72
2025-11-01,POL0013,EMP005,Lakeview Schools,Education,REG002,Ontario,Ontario,PRD005,Life Basic,Life,Core,Standard,143,3874.72,0.0,0.0,0.0,0.0,0.0,0.0,27.0959,0.0,3874.72
2025-12-01,POL0013,EMP005,Lakeview Schools,Education,REG002,Ontario,Ontario,PRD005,Life Basic,Life,Core,Standard,149,4037.3,0.0,0.0,0.0,0.0,0.0,0.0,27.096,0.0,4037.3
2025-01-01,POL0014,EMP005,Lakeview Schools,Education,REG002,Ontario,Ontario,PRD002,Enhanced Health,Health,Enhanced,Preferred,152,35910.11,1233.0,1372.35,13.0,0.0382,0.0855,105.5654,236.2507,9.0286,34537.76
2025-02-01,POL0014,EMP005,Lakeview Schools,Education,REG002,Ontario,Ontario,PRD002,Enhanced Health,Health,Enhanced,Preferred,151,35673.86,939.29,1024.76,12.0,0.0287,0.0795,85.3967,236.2507,6.7865,34649.1
2025-03-01,POL0014,EMP005,Lakeview Schools,Education,REG002,Ontario,Ontario,PRD002,Enhanced Health,Health,Enhanced,Preferred,156,36855.12,2046.54,2183.57,20.0,0.0592,0.1282,109.1785,236.2508,13.9972,34671.55
2025-04-01,POL0014,EMP005,Lakeview Schools,Education,REG002,Ontario,Ontario,PRD002,Enhanced Health,Health,Enhanced,Preferred,153,36146.37,1103.85,1180.65,10.0,0.0327,0.0654,118.065,236.2508,7.7167,34965.72
2025-05-01,POL0014,EMP005,Lakeview Schools,Education,REG002,Ontario,Ontario,PRD002,Enhanced Health,Health,Enhanced,Preferred,156,36855.12,1947.14,2194.23,16.0,0.0595,0.1026,137.1394,236.2508,14.0656,34660.89
2025-06-01,POL0014,EMP005,Lakeview Schools,Education,REG002,Ontario,Ontario,PRD002,Enhanced Health,Health,Enhanced,Preferred,152,35910.11,2112.81,2301.8,16.0,0.0641,0.1053,143.8625,236.2507,15.1434,33608.31
2025-07-01,POL0014,EMP005,Lakeview Schools,Education,REG002,Ontario,Ontario,PRD002,Enhanced Health,Health,Enhanced,Preferred,153,36146.37,1218.22,1361.84,14.0,0.0377,0.0915,97.2743,236.2508,8.9009,34784.53
2025-08-01,POL0014,EMP005,Lakeview Schools,Education,REG002,Ontario,Ontario,PRD002,Enhanced Health,Health,Enhanced,Preferred,151,35673.86,2092.29,2340.02,18.0,0.0656,0.1192,130.0011,236.2507,15.4968,33333.84
2025-09-01,POL0014,EMP005,Lakeview Schools,Education,REG002,Ontario,Ontario,PRD002,Enhanced Health,Health,Enhanced,Preferred,155,36618.87,1228.51,1377.71,12.0,0.0376,0.0774,114.8092,236.2508,8.8885,35241.16
2025-10-01,POL0014,EMP005,Lakeview Schools,Education,REG002,Ontario,Ontario,PRD002,Enhanced Health,Health,Enhanced,Preferred,156,36855.12,2698.66,3032.36,20.0,0.0823,0.1282,151.618,236.2508,19.4382,33822.76
2025-11-01,POL0014,EMP005,Lakeview Schools,Education,REG002,Ontario,Ontario,PRD002,Enhanced Health,Health,Enhanced,Preferred,160,37800.12,2333.01,2650.2,19.0,0.0701,0.1188,139.4842,236.2508,16.5638,35149.92
2025-12-01,POL0014,EMP005,Lakeview Schools,Education,REG002,Ontario,Ontario,PRD002,Enhanced Health,Health,Enhanced,Preferred,154,36382.62,2038.1,2282.17,18.0,0.0627,0.1169,126.7872,236.2508,14.8193,34100.45
2025-01-01,POL0015,EMP005,Lakeview Schools,Education,REG002,Ontario,Ontario,PRD001,Core Health,Health,Core,Standard,171,22362.48,2885.97,3265.62,22.0,0.146,0.1287,148.4373,130.7747,19.0972,19096.86
2025-02-01,POL0015,EMP005,Lakeview Schools,Education,REG002,Ontario,Ontario,PRD001,Core Health,Health,Core,Standard,178,23277.91,3591.14,3943.3,24.0,0.1694,0.1348,164.3042,130.7748,22.1534,19334.61
2025-03-01,POL0015,EMP005,Lakeview Schools,Education,REG002,Ontario,Ontario,PRD001,Core Health,Health,Core,Standard,178,23277.91,2391.25,2602.46,24.0,0.1118,0.1348,108.4358,130.7748,14.6206,20675.45
2025-04-01,POL0015,EMP005,Lakeview Schools,Education,REG002,Ontario,Ontario,PRD001,Core Health,Health,Core,Standard,175,22885.58,4086.11,4593.11,24.0,0.2007,0.1371,191.3796,130.7747,26.2463,18292.47
2025-05-01,POL0015,EMP005,Lakeview Schools,Education,REG002,Ontario,Ontario,PRD001,Core Health,Health,Core,Standard,177,23147.13,3510.64,3943.04,22.0,0.1703,0.1243,179.2291,130.7747,22.2771,19204.09
2025-06-01,POL0015,EMP005,Lakeview Schools,Education,REG002,Ontario,Ontario,PRD001,Core Health,Health,Core,Standard,174,22754.81,2309.81,2587.62,19.0,0.1137,0.1092,136.1905,130.7748,14.8714,20167.19
2025-07-01,POL0015,EMP005,Lakeview Schools,Education,REG002,Ontario,Ontario,PRD001,Core Health,Health,Core,Standard,177,23147.13,1481.98,1658.98,16.0,0.0717,0.0904,103.6862,130.7747,9.3728,21488.15
2025-08-01,POL0015,EMP005,Lakeview Schools,Education,REG002,Ontario,Ontario,PRD001,Core Health,Health,Core,Standard,172,22493.26,2750.91,3083.39,24.0,0.1371,0.1395,128.4746,130.7748,17.9267,19409.87
2025-09-01,POL0015,EMP005,Lakeview Schools,Education,REG002,Ontario,Ontario,PRD001,Core Health,Health,Core,Standard,174,22754.81,1869.16,2069.91,13.0,0.091,0.0747,159.2238,130.7748,11.896,20684.9
2025-10-01,POL0015,EMP005,Lakeview Schools,Education,REG002,Ontario,Ontario,PRD001,Core Health,Health,Core,Standard,178,23277.91,2134.55,2307.68,22.0,0.0991,0.1236,104.8945,130.7748,12.9645,20970.23
2025-11-01,POL0015,EMP005,Lakeview Schools,Education,REG002,Ontario,Ontario,PRD001,Core Health,Health,Core,Standard,177,23147.13,1460.69,1603.64,15.0,0.0693,0.0847,106.9093,130.7747,9.0601,21543.49
2025-12-01,POL0015,EMP005,Lakeview Schools,Education,REG002,Ontario,Ontario,PRD001,Core Health,Health,Core,Standard,176,23016.36,2033.62,2257.21,16.0,0.0981,0.0909,141.0756,130.7748,12.8251,20759.15
2025-01-01,POL0016,EMP006,Central Ag Foods,Food processing,REG001,Prairies,Manitoba,PRD002,Enhanced Health,Health,Enhanced,Standard,450,100397.1,5192.34,5776.11,44.0,0.0575,0.0978,131.2752,223.1047,12.8358,94620.99
2025-02-01,POL0016,EMP006,Central Ag Foods,Food processing,REG001,Prairies,Manitoba,PRD002,Enhanced Health,Health,Enhanced,Standard,452,100843.3,4546.08,5046.06,45.0,0.05,0.0996,112.1347,223.1046,11.1638,95797.24
2025-03-01,POL0016,EMP006,Central Ag Foods,Food processing,REG001,Prairies,Manitoba,PRD002,Enhanced Health,Health,Enhanced,Standard,441,98389.15,3997.63,4475.78,35.0,0.0455,0.0794,127.8794,223.1046,10.1492,93913.37
2025-04-01,POL0016,EMP006,Central Ag Foods,Food processing,REG001,Prairies,Manitoba,PRD002,Enhanced Health,Health,Enhanced,Standard,439,97942.94,7509.07,8362.87,56.0,0.0854,0.1276,149.337,223.1046,19.0498,89580.07
2025-05-01,POL0016,EMP006,Central Ag Foods,Food processing,REG001,Prairies,Manitoba,PRD002,Enhanced Health,Health,Enhanced,Standard,436,97273.63,7151.54,7932.34,60.0,0.0815,0.1376,132.2057,223.1047,18.1934,89341.29
2025-06-01,POL0016,EMP006,Central Ag Foods,Food processing,REG001,Prairies,Manitoba,PRD002,Enhanced Health,Health,Enhanced,Standard,452,100843.3,6333.45,6954.83,59.0,0.069,0.1305,117.8785,223.1046,15.3868,93888.47
2025-07-01,POL0016,EMP006,Central Ag Foods,Food processing,REG001,Prairies,Manitoba,PRD002,Enhanced Health,Health,Enhanced,Standard,448,99950.89,3756.25,4196.5,32.0,0.042,0.0714,131.1406,223.1047,9.3672,95754.39
2025-08-01,POL0016,EMP006,Central Ag Foods,Food processing,REG001,Prairies,Manitoba,PRD002,Enhanced Health,Health,Enhanced,Standard,454,101289.51,3459.1,3910.37,33.0,0.0386,0.0727,118.4961,223.1046,8.6131,97379.14
2025-09-01,POL0016,EMP006,Central Ag Foods,Food processing,REG001,Prairies,Manitoba,PRD002,Enhanced Health,Health,Enhanced,Standard,459,102405.04,4253.58,4650.06,37.0,0.0454,0.0806,125.6773,223.1047,10.1308,97754.98
2025-10-01,POL0016,EMP006,Central Ag Foods,Food processing,REG001,Prairies,Manitoba,PRD002,Enhanced Health,Health,Enhanced,Standard,440,98166.05,2763.92,3066.05,30.0,0.0312,0.0682,102.2017,223.1047,6.9683,95100.0
2025-11-01,POL0016,EMP006,Central Ag Foods,Food processing,REG001,Prairies,Manitoba,PRD002,Enhanced Health,Health,Enhanced,Standard,446,99504.68,3826.68,4307.64,34.0,0.0433,0.0762,126.6953,223.1047,9.6584,95197.04
2025-12-01,POL0016,EMP006,Central Ag Foods,Food processing,REG001,Prairies,Manitoba,PRD002,Enhanced Health,Health,Enhanced,Standard,456,101735.72,7777.53,8579.89,63.0,0.0843,0.1382,136.1887,223.1046,18.8155,93155.83
2025-01-01,POL0017,EMP006,Central Ag Foods,Food processing,REG001,Prairies,Manitoba,PRD003,Dental Plus,Dental,Enhanced,Standard,443,35890.82,11865.4,13073.85,28.0,0.3643,0.0632,466.9232,81.0177,29.5121,22816.97
2025-02-01,POL0017,EMP006,Central Ag Foods,Food processing,REG001,Prairies,Manitoba,PRD003,Dental Plus,Dental,Enhanced,Standard,425,34432.5,12358.87,14051.08,24.0,0.4081,0.0565,585.4617,81.0176,33.0614,20381.42
2025-03-01,POL0017,EMP006,Central Ag Foods,Food processing,REG001,Prairies,Manitoba,PRD003,Dental Plus,Dental,Enhanced,Standard,423,34270.47,22420.84,24975.23,41.0,0.7288,0.0969,609.152,81.0177,59.0431,9295.24
2025-04-01,POL0017,EMP006,Central Ag Foods,Food processing,REG001,Prairies,Manitoba,PRD003,Dental Plus,Dental,Enhanced,Standard,442,35809.8,16256.4,18458.54,32.0,0.5155,0.0724,576.8294,81.0176,41.7614,17351.26
2025-05-01,POL0017,EMP006,Central Ag Foods,Food processing,REG001,Prairies,Manitoba,PRD003,Dental Plus,Dental,Enhanced,Standard,429,34756.57,13192.97,14386.38,35.0,0.4139,0.0816,411.0394,81.0176,33.5347,20370.19
2025-06-01,POL0017,EMP006,Central Ag Foods,Food processing,REG001,Prairies,Manitoba,PRD003,Dental Plus,Dental,Enhanced,Standard,442,35809.8,18424.21,20159.22,47.0,0.563,0.1063,428.9196,81.0176,45.6091,15650.58
2025-07-01,POL0017,EMP006,Central Ag Foods,Food processing,REG001,Prairies,Manitoba,PRD003,Dental Plus,Dental,Enhanced,Standard,431,34918.61,17824.22,20183.81,33.0,0.578,0.0766,611.6306,81.0177,46.8302,14734.8
2025-08-01,POL0017,EMP006,Central Ag Foods,Food processing,REG001,Prairies,Manitoba,PRD003,Dental Plus,Dental,Enhanced,Standard,446,36133.87,18703.61,20898.96,25.0,0.5784,0.0561,835.9584,81.0176,46.8587,15234.91
2025-09-01,POL0017,EMP006,Central Ag Foods,Food processing,REG001,Prairies,Manitoba,PRD003,Dental Plus,Dental,Enhanced,Standard,441,35728.78,14398.73,16265.69,28.0,0.4553,0.0635,580.9175,81.0176,36.8837,19463.09
2025-10-01,POL0017,EMP006,Central Ag Foods,Food processing,REG001,Prairies,Manitoba,PRD003,Dental Plus,Dental,Enhanced,Standard,424,34351.48,20498.68,23212.72,44.0,0.6757,0.1038,527.5618,81.0176,54.747,11138.76
2025-11-01,POL0017,EMP006,Central Ag Foods,Food processing,REG001,Prairies,Manitoba,PRD003,Dental Plus,Dental,Enhanced,Standard,425,34432.5,15536.69,17622.12,40.0,0.5118,0.0941,440.553,81.0176,41.4638,16810.38
2025-12-01,POL0017,EMP006,Central Ag Foods,Food processing,REG001,Prairies,Manitoba,PRD003,Dental Plus,Dental,Enhanced,Standard,429,34756.57,16487.84,18190.07,30.0,0.5234,0.0699,606.3357,81.0176,42.4011,16566.5
2025-01-01,POL0018,EMP006,Central Ag Foods,Food processing,REG001,Prairies,Manitoba,PRD004,Disability Protect,Disability,Core,Preferred,440,26986.2,6223.12,6626.88,4.0,0.2456,0.0091,1656.72,61.3323,15.0611,20359.32
2025-02-01,POL0018,EMP006,Central Ag Foods,Food processing,REG001,Prairies,Manitoba,PRD004,Disability Protect,Disability,Core,Preferred,443,27170.2,11929.02,13487.98,5.0,0.4964,0.0113,2697.596,61.3323,30.4469,13682.22
2025-03-01,POL0018,EMP006,Central Ag Foods,Food processing,REG001,Prairies,Manitoba,PRD004,Disability Protect,Disability,Core,Preferred,454,27844.86,10727.43,11981.27,5.0,0.4303,0.011,2396.254,61.3323,26.3905,15863.59
2025-04-01,POL0018,EMP006,Central Ag Foods,Food processing,REG001,Prairies,Manitoba,PRD004,Disability Protect,Disability,Core,Preferred,433,26556.88,7518.63,8178.38,3.0,0.308,0.0069,2726.1267,61.3323,18.8877,18378.5
2025-05-01,POL0018,EMP006,Central Ag Foods,Food processing,REG001,Prairies,Manitoba,PRD004,Disability Protect,Disability,Core,Preferred,435,26679.54,16395.18,18229.53,3.0,0.6833,0.0069,6076.51,61.3323,41.907,8450.01
2025-06-01,POL0018,EMP006,Central Ag Foods,Food processing,REG001,Prairies,Manitoba,PRD004,Disability Protect,Disability,Core,Preferred,436,26740.87,4160.92,4445.03,3.0,0.1662,0.0069,1481.6767,61.3323,10.195,22295.84
2025-07-01,POL0018,EMP006,Central Ag Foods,Food processing,REG001,Prairies,Manitoba,PRD004,Disability Protect,Disability,Core,Preferred,442,27108.87,13237.12,14408.1,4.0,0.5315,0.009,3602.025,61.3323,32.5975,12700.77
2025-08-01,POL0018,EMP006,Central Ag Foods,Food processing,REG001,Prairies,Manitoba,PRD004,Disability Protect,Disability,Core,Preferred,454,27844.86,9069.78,9887.08,5.0,0.3551,0.011,1977.416,61.3323,21.7777,17957.78
2025-09-01,POL0018,EMP006,Central Ag Foods,Food processing,REG001,Prairies,Manitoba,PRD004,Disability Protect,Disability,Core,Preferred,437,26802.21,4618.59,5235.31,3.0,0.1953,0.0069,1745.1033,61.3323,11.9801,21566.9
2025-10-01,POL0018,EMP006,Central Ag Foods,Food processing,REG001,Prairies,Manitoba,PRD004,Disability Protect,Disability,Core,Preferred,438,26863.54,6321.04,7124.58,5.0,0.2652,0.0114,1424.916,61.3323,16.2662,19738.96
2025-11-01,POL0018,EMP006,Central Ag Foods,Food processing,REG001,Prairies,Manitoba,PRD004,Disability Protect,Disability,Core,Preferred,427,26188.88,2309.06,2650.38,3.0,0.1012,0.007,883.46,61.3323,6.207,23538.5
2025-12-01,POL0018,EMP006,Central Ag Foods,Food processing,REG001,Prairies,Manitoba,PRD004,Disability Protect,Disability,Core,Preferred,436,26740.87,11774.12,13147.81,5.0,0.4917,0.0115,2629.562,61.3323,30.1555,13593.06
2025-01-01,POL0019,EMP007,Atlantic Care Homes,Healthcare,REG005,Atlantic,Nova Scotia,PRD004,Disability Protect,Disability,Core,Standard,306,18951.12,2805.6,3171.58,2.0,0.1674,0.0065,1585.79,61.9318,10.3646,15779.54
2025-02-01,POL0019,EMP007,Atlantic Care Homes,Healthcare,REG005,Atlantic,Nova Scotia,PRD004,Disability Protect,Disability,Core,Standard,326,20189.75,7504.53,7820.45,4.0,0.3873,0.0123,1955.1125,61.9317,23.9891,12369.3
2025-03-01,POL0019,EMP007,Atlantic Care Homes,Healthcare,REG005,Atlantic,Nova Scotia,PRD004,Disability Protect,Disability,Core,Standard,325,20127.82,4965.94,5458.38,2.0,0.2712,0.0062,2729.19,61.9318,16.795,14669.44
2025-04-01,POL0019,EMP007,Atlantic Care Homes,Healthcare,REG005,Atlantic,Nova Scotia,PRD004,Disability Protect,Disability,Core,Standard,315,19508.51,9697.35,10618.55,3.0,0.5443,0.0095,3539.5167,61.9318,33.7097,8889.96
2025-05-01,POL0019,EMP007,Atlantic Care Homes,Healthcare,REG005,Atlantic,Nova Scotia,PRD004,Disability Protect,Disability,Core,Standard,320,19818.16,4662.39,5037.8,2.0,0.2542,0.0062,2518.9,61.9318,15.7431,14780.36
2025-06-01,POL0019,EMP007,Atlantic Care Homes,Healthcare,REG005,Atlantic,Nova Scotia,PRD004,Disability Protect,Disability,Core,Standard,306,18951.12,3102.53,3527.51,2.0,0.1861,0.0065,1763.755,61.9318,11.5278,15423.61
2025-07-01,POL0019,EMP007,Atlantic Care Homes,Healthcare,REG005,Atlantic,Nova Scotia,PRD004,Disability Protect,Disability,Core,Standard,309,19136.91,3575.09,3687.44,2.0,0.1927,0.0065,1843.72,61.9317,11.9335,15449.47
2025-08-01,POL0019,EMP007,Atlantic Care Homes,Healthcare,REG005,Atlantic,Nova Scotia,PRD004,Disability Protect,Disability,Core,Standard,322,19942.03,5479.39,6602.48,2.0,0.3311,0.0062,3301.24,61.9318,20.5046,13339.55
2025-09-01,POL0019,EMP007,Atlantic Care Homes,Healthcare,REG005,Atlantic,Nova Scotia,PRD004,Disability Protect,Disability,Core,Standard,310,19198.85,3993.74,4604.09,2.0,0.2398,0.0065,2302.045,61.9318,14.8519,14594.76
2025-10-01,POL0019,EMP007,Atlantic Care Homes,Healthcare,REG005,Atlantic,Nova Scotia,PRD004,Disability Protect,Disability,Core,Standard,321,19880.1,11037.79,11908.56,4.0,0.599,0.0125,2977.14,61.9318,37.0983,7971.54
2025-11-01,POL0019,EMP007,Atlantic Care Homes,Healthcare,REG005,Atlantic,Nova Scotia,PRD004,Disability Protect,Disability,Core,Standard,321,19880.1,8878.99,9644.62,3.0,0.4851,0.0093,3214.8733,61.9318,30.0455,10235.48
2025-12-01,POL0019,EMP007,Atlantic Care Homes,Healthcare,REG005,Atlantic,Nova Scotia,PRD004,Disability Protect,Disability,Core,Standard,324,20065.89,9278.3,10402.78,4.0,0.5184,0.0123,2600.695,61.9318,32.1073,9663.11
2025-01-01,POL0020,EMP007,Atlantic Care Homes,Healthcare,REG005,Atlantic,Nova Scotia,PRD003,Dental Plus,Dental,Enhanced,Standard,292,23794.26,6598.21,7237.5,14.0,0.3042,0.0479,516.9643,81.4872,24.786,16556.76
2025-02-01,POL0020,EMP007,Atlantic Care Homes,Healthcare,REG005,Atlantic,Nova Scotia,PRD003,Dental Plus,Dental,Enhanced,Standard,294,23957.23,17331.67,19154.71,29.0,0.7995,0.0986,660.5072,81.4872,65.1521,4802.52
2025-03-01,POL0020,EMP007,Atlantic Care Homes,Healthcare,REG005,Atlantic,Nova Scotia,PRD003,Dental Plus,Dental,Enhanced,Standard,278,22653.44,17318.65,19094.77,25.0,0.8429,0.0899,763.7908,81.4872,68.6862,3558.67
2025-04-01,POL0020,EMP007,Atlantic Care Homes,Healthcare,REG005,Atlantic,Nova Scotia,PRD003,Dental Plus,Dental,Enhanced,Standard,297,24201.7,14733.98,16280.07,25.0,0.6727,0.0842,651.2028,81.4872,54.8151,7921.63
2025-05-01,POL0020,EMP007,Atlantic Care Homes,Healthcare,REG005,Atlantic,Nova Scotia,PRD003,Dental Plus,Dental,Enhanced,Standard,283,23060.88,13107.6,14119.87,19.0,0.6123,0.0671,743.1511,81.4872,49.8935,8941.01
2025-06-01,POL0020,EMP007,Atlantic Care Homes,Healthcare,REG005,Atlantic,Nova Scotia,PRD003,Dental Plus,Dental,Enhanced,Standard,281,22897.9,12402.01,13500.74,22.0,0.5896,0.0783,613.67,81.4872,48.0453,9397.16
2025-07-01,POL0020,EMP007,Atlantic Care Homes,Healthcare,REG005,Atlantic,Nova Scotia,PRD003,Dental Plus,Dental,Enhanced,Standard,292,23794.26,14154.41,15653.31,20.0,0.6579,0.0685,782.6655,81.4872,53.6072,8140.95
2025-08-01,POL0020,EMP007,Atlantic Care Homes,Healthcare,REG005,Atlantic,Nova Scotia,PRD003,Dental Plus,Dental,Enhanced,Standard,288,23468.31,8360.02,9415.25,20.0,0.4012,0.0694,470.7625,81.4872,32.6918,14053.06
2025-09-01,POL0020,EMP007,Atlantic Care Homes,Healthcare,REG005,Atlantic,Nova Scotia,PRD003,Dental Plus,Dental,Enhanced,Standard,278,22653.44,9576.79,10839.87,29.0,0.4785,0.1043,373.7886,81.4872,38.9923,11813.57
2025-10-01,POL0020,EMP007,Atlantic Care Homes,Healthcare,REG005,Atlantic,Nova Scotia,PRD003,Dental Plus,Dental,Enhanced,Standard,295,24038.72,7867.25,8723.61,16.0,0.3629,0.0542,545.2256,81.4872,29.5716,15315.11
2025-11-01,POL0020,EMP007,Atlantic Care Homes,Healthcare,REG005,Atlantic,Nova Scotia,PRD003,Dental Plus,Dental,Enhanced,Standard,281,22897.9,7868.9,8383.68,14.0,0.3661,0.0498,598.8343,81.4872,29.8352,14514.22
2025-12-01,POL0020,EMP007,Atlantic Care Homes,Healthcare,REG005,Atlantic,Nova Scotia,PRD003,Dental Plus,Dental,Enhanced,Standard,295,24038.72,23918.05,26739.67,29.0,1.1124,0.0983,922.0576,81.4872,90.6429,-2700.95
2025-01-01,POL0021,EMP007,Atlantic Care Homes,Healthcare,REG005,Atlantic,Nova Scotia,PRD001,Core Health,Health,Core,Standard,287,44778.38,4708.52,5165.38,35.0,0.1154,0.122,147.5823,156.0222,17.9978,39613.0
2025-02-01,POL0021,EMP007,Atlantic Care Homes,Healthcare,REG005,Atlantic,Nova Scotia,PRD001,Core Health,Health,Core,Standard,281,43842.25,5339.91,5985.31,37.0,0.1365,0.1317,161.7651,156.0222,21.3,37856.94
2025-03-01,POL0021,EMP007,Atlantic Care Homes,Healthcare,REG005,Atlantic,Nova Scotia,PRD001,Core Health,Health,Core,Standard,273,42594.07,3152.43,3580.37,22.0,0.0841,0.0806,162.7441,156.0222,13.1149,39013.7
2025-04-01,POL0021,EMP007,Atlantic Care Homes,Healthcare,REG005,Atlantic,Nova Scotia,PRD001,Core Health,Health,Core,Standard,283,44154.29,3171.32,3558.36,30.0,0.0806,0.106,118.612,156.0222,12.5737,40595.93
2025-05-01,POL0021,EMP007,Atlantic Care Homes,Healthcare,REG005,Atlantic,Nova Scotia,PRD001,Core Health,Health,Core,Standard,286,44622.36,2568.43,2793.68,19.0,0.0626,0.0664,147.0358,156.0222,9.7681,41828.68
2025-06-01,POL0021,EMP007,Atlantic Care Homes,Healthcare,REG005,Atlantic,Nova Scotia,PRD001,Core Health,Health,Core,Standard,272,42438.05,3139.89,3439.01,28.0,0.081,0.1029,122.8218,156.0222,12.6434,38999.04
2025-07-01,POL0021,EMP007,Atlantic Care Homes,Healthcare,REG005,Atlantic,Nova Scotia,PRD001,Core Health,Health,Core,Standard,285,44466.34,2629.86,2934.77,27.0,0.066,0.0947,108.6952,156.0222,10.2974,41531.57
2025-08-01,POL0021,EMP007,Atlantic Care Homes,Healthcare,REG005,Atlantic,Nova Scotia,PRD001,Core Health,Health,Core,Standard,274,42750.09,4048.79,4477.73,34.0,0.1047,0.1241,131.6979,156.0222,16.3421,38272.36
2025-09-01,POL0021,EMP007,Atlantic Care Homes,Healthcare,REG005,Atlantic,Nova Scotia,PRD001,Core Health,Health,Core,Standard,269,41969.98,2833.55,3145.14,21.0,0.0749,0.0781,149.7686,156.0222,11.692,38824.84
2025-10-01,POL0021,EMP007,Atlantic Care Homes,Healthcare,REG005,Atlantic,Nova Scotia,PRD001,Core Health,Health,Core,Standard,268,41813.96,3358.66,3705.7,36.0,0.0886,0.1343,102.9361,156.0222,13.8272,38108.26
2025-11-01,POL0021,EMP007,Atlantic Care Homes,Healthcare,REG005,Atlantic,Nova Scotia,PRD001,Core Health,Health,Core,Standard,284,44310.32,4009.61,4465.49,34.0,0.1008,0.1197,131.3379,156.0223,15.7236,39844.83
2025-12-01,POL0021,EMP007,Atlantic Care Homes,Healthcare,REG005,Atlantic,Nova Scotia,PRD001,Core Health,Health,Core,Standard,277,43218.16,2979.69,3285.61,36.0,0.076,0.13,91.2669,156.0222,11.8614,39932.55
2025-01-01,POL0022,EMP008,Metro Software Co,Technology,REG002,Ontario,Ontario,PRD002,Enhanced Health,Health,Enhanced,Preferred,372,85932.03,5085.59,5560.2,43.0,0.0647,0.1156,129.307,231.0001,14.9468,80371.83
2025-02-01,POL0022,EMP008,Metro Software Co,Technology,REG002,Ontario,Ontario,PRD002,Enhanced Health,Health,Enhanced,Preferred,370,85470.03,5152.48,5655.36,39.0,0.0662,0.1054,145.0092,231.0001,15.2848,79814.67
2025-03-01,POL0022,EMP008,Metro Software Co,Technology,REG002,Ontario,Ontario,PRD002,Enhanced Health,Health,Enhanced,Preferred,371,85701.03,5694.29,6386.26,48.0,0.0745,0.1294,133.0471,231.0001,17.2136,79314.77
2025-04-01,POL0022,EMP008,Metro Software Co,Technology,REG002,Ontario,Ontario,PRD002,Enhanced Health,Health,Enhanced,Preferred,375,86625.03,6658.61,7384.58,52.0,0.0852,0.1387,142.0112,231.0001,19.6922,79240.45
2025-05-01,POL0022,EMP008,Metro Software Co,Technology,REG002,Ontario,Ontario,PRD002,Enhanced Health,Health,Enhanced,Preferred,380,87780.03,2997.0,3271.48,25.0,0.0373,0.0658,130.8592,231.0001,8.6092,84508.55
2025-06-01,POL0022,EMP008,Metro Software Co,Technology,REG002,Ontario,Ontario,PRD002,Enhanced Health,Health,Enhanced,Preferred,370,85470.03,6346.85,6996.83,45.0,0.0819,0.1216,155.4851,231.0001,18.9104,78473.2
2025-07-01,POL0022,EMP008,Metro Software Co,Technology,REG002,Ontario,Ontario,PRD002,Enhanced Health,Health,Enhanced,Preferred,396,91476.03,5955.21,6642.82,50.0,0.0726,0.1263,132.8564,231.0001,16.7748,84833.21
2025-08-01,POL0022,EMP008,Metro Software Co,Technology,REG002,Ontario,Ontario,PRD002,Enhanced Health,Health,Enhanced,Preferred,378,87318.03,3581.93,3934.98,29.0,0.0451,0.0767,135.689,231.0001,10.41,83383.05
2025-09-01,POL0022,EMP008,Metro Software Co,Technology,REG002,Ontario,Ontario,PRD002,Enhanced Health,Health,Enhanced,Preferred,371,85701.03,5115.4,5637.37,39.0,0.0658,0.1051,144.5479,231.0001,15.1951,80063.66
2025-10-01,POL0022,EMP008,Metro Software Co,Technology,REG002,Ontario,Ontario,PRD002,Enhanced Health,Health,Enhanced,Preferred,376,86856.03,6236.12,6987.85,51.0,0.0805,0.1356,137.0167,231.0001,18.5847,79868.18
2025-11-01,POL0022,EMP008,Metro Software Co,Technology,REG002,Ontario,Ontario,PRD002,Enhanced Health,Health,Enhanced,Preferred,373,86163.03,5727.17,6467.79,47.0,0.0751,0.126,137.6126,231.0001,17.3399,79695.24
2025-12-01,POL0022,EMP008,Metro Software Co,Technology,REG002,Ontario,Ontario,PRD002,Enhanced Health,Health,Enhanced,Preferred,387,89397.03,3405.63,3809.83,37.0,0.0426,0.0956,102.9684,231.0001,9.8445,85587.2
2025-01-01,POL0023,EMP008,Metro Software Co,Technology,REG002,Ontario,Ontario,PRD001,Core Health,Health,Core,Standard,426,72564.87,5591.41,6196.54,45.0,0.0854,0.1056,137.7009,170.3401,14.5459,66368.33
2025-02-01,POL0023,EMP008,Metro Software Co,Technology,REG002,Ontario,Ontario,PRD001,Core Health,Health,Core,Standard,431,73416.57,3599.14,4047.23,33.0,0.0551,0.0766,122.6433,170.3401,9.3903,69369.34
2025-03-01,POL0023,EMP008,Metro Software Co,Technology,REG002,Ontario,Ontario,PRD001,Core Health,Health,Core,Standard,418,71202.15,4798.82,5346.52,44.0,0.0751,0.1053,121.5118,170.3401,12.7907,65855.63
2025-04-01,POL0023,EMP008,Metro Software Co,Technology,REG002,Ontario,Ontario,PRD001,Core Health,Health,Core,Standard,411,70009.77,5702.91,6434.97,54.0,0.0919,0.1314,119.1661,170.3401,15.6569,63574.8
2025-05-01,POL0023,EMP008,Metro Software Co,Technology,REG002,Ontario,Ontario,PRD001,Core Health,Health,Core,Standard,422,71883.51,6855.24,7560.25,57.0,0.1052,0.1351,132.636,170.3401,17.9153,64323.26
2025-06-01,POL0023,EMP008,Metro Software Co,Technology,REG002,Ontario,Ontario,PRD001,Core Health,Health,Core,Standard,425,72394.53,5771.88,6430.68,51.0,0.0888,0.12,126.0918,170.3401,15.131,65963.85
2025-07-01,POL0023,EMP008,Metro Software Co,Technology,REG002,Ontario,Ontario,PRD001,Core Health,Health,Core,Standard,415,70691.13,5850.44,6499.42,53.0,0.0919,0.1277,122.6306,170.3401,15.6613,64191.71
2025-08-01,POL0023,EMP008,Metro Software Co,Technology,REG002,Ontario,Ontario,PRD001,Core Health,Health,Core,Standard,407,69328.41,4573.96,5077.96,44.0,0.0732,0.1081,115.4082,170.3401,12.4766,64250.45
2025-09-01,POL0023,EMP008,Metro Software Co,Technology,REG002,Ontario,Ontario,PRD001,Core Health,Health,Core,Standard,420,71542.83,6321.13,7036.2,55.0,0.0983,0.131,127.9309,170.3401,16.7529,64506.63
2025-10-01,POL0023,EMP008,Metro Software Co,Technology,REG002,Ontario,Ontario,PRD001,Core Health,Health,Core,Standard,428,72905.55,5893.56,6558.98,50.0,0.09,0.1168,131.1796,170.3401,15.3247,66346.57
2025-11-01,POL0023,EMP008,Metro Software Co,Technology,REG002,Ontario,Ontario,PRD001,Core Health,Health,Core,Standard,415,70691.13,5801.19,6405.55,52.0,0.0906,0.1253,123.1837,170.3401,15.4351,64285.58
2025-12-01,POL0023,EMP008,Metro Software Co,Technology,REG002,Ontario,Ontario,PRD001,Core Health,Health,Core,Standard,420,71542.83,4193.35,4596.33,36.0,0.0642,0.0857,127.6758,170.3401,10.9436,66946.5
2025-01-01,POL0024,EMP008,Metro Software Co,Technology,REG002,Ontario,Ontario,PRD003,Dental Plus,Dental,Enhanced,Standard,409,34772.32,8300.54,9181.11,23.0,0.264,0.0562,399.1787,85.0179,22.4477,25591.21
2025-02-01,POL0024,EMP008,Metro Software Co,Technology,REG002,Ontario,Ontario,PRD003,Dental Plus,Dental,Enhanced,Standard,420,35707.51,22162.51,25248.41,37.0,0.7071,0.0881,682.3895,85.0179,60.1153,10459.1
2025-03-01,POL0024,EMP008,Metro Software Co,Technology,REG002,Ontario,Ontario,PRD003,Dental Plus,Dental,Enhanced,Standard,417,35452.46,17469.19,19671.37,39.0,0.5549,0.0935,504.3941,85.0179,47.1735,15781.09
2025-04-01,POL0024,EMP008,Metro Software Co,Technology,REG002,Ontario,Ontario,PRD003,Dental Plus,Dental,Enhanced,Standard,419,35622.5,16066.96,17848.81,38.0,0.5011,0.0907,469.7055,85.0179,42.5986,17773.69
2025-05-01,POL0024,EMP008,Metro Software Co,Technology,REG002,Ontario,Ontario,PRD003,Dental Plus,Dental,Enhanced,Standard,424,36047.59,14324.48,15864.69,31.0,0.4401,0.0731,511.7642,85.0179,37.4167,20182.9
2025-06-01,POL0024,EMP008,Metro Software Co,Technology,REG002,Ontario,Ontario,PRD003,Dental Plus,Dental,Enhanced,Standard,434,36897.76,7628.93,8553.31,22.0,0.2318,0.0507,388.7868,85.0179,19.7081,28344.45
2025-07-01,POL0024,EMP008,Metro Software Co,Technology,REG002,Ontario,Ontario,PRD003,Dental Plus,Dental,Enhanced,Standard,429,36472.67,15665.85,16587.22,26.0,0.4548,0.0606,637.97,85.0179,38.6648,19885.45
2025-08-01,POL0024,EMP008,Metro Software Co,Technology,REG002,Ontario,Ontario,PRD003,Dental Plus,Dental,Enhanced,Standard,412,35027.37,22087.36,24361.96,38.0,0.6955,0.0922,641.1042,85.0179,59.131,10665.41
2025-09-01,POL0024,EMP008,Metro Software Co,Technology,REG002,Ontario,Ontario,PRD003,Dental Plus,Dental,Enhanced,Standard,432,36727.73,11716.87,13363.46,26.0,0.3639,0.0602,513.9792,85.0179,30.9339,23364.27
2025-10-01,POL0024,EMP008,Metro Software Co,Technology,REG002,Ontario,Ontario,PRD003,Dental Plus,Dental,Enhanced,Standard,424,36047.59,10595.71,12096.13,21.0,0.3356,0.0495,576.0062,85.0179,28.5286,23951.46
2025-11-01,POL0024,EMP008,Metro Software Co,Technology,REG002,Ontario,Ontario,PRD003,Dental Plus,Dental,Enhanced,Standard,426,36217.62,9151.87,10161.66,21.0,0.2806,0.0493,483.8886,85.0179,23.8537,26055.96
2025-12-01,POL0024,EMP008,Metro Software Co,Technology,REG002,Ontario,Ontario,PRD003,Dental Plus,Dental,Enhanced,Standard,420,35707.51,25050.75,27828.41,43.0,0.7793,0.1024,647.1723,85.0179,66.2581,7879.1
2025-01-01,POL0025,EMP009,Foothills Construction,Construction,REG003,Alberta,Alberta,PRD001,Core Health,Health,Core,Standard,322,50401.67,3434.27,3811.92,30.0,0.0756,0.0932,127.064,156.5269,11.8383,46589.75
2025-02-01,POL0025,EMP009,Foothills Construction,Construction,REG003,Alberta,Alberta,PRD001,Core Health,Health,Core,Standard,318,49775.56,2642.7,3010.8,26.0,0.0605,0.0818,115.8,156.5269,9.4679,46764.76
2025-03-01,POL0025,EMP009,Foothills Construction,Construction,REG003,Alberta,Alberta,PRD001,Core Health,Health,Core,Standard,325,50871.25,4225.61,4675.16,36.0,0.0919,0.1108,129.8656,156.5269,14.3851,46196.09
2025-04-01,POL0025,EMP009,Foothills Construction,Construction,REG003,Alberta,Alberta,PRD001,Core Health,Health,Core,Standard,314,49149.45,5065.95,5716.42,43.0,0.1163,0.1369,132.94,156.5269,18.2052,43433.03
2025-05-01,POL0025,EMP009,Foothills Construction,Construction,REG003,Alberta,Alberta,PRD001,Core Health,Health,Core,Standard,332,51966.94,2253.64,2500.0,21.0,0.0481,0.0633,119.0476,156.5269,7.5301,49466.94
2025-06-01,POL0025,EMP009,Foothills Construction,Construction,REG003,Alberta,Alberta,PRD001,Core Health,Health,Core,Standard,325,50871.25,4630.99,5196.73,41.0,0.1022,0.1262,126.7495,156.5269,15.9899,45674.52
2025-07-01,POL0025,EMP009,Foothills Construction,Construction,REG003,Alberta,Alberta,PRD001,Core Health,Health,Core,Standard,325,50871.25,2141.44,2383.46,22.0,0.0469,0.0677,108.3391,156.5269,7.3337,48487.79
2025-08-01,POL0025,EMP009,Foothills Construction,Construction,REG003,Alberta,Alberta,PRD001,Core Health,Health,Core,Standard,323,50558.2,4593.3,5137.96,32.0,0.1016,0.0991,160.5612,156.5269,15.907,45420.24
2025-09-01,POL0025,EMP009,Foothills Construction,Construction,REG003,Alberta,Alberta,PRD001,Core Health,Health,Core,Standard,323,50558.2,3017.39,3355.69,23.0,0.0664,0.0712,145.8996,156.5269,10.3891,47202.51
2025-10-01,POL0025,EMP009,Foothills Construction,Construction,REG003,Alberta,Alberta,PRD001,Core Health,Health,Core,Standard,314,49149.45,3945.59,4327.27,42.0,0.088,0.1338,103.0302,156.5269,13.7811,44822.18
2025-11-01,POL0025,EMP009,Foothills Construction,Construction,REG003,Alberta,Alberta,PRD001,Core Health,Health,Core,Standard,317,49619.03,3694.93,4134.13,37.0,0.0833,0.1167,111.7332,156.5269,13.0414,45484.9
2025-12-01,POL0025,EMP009,Foothills Construction,Construction,REG003,Alberta,Alberta,PRD001,Core Health,Health,Core,Standard,326,51027.78,2401.94,2703.37,24.0,0.053,0.0736,112.6404,156.5269,8.2925,48324.41
2025-01-01,POL0026,EMP009,Foothills Construction,Construction,REG003,Alberta,Alberta,PRD003,Dental Plus,Dental,Enhanced,Standard,316,24293.45,18073.33,20125.87,23.0,0.8284,0.0728,875.0378,76.878,63.6895,4167.58
2025-02-01,POL0026,EMP009,Foothills Construction,Construction,REG003,Alberta,Alberta,PRD003,Dental Plus,Dental,Enhanced,Standard,309,23755.3,10481.82,11971.71,19.0,0.504,0.0615,630.09,76.878,38.7434,11783.59
2025-03-01,POL0026,EMP009,Foothills Construction,Construction,REG003,Alberta,Alberta,PRD003,Dental Plus,Dental,Enhanced,Standard,310,23832.18,19042.33,21214.78,32.0,0.8902,0.1032,662.9619,76.878,68.4348,2617.4
2025-04-01,POL0026,EMP009,Foothills Construction,Construction,REG003,Alberta,Alberta,PRD003,Dental Plus,Dental,Enhanced,Standard,319,24524.09,11933.64,13165.46,21.0,0.5368,0.0658,626.9267,76.878,41.271,11358.63
2025-05-01,POL0026,EMP009,Foothills Construction,Construction,REG003,Alberta,Alberta,PRD003,Dental Plus,Dental,Enhanced,Standard,328,25215.99,17944.52,20477.6,27.0,0.8121,0.0823,758.4296,76.878,62.4317,4738.39
2025-06-01,POL0026,EMP009,Foothills Construction,Construction,REG003,Alberta,Alberta,PRD003,Dental Plus,Dental,Enhanced,Standard,324,24908.48,21486.45,23257.77,31.0,0.9337,0.0957,750.2506,76.878,71.7832,1650.71
2025-07-01,POL0026,EMP009,Foothills Construction,Construction,REG003,Alberta,Alberta,PRD003,Dental Plus,Dental,Enhanced,Standard,316,24293.45,10212.22,11371.26,23.0,0.4681,0.0728,494.4026,76.878,35.985,12922.19
2025-08-01,POL0026,EMP009,Foothills Construction,Construction,REG003,Alberta,Alberta,PRD003,Dental Plus,Dental,Enhanced,Standard,327,25139.11,23941.36,26948.37,33.0,1.072,0.1009,816.6173,76.878,82.4109,-1809.26
2025-09-01,POL0026,EMP009,Foothills Construction,Construction,REG003,Alberta,Alberta,PRD003,Dental Plus,Dental,Enhanced,Standard,312,23985.94,8139.78,9093.49,26.0,0.3791,0.0833,349.7496,76.878,29.1458,14892.45
2025-10-01,POL0026,EMP009,Foothills Construction,Construction,REG003,Alberta,Alberta,PRD003,Dental Plus,Dental,Enhanced,Standard,315,24216.57,5644.92,6254.32,15.0,0.2583,0.0476,416.9547,76.878,19.855,17962.25
2025-11-01,POL0026,EMP009,Foothills Construction,Construction,REG003,Alberta,Alberta,PRD003,Dental Plus,Dental,Enhanced,Standard,328,25215.99,18666.73,20916.59,28.0,0.8295,0.0854,747.0211,76.878,63.7701,4299.4
2025-12-01,POL0026,EMP009,Foothills Construction,Construction,REG003,Alberta,Alberta,PRD003,Dental Plus,Dental,Enhanced,Standard,329,25292.87,8005.19,8733.76,17.0,0.3453,0.0517,513.7506,76.878,26.5464,16559.11
2025-01-01,POL0027,EMP009,Foothills Construction,Construction,REG003,Alberta,Alberta,PRD005,Life Basic,Life,Core,Preferred,326,10025.9,0.0,0.0,0.0,0.0,0.0,0.0,30.7543,0.0,10025.9
2025-02-01,POL0027,EMP009,Foothills Construction,Construction,REG003,Alberta,Alberta,PRD005,Life Basic,Life,Core,Preferred,307,9441.57,0.0,0.0,0.0,0.0,0.0,0.0,30.7543,0.0,9441.57
2025-03-01,POL0027,EMP009,Foothills Construction,Construction,REG003,Alberta,Alberta,PRD005,Life Basic,Life,Core,Preferred,325,9995.14,0.0,0.0,0.0,0.0,0.0,0.0,30.7543,0.0,9995.14
2025-04-01,POL0027,EMP009,Foothills Construction,Construction,REG003,Alberta,Alberta,PRD005,Life Basic,Life,Core,Preferred,319,9810.62,0.0,0.0,0.0,0.0,0.0,0.0,30.7543,0.0,9810.62
2025-05-01,POL0027,EMP009,Foothills Construction,Construction,REG003,Alberta,Alberta,PRD005,Life Basic,Life,Core,Preferred,309,9503.07,0.0,0.0,0.0,0.0,0.0,0.0,30.7543,0.0,9503.07
2025-06-01,POL0027,EMP009,Foothills Construction,Construction,REG003,Alberta,Alberta,PRD005,Life Basic,Life,Core,Preferred,317,9749.11,0.0,0.0,0.0,0.0,0.0,0.0,30.7543,0.0,9749.11
2025-07-01,POL0027,EMP009,Foothills Construction,Construction,REG003,Alberta,Alberta,PRD005,Life Basic,Life,Core,Preferred,308,9472.32,0.0,0.0,0.0,0.0,0.0,0.0,30.7543,0.0,9472.32
2025-08-01,POL0027,EMP009,Foothills Construction,Construction,REG003,Alberta,Alberta,PRD005,Life Basic,Life,Core,Preferred,311,9564.58,0.0,0.0,0.0,0.0,0.0,0.0,30.7543,0.0,9564.58
2025-09-01,POL0027,EMP009,Foothills Construction,Construction,REG003,Alberta,Alberta,PRD005,Life Basic,Life,Core,Preferred,325,9995.14,0.0,0.0,0.0,0.0,0.0,0.0,30.7543,0.0,9995.14
2025-10-01,POL0027,EMP009,Foothills Construction,Construction,REG003,Alberta,Alberta,PRD005,Life Basic,Life,Core,Preferred,326,10025.9,0.0,0.0,0.0,0.0,0.0,0.0,30.7543,0.0,10025.9
2025-11-01,POL0027,EMP009,Foothills Construction,Construction,REG003,Alberta,Alberta,PRD005,Life Basic,Life,Core,Preferred,308,9472.32,0.0,0.0,0.0,0.0,0.0,0.0,30.7543,0.0,9472.32
2025-12-01,POL0027,EMP009,Foothills Construction,Construction,REG003,Alberta,Alberta,PRD005,Life Basic,Life,Core,Preferred,319,9810.62,0.0,0.0,0.0,0.0,0.0,0.0,30.7543,0.0,9810.62
2025-01-01,POL0028,EMP010,Harbour Hospitality,Hospitality,REG004,British Columbia,British Columbia,PRD002,Enhanced Health,Health,Enhanced,Preferred,178,35176.71,2074.27,2388.31,22.0,0.0679,0.1236,108.5595,197.622,13.4175,32788.4
2025-02-01,POL0028,EMP010,Harbour Hospitality,Hospitality,REG004,British Columbia,British Columbia,PRD002,Enhanced Health,Health,Enhanced,Preferred,182,35967.2,1776.38,2044.59,12.0,0.0568,0.0659,170.3825,197.622,11.234,33922.61
2025-03-01,POL0028,EMP010,Harbour Hospitality,Hospitality,REG004,British Columbia,British Columbia,PRD002,Enhanced Health,Health,Enhanced,Preferred,173,34188.6,1352.14,1498.97,11.0,0.0438,0.0636,136.27,197.622,8.6646,32689.63
2025-04-01,POL0028,EMP010,Harbour Hospitality,Hospitality,REG004,British Columbia,British Columbia,PRD002,Enhanced Health,Health,Enhanced,Preferred,178,35176.71,3544.93,3969.44,23.0,0.1128,0.1292,172.5843,197.622,22.3002,31207.27
2025-05-01,POL0028,EMP010,Harbour Hospitality,Hospitality,REG004,British Columbia,British Columbia,PRD002,Enhanced Health,Health,Enhanced,Preferred,171,33793.36,2551.15,2771.67,22.0,0.082,0.1287,125.985,197.622,16.2086,31021.69
2025-06-01,POL0028,EMP010,Harbour Hospitality,Hospitality,REG004,British Columbia,British Columbia,PRD002,Enhanced Health,Health,Enhanced,Preferred,173,34188.6,2690.01,3083.81,18.0,0.0902,0.104,171.3228,197.622,17.8255,31104.79
2025-07-01,POL0028,EMP010,Harbour Hospitality,Hospitality,REG004,British Columbia,British Columbia,PRD002,Enhanced Health,Health,Enhanced,Preferred,173,34188.6,1933.84,2134.87,14.0,0.0624,0.0809,152.4907,197.622,12.3403,32053.73
2025-08-01,POL0028,EMP010,Harbour Hospitality,Hospitality,REG004,British Columbia,British Columbia,PRD002,Enhanced Health,Health,Enhanced,Preferred,181,35769.58,2825.31,3158.8,18.0,0.0883,0.0994,175.4889,197.622,17.4519,32610.78
2025-09-01,POL0028,EMP010,Harbour Hospitality,Hospitality,REG004,British Columbia,British Columbia,PRD002,Enhanced Health,Health,Enhanced,Preferred,175,34583.84,2345.6,2695.3,14.0,0.0779,0.08,192.5214,197.6219,15.4017,31888.54
2025-10-01,POL0028,EMP010,Harbour Hospitality,Hospitality,REG004,British Columbia,British Columbia,PRD002,Enhanced Health,Health,Enhanced,Preferred,175,34583.84,1604.88,1706.21,16.0,0.0493,0.0914,106.6381,197.6219,9.7498,32877.63
2025-11-01,POL0028,EMP010,Harbour Hospitality,Hospitality,REG004,British Columbia,British Columbia,PRD002,Enhanced Health,Health,Enhanced,Preferred,175,34583.84,2209.61,2459.26,25.0,0.0711,0.1429,98.3704,197.6219,14.0529,32124.58
2025-12-01,POL0028,EMP010,Harbour Hospitality,Hospitality,REG004,British Columbia,British Columbia,PRD002,Enhanced Health,Health,Enhanced,Preferred,173,34188.6,1497.54,1623.14,14.0,0.0475,0.0809,115.9386,197.622,9.3823,32565.46
2025-01-01,POL0029,EMP010,Harbour Hospitality,Hospitality,REG004,British Columbia,British Columbia,PRD003,Dental Plus,Dental,Enhanced,Standard,193,17610.15,5150.43,5681.94,18.0,0.3227,0.0933,315.6633,91.2443,29.4401,11928.21
2025-02-01,POL0029,EMP010,Harbour Hospitality,Hospitality,REG004,British Columbia,British Columbia,PRD003,Dental Plus,Dental,Enhanced,Standard,188,17153.93,3573.38,3924.09,12.0,0.2288,0.0638,327.0075,91.2443,20.8728,13229.84
2025-03-01,POL0029,EMP010,Harbour Hospitality,Hospitality,REG004,British Columbia,British Columbia,PRD003,Dental Plus,Dental,Enhanced,Standard,188,17153.93,8668.27,9652.88,16.0,0.5627,0.0851,603.305,91.2443,51.3451,7501.05
2025-04-01,POL0029,EMP010,Harbour Hospitality,Hospitality,REG004,British Columbia,British Columbia,PRD003,Dental Plus,Dental,Enhanced,Standard,187,17062.69,8872.86,9999.97,17.0,0.5861,0.0909,588.2335,91.2443,53.4758,7062.72
2025-05-01,POL0029,EMP010,Harbour Hospitality,Hospitality,REG004,British Columbia,British Columbia,PRD003,Dental Plus,Dental,Enhanced,Standard,184,16788.95,7485.66,8623.46,17.0,0.5136,0.0924,507.2624,91.2443,46.8666,8165.49
2025-06-01,POL0029,EMP010,Harbour Hospitality,Hospitality,REG004,British Columbia,British Columbia,PRD003,Dental Plus,Dental,Enhanced,Standard,190,17336.42,10329.99,11432.4,17.0,0.6594,0.0895,672.4941,91.2443,60.1705,5904.02
2025-07-01,POL0029,EMP010,Harbour Hospitality,Hospitality,REG004,British Columbia,British Columbia,PRD003,Dental Plus,Dental,Enhanced,Standard,193,17610.15,7727.91,8692.49,15.0,0.4936,0.0777,579.4993,91.2443,45.0388,8917.66
2025-08-01,POL0029,EMP010,Harbour Hospitality,Hospitality,REG004,British Columbia,British Columbia,PRD003,Dental Plus,Dental,Enhanced,Standard,194,17701.4,10542.55,11959.81,17.0,0.6756,0.0876,703.5182,91.2443,61.6485,5741.59
2025-09-01,POL0029,EMP010,Harbour Hospitality,Hospitality,REG004,British Columbia,British Columbia,PRD003,Dental Plus,Dental,Enhanced,Standard,193,17610.15,6620.94,7426.44,19.0,0.4217,0.0984,390.8653,91.2443,38.479,10183.71
2025-10-01,POL0029,EMP010,Harbour Hospitality,Hospitality,REG004,British Columbia,British Columbia,PRD003,Dental Plus,Dental,Enhanced,Standard,190,17336.42,9766.25,11181.9,13.0,0.645,0.0684,860.1462,91.2443,58.8521,6154.52
2025-11-01,POL0029,EMP010,Harbour Hospitality,Hospitality,REG004,British Columbia,British Columbia,PRD003,Dental Plus,Dental,Enhanced,Standard,195,17792.64,9276.27,10433.06,18.0,0.5864,0.0923,579.6144,91.2443,53.5029,7359.58
2025-12-01,POL0029,EMP010,Harbour Hospitality,Hospitality,REG004,British Columbia,British Columbia,PRD003,Dental Plus,Dental,Enhanced,Standard,182,16606.47,6929.96,7768.02,16.0,0.4678,0.0879,485.5012,91.2443,42.6814,8838.45
2025-01-01,POL0030,EMP010,Harbour Hospitality,Hospitality,REG004,British Columbia,British Columbia,PRD005,Life Basic,Life,Core,Preferred,203,6487.81,0.0,0.0,0.0,0.0,0.0,0.0,31.9597,0.0,6487.81
2025-02-01,POL0030,EMP010,Harbour Hospitality,Hospitality,REG004,British Columbia,British Columbia,PRD005,Life Basic,Life,Core,Preferred,200,6391.93,0.0,0.0,0.0,0.0,0.0,0.0,31.9596,0.0,6391.93
2025-03-01,POL0030,EMP010,Harbour Hospitality,Hospitality,REG004,British Columbia,British Columbia,PRD005,Life Basic,Life,Core,Preferred,194,6200.17,0.0,0.0,0.0,0.0,0.0,0.0,31.9596,0.0,6200.17
2025-04-01,POL0030,EMP010,Harbour Hospitality,Hospitality,REG004,British Columbia,British Columbia,PRD005,Life Basic,Life,Core,Preferred,203,6487.81,0.0,0.0,0.0,0.0,0.0,0.0,31.9597,0.0,6487.81
2025-05-01,POL0030,EMP010,Harbour Hospitality,Hospitality,REG004,British Columbia,British Columbia,PRD005,Life Basic,Life,Core,Preferred,203,6487.81,0.0,0.0,0.0,0.0,0.0,0.0,31.9597,0.0,6487.81
2025-06-01,POL0030,EMP010,Harbour Hospitality,Hospitality,REG004,British Columbia,British Columbia,PRD005,Life Basic,Life,Core,Preferred,204,6519.77,0.0,0.0,0.0,0.0,0.0,0.0,31.9597,0.0,6519.77
2025-07-01,POL0030,EMP010,Harbour Hospitality,Hospitality,REG004,British Columbia,British Columbia,PRD005,Life Basic,Life,Core,Preferred,191,6104.29,0.0,0.0,0.0,0.0,0.0,0.0,31.9596,0.0,6104.29
2025-08-01,POL0030,EMP010,Harbour Hospitality,Hospitality,REG004,British Columbia,British Columbia,PRD005,Life Basic,Life,Core,Preferred,192,6136.25,0.0,0.0,0.0,0.0,0.0,0.0,31.9596,0.0,6136.25
2025-09-01,POL0030,EMP010,Harbour Hospitality,Hospitality,REG004,British Columbia,British Columbia,PRD005,Life Basic,Life,Core,Preferred,194,6200.17,0.0,0.0,0.0,0.0,0.0,0.0,31.9596,0.0,6200.17
2025-10-01,POL0030,EMP010,Harbour Hospitality,Hospitality,REG004,British Columbia,British Columbia,PRD005,Life Basic,Life,Core,Preferred,197,6296.05,0.0,0.0,0.0,0.0,0.0,0.0,31.9596,0.0,6296.05
2025-11-01,POL0030,EMP010,Harbour Hospitality,Hospitality,REG004,British Columbia,British Columbia,PRD005,Life Basic,Life,Core,Preferred,194,6200.17,0.0,0.0,0.0,0.0,0.0,0.0,31.9596,0.0,6200.17
2025-12-01,POL0030,EMP010,Harbour Hospitality,Hospitality,REG004,British Columbia,British Columbia,PRD005,Life Basic,Life,Core,Preferred,193,6168.21,0.0,0.0,0.0,0.0,0.0,0.0,31.9596,0.0,6168.21
2025-01-01,POL0031,EMP011,Winnipeg Services,Professional services,REG001,Prairies,Manitoba,PRD002,Enhanced Health,Health,Enhanced,Preferred,169,38351.05,1295.86,1469.64,14.0,0.0383,0.0828,104.9743,226.9293,8.6961,36881.41
2025-02-01,POL0031,EMP011,Winnipeg Services,Professional services,REG001,Prairies,Manitoba,PRD002,Enhanced Health,Health,Enhanced,Preferred,169,38351.05,2865.91,3084.28,23.0,0.0804,0.1361,134.0991,226.9293,18.2502,35266.77
2025-03-01,POL0031,EMP011,Winnipeg Services,Professional services,REG001,Prairies,Manitoba,PRD002,Enhanced Health,Health,Enhanced,Preferred,173,39258.77,1621.49,1808.77,15.0,0.0461,0.0867,120.5847,226.9293,10.4553,37450.0
2025-04-01,POL0031,EMP011,Winnipeg Services,Professional services,REG001,Prairies,Manitoba,PRD002,Enhanced Health,Health,Enhanced,Preferred,170,38577.98,1110.08,1228.0,12.0,0.0318,0.0706,102.3333,226.9293,7.2235,37349.98
2025-05-01,POL0031,EMP011,Winnipeg Services,Professional services,REG001,Prairies,Manitoba,PRD002,Enhanced Health,Health,Enhanced,Preferred,173,39258.77,2086.51,2372.74,24.0,0.0604,0.1387,98.8642,226.9293,13.7153,36886.03
2025-06-01,POL0031,EMP011,Winnipeg Services,Professional services,REG001,Prairies,Manitoba,PRD002,Enhanced Health,Health,Enhanced,Preferred,166,37670.26,1395.6,1606.08,13.0,0.0426,0.0783,123.5446,226.9293,9.6752,36064.18
2025-07-01,POL0031,EMP011,Winnipeg Services,Professional services,REG001,Prairies,Manitoba,PRD002,Enhanced Health,Health,Enhanced,Preferred,173,39258.77,1428.78,1603.21,16.0,0.0408,0.0925,100.2006,226.9293,9.2671,37655.56
2025-08-01,POL0031,EMP011,Winnipeg Services,Professional services,REG001,Prairies,Manitoba,PRD002,Enhanced Health,Health,Enhanced,Preferred,171,38804.91,2548.92,2814.9,21.0,0.0725,0.1228,134.0429,226.9293,16.4614,35990.01
2025-09-01,POL0031,EMP011,Winnipeg Services,Professional services,REG001,Prairies,Manitoba,PRD002,Enhanced Health,Health,Enhanced,Preferred,171,38804.91,2119.15,2392.1,17.0,0.0616,0.0994,140.7118,226.9293,13.9889,36412.81
2025-10-01,POL0031,EMP011,Winnipeg Services,Professional services,REG001,Prairies,Manitoba,PRD002,Enhanced Health,Health,Enhanced,Preferred,169,38351.05,2641.17,2944.17,22.0,0.0768,0.1302,133.8259,226.9293,17.4211,35406.88
2025-11-01,POL0031,EMP011,Winnipeg Services,Professional services,REG001,Prairies,Manitoba,PRD002,Enhanced Health,Health,Enhanced,Preferred,170,38577.98,2157.55,2464.72,18.0,0.0639,0.1059,136.9289,226.9293,14.4984,36113.26
2025-12-01,POL0031,EMP011,Winnipeg Services,Professional services,REG001,Prairies,Manitoba,PRD002,Enhanced Health,Health,Enhanced,Preferred,164,37216.41,1262.42,1383.04,10.0,0.0372,0.061,138.304,226.9293,8.4332,35833.37
2025-01-01,POL0032,EMP011,Winnipeg Services,Professional services,REG001,Prairies,Manitoba,PRD005,Life Basic,Life,Core,Watch,179,5693.86,0.0,0.0,0.0,0.0,0.0,0.0,31.8093,0.0,5693.86
2025-02-01,POL0032,EMP011,Winnipeg Services,Professional services,REG001,Prairies,Manitoba,PRD005,Life Basic,Life,Core,Watch,181,5757.48,0.0,0.0,0.0,0.0,0.0,0.0,31.8093,0.0,5757.48
2025-03-01,POL0032,EMP011,Winnipeg Services,Professional services,REG001,Prairies,Manitoba,PRD005,Life Basic,Life,Core,Watch,180,5725.67,0.0,0.0,0.0,0.0,0.0,0.0,31.8093,0.0,5725.67
2025-04-01,POL0032,EMP011,Winnipeg Services,Professional services,REG001,Prairies,Manitoba,PRD005,Life Basic,Life,Core,Watch,175,5566.62,0.0,0.0,0.0,0.0,0.0,0.0,31.8093,0.0,5566.62
2025-05-01,POL0032,EMP011,Winnipeg Services,Professional services,REG001,Prairies,Manitoba,PRD005,Life Basic,Life,Core,Watch,183,5821.1,0.0,0.0,0.0,0.0,0.0,0.0,31.8093,0.0,5821.1
2025-06-01,POL0032,EMP011,Winnipeg Services,Professional services,REG001,Prairies,Manitoba,PRD005,Life Basic,Life,Core,Watch,178,5662.05,0.0,0.0,0.0,0.0,0.0,0.0,31.8093,0.0,5662.05
2025-07-01,POL0032,EMP011,Winnipeg Services,Professional services,REG001,Prairies,Manitoba,PRD005,Life Basic,Life,Core,Watch,181,5757.48,0.0,0.0,0.0,0.0,0.0,0.0,31.8093,0.0,5757.48
2025-08-01,POL0032,EMP011,Winnipeg Services,Professional services,REG001,Prairies,Manitoba,PRD005,Life Basic,Life,Core,Watch,184,5852.91,0.0,0.0,0.0,0.0,0.0,0.0,31.8093,0.0,5852.91
2025-09-01,POL0032,EMP011,Winnipeg Services,Professional services,REG001,Prairies,Manitoba,PRD005,Life Basic,Life,Core,Watch,174,5534.81,0.0,0.0,0.0,0.0,0.0,0.0,31.8093,0.0,5534.81
2025-10-01,POL0032,EMP011,Winnipeg Services,Professional services,REG001,Prairies,Manitoba,PRD005,Life Basic,Life,Core,Watch,178,5662.05,0.0,0.0,0.0,0.0,0.0,0.0,31.8093,0.0,5662.05
2025-11-01,POL0032,EMP011,Winnipeg Services,Professional services,REG001,Prairies,Manitoba,PRD005,Life Basic,Life,Core,Watch,177,5630.24,0.0,0.0,0.0,0.0,0.0,0.0,31.8093,0.0,5630.24
2025-12-01,POL0032,EMP011,Winnipeg Services,Professional services,REG001,Prairies,Manitoba,PRD005,Life Basic,Life,Core,Watch,184,5852.91,0.0,0.0,0.0,0.0,0.0,0.0,31.8093,0.0,5852.91
2025-01-01,POL0033,EMP011,Winnipeg Services,Professional services,REG001,Prairies,Manitoba,PRD003,Dental Plus,Dental,Enhanced,Preferred,153,15146.88,8417.71,9031.47,13.0,0.5963,0.085,694.7285,98.9992,59.0292,6115.41
2025-02-01,POL0033,EMP011,Winnipeg Services,Professional services,REG001,Prairies,Manitoba,PRD003,Dental Plus,Dental,Enhanced,Preferred,148,14651.88,3697.4,4018.53,11.0,0.2743,0.0743,365.3209,98.9992,27.1522,10633.35
2025-03-01,POL0033,EMP011,Winnipeg Services,Professional services,REG001,Prairies,Manitoba,PRD003,Dental Plus,Dental,Enhanced,Preferred,146,14453.88,5953.33,6767.49,13.0,0.4682,0.089,520.5762,98.9992,46.3527,7686.39
2025-04-01,POL0033,EMP011,Winnipeg Services,Professional services,REG001,Prairies,Manitoba,PRD003,Dental Plus,Dental,Enhanced,Preferred,153,15146.88,5736.7,6268.46,9.0,0.4138,0.0588,696.4956,98.9992,40.9703,8878.42
2025-05-01,POL0033,EMP011,Winnipeg Services,Professional services,REG001,Prairies,Manitoba,PRD003,Dental Plus,Dental,Enhanced,Preferred,146,14453.88,4034.74,4414.74,8.0,0.3054,0.0548,551.8425,98.9992,30.2379,10039.14
2025-06-01,POL0033,EMP011,Winnipeg Services,Professional services,REG001,Prairies,Manitoba,PRD003,Dental Plus,Dental,Enhanced,Preferred,155,15344.88,3263.64,3557.08,10.0,0.2318,0.0645,355.708,98.9992,22.9489,11787.8
2025-07-01,POL0033,EMP011,Winnipeg Services,Professional services,REG001,Prairies,Manitoba,PRD003,Dental Plus,Dental,Enhanced,Preferred,152,15047.88,6725.44,7331.36,15.0,0.4872,0.0987,488.7573,98.9992,48.2326,7716.52
2025-08-01,POL0033,EMP011,Winnipeg Services,Professional services,REG001,Prairies,Manitoba,PRD003,Dental Plus,Dental,Enhanced,Preferred,154,15245.88,6119.33,6768.04,14.0,0.4439,0.0909,483.4314,98.9992,43.9483,8477.84
2025-09-01,POL0033,EMP011,Winnipeg Services,Professional services,REG001,Prairies,Manitoba,PRD003,Dental Plus,Dental,Enhanced,Preferred,145,14354.89,4384.24,4735.33,12.0,0.3299,0.0828,394.6108,98.9992,32.6574,9619.56
2025-10-01,POL0033,EMP011,Winnipeg Services,Professional services,REG001,Prairies,Manitoba,PRD003,Dental Plus,Dental,Enhanced,Preferred,147,14552.88,12014.57,13317.57,15.0,0.9151,0.102,887.838,98.9992,90.5957,1235.31
2025-11-01,POL0033,EMP011,Winnipeg Services,Professional services,REG001,Prairies,Manitoba,PRD003,Dental Plus,Dental,Enhanced,Preferred,151,14948.88,6088.73,6824.17,12.0,0.4565,0.0795,568.6808,98.9992,45.1932,8124.71
2025-12-01,POL0033,EMP011,Winnipeg Services,Professional services,REG001,Prairies,Manitoba,PRD003,Dental Plus,Dental,Enhanced,Preferred,149,14750.88,6523.95,7037.51,14.0,0.4771,0.094,502.6793,98.9992,47.2316,7713.37
2025-01-01,POL0034,EMP012,Capital Distribution,Wholesale,REG002,Ontario,Ontario,PRD001,Core Health,Health,Core,Preferred,557,83814.99,6375.15,7100.96,59.0,0.0847,0.1059,120.3553,150.4757,12.7486,76714.03
2025-02-01,POL0034,EMP012,Capital Distribution,Wholesale,REG002,Ontario,Ontario,PRD001,Core Health,Health,Core,Preferred,546,82159.75,4774.87,5253.3,42.0,0.0639,0.0769,125.0786,150.4757,9.6214,76906.45
2025-03-01,POL0034,EMP012,Capital Distribution,Wholesale,REG002,Ontario,Ontario,PRD001,Core Health,Health,Core,Preferred,535,80504.52,6225.49,6901.97,62.0,0.0857,0.1159,111.3221,150.4757,12.9009,73602.55
2025-04-01,POL0034,EMP012,Capital Distribution,Wholesale,REG002,Ontario,Ontario,PRD001,Core Health,Health,Core,Preferred,566,85169.27,4494.21,5033.15,39.0,0.0591,0.0689,129.0551,150.4757,8.8925,80136.12
2025-05-01,POL0034,EMP012,Capital Distribution,Wholesale,REG002,Ontario,Ontario,PRD001,Core Health,Health,Core,Preferred,532,80053.09,5711.69,6335.27,51.0,0.0791,0.0959,124.221,150.4757,11.9084,73717.82
2025-06-01,POL0034,EMP012,Capital Distribution,Wholesale,REG002,Ontario,Ontario,PRD001,Core Health,Health,Core,Preferred,562,84567.37,6500.28,7144.67,46.0,0.0845,0.0819,155.3189,150.4757,12.7129,77422.7
2025-07-01,POL0034,EMP012,Capital Distribution,Wholesale,REG002,Ontario,Ontario,PRD001,Core Health,Health,Core,Preferred,558,83965.46,8135.93,8907.8,72.0,0.1061,0.129,123.7194,150.4757,15.9638,75057.66
2025-08-01,POL0034,EMP012,Capital Distribution,Wholesale,REG002,Ontario,Ontario,PRD001,Core Health,Health,Core,Preferred,553,83213.08,7747.78,8563.13,63.0,0.1029,0.1139,135.9227,150.4757,15.4849,74649.95
2025-09-01,POL0034,EMP012,Capital Distribution,Wholesale,REG002,Ontario,Ontario,PRD001,Core Health,Health,Core,Preferred,564,84868.32,4592.67,5166.68,41.0,0.0609,0.0727,126.0166,150.4757,9.1608,79701.64
2025-10-01,POL0034,EMP012,Capital Distribution,Wholesale,REG002,Ontario,Ontario,PRD001,Core Health,Health,Core,Preferred,563,84717.84,9901.16,10940.73,78.0,0.1291,0.1385,140.2658,150.4757,19.4329,73777.11
2025-11-01,POL0034,EMP012,Capital Distribution,Wholesale,REG002,Ontario,Ontario,PRD001,Core Health,Health,Core,Preferred,538,80955.95,7884.73,8724.96,68.0,0.1078,0.1264,128.3082,150.4757,16.2174,72230.99
2025-12-01,POL0034,EMP012,Capital Distribution,Wholesale,REG002,Ontario,Ontario,PRD001,Core Health,Health,Core,Preferred,548,82460.71,9999.45,11160.73,71.0,0.1353,0.1296,157.1934,150.4757,20.3663,71299.98
2025-01-01,POL0035,EMP012,Capital Distribution,Wholesale,REG002,Ontario,Ontario,PRD003,Dental Plus,Dental,Enhanced,Standard,469,46010.65,21931.22,24333.6,48.0,0.5289,0.1023,506.95,98.1037,51.884,21677.05
2025-02-01,POL0035,EMP012,Capital Distribution,Wholesale,REG002,Ontario,Ontario,PRD003,Dental Plus,Dental,Enhanced,Standard,478,46893.59,8401.13,9328.81,23.0,0.1989,0.0481,405.6004,98.1037,19.5163,37564.78
2025-03-01,POL0035,EMP012,Capital Distribution,Wholesale,REG002,Ontario,Ontario,PRD003,Dental Plus,Dental,Enhanced,Standard,452,44342.89,15548.39,17042.08,42.0,0.3843,0.0929,405.7638,98.1037,37.7037,27300.81
2025-04-01,POL0035,EMP012,Capital Distribution,Wholesale,REG002,Ontario,Ontario,PRD003,Dental Plus,Dental,Enhanced,Standard,459,45029.62,18258.89,20430.2,41.0,0.4537,0.0893,498.2976,98.1037,44.5102,24599.42
2025-05-01,POL0035,EMP012,Capital Distribution,Wholesale,REG002,Ontario,Ontario,PRD003,Dental Plus,Dental,Enhanced,Standard,451,44244.79,29795.02,32697.35,46.0,0.739,0.102,710.812,98.1037,72.4997,11547.44
2025-06-01,POL0035,EMP012,Capital Distribution,Wholesale,REG002,Ontario,Ontario,PRD003,Dental Plus,Dental,Enhanced,Standard,448,43950.48,11934.2,13326.26,21.0,0.3032,0.0469,634.5838,98.1038,29.7461,30624.22
2025-07-01,POL0035,EMP012,Capital Distribution,Wholesale,REG002,Ontario,Ontario,PRD003,Dental Plus,Dental,Enhanced,Standard,463,45422.03,14334.37,15693.8,32.0,0.3455,0.0691,490.4312,98.1037,33.8959,29728.23
2025-08-01,POL0035,EMP012,Capital Distribution,Wholesale,REG002,Ontario,Ontario,PRD003,Dental Plus,Dental,Enhanced,Standard,475,46599.28,25122.49,27465.85,48.0,0.5894,0.1011,572.2052,98.1037,57.8228,19133.43
2025-09-01,POL0035,EMP012,Capital Distribution,Wholesale,REG002,Ontario,Ontario,PRD003,Dental Plus,Dental,Enhanced,Standard,459,45029.62,12211.96,13471.9,29.0,0.2992,0.0632,464.5483,98.1037,29.3505,31557.72
2025-10-01,POL0035,EMP012,Capital Distribution,Wholesale,REG002,Ontario,Ontario,PRD003,Dental Plus,Dental,Enhanced,Standard,449,44048.58,14576.59,16439.63,35.0,0.3732,0.078,469.7037,98.1037,36.6139,27608.95
2025-11-01,POL0035,EMP012,Capital Distribution,Wholesale,REG002,Ontario,Ontario,PRD003,Dental Plus,Dental,Enhanced,Standard,458,44931.51,10326.44,11272.62,23.0,0.2509,0.0502,490.1139,98.1037,24.6127,33658.89
2025-12-01,POL0035,EMP012,Capital Distribution,Wholesale,REG002,Ontario,Ontario,PRD003,Dental Plus,Dental,Enhanced,Standard,479,46991.69,12374.51,13605.3,24.0,0.2895,0.0501,566.8875,98.1037,28.4035,33386.39
2025-01-01,POL0036,EMP012,Capital Distribution,Wholesale,REG002,Ontario,Ontario,PRD005,Life Basic,Life,Core,Watch,443,11329.41,0.0,0.0,0.0,0.0,0.0,0.0,25.5743,0.0,11329.41
2025-02-01,POL0036,EMP012,Capital Distribution,Wholesale,REG002,Ontario,Ontario,PRD005,Life Basic,Life,Core,Watch,446,11406.14,0.0,0.0,0.0,0.0,0.0,0.0,25.5743,0.0,11406.14
2025-03-01,POL0036,EMP012,Capital Distribution,Wholesale,REG002,Ontario,Ontario,PRD005,Life Basic,Life,Core,Watch,423,10817.93,4474.19,4995.58,1.0,0.4618,0.0024,4995.58,25.5743,11.8099,5822.35
2025-04-01,POL0036,EMP012,Capital Distribution,Wholesale,REG002,Ontario,Ontario,PRD005,Life Basic,Life,Core,Watch,427,10920.22,22365.18,23559.53,1.0,2.1574,0.0023,23559.53,25.5743,55.1745,-12639.31
2025-05-01,POL0036,EMP012,Capital Distribution,Wholesale,REG002,Ontario,Ontario,PRD005,Life Basic,Life,Core,Watch,421,10766.78,0.0,0.0,0.0,0.0,0.0,0.0,25.5743,0.0,10766.78
2025-06-01,POL0036,EMP012,Capital Distribution,Wholesale,REG002,Ontario,Ontario,PRD005,Life Basic,Life,Core,Watch,429,10971.37,602.22,630.19,1.0,0.0574,0.0023,630.19,25.5743,1.469,10341.18
2025-07-01,POL0036,EMP012,Capital Distribution,Wholesale,REG002,Ontario,Ontario,PRD005,Life Basic,Life,Core,Watch,445,11380.56,0.0,0.0,0.0,0.0,0.0,0.0,25.5743,0.0,11380.56
2025-08-01,POL0036,EMP012,Capital Distribution,Wholesale,REG002,Ontario,Ontario,PRD005,Life Basic,Life,Core,Watch,427,10920.22,0.0,0.0,0.0,0.0,0.0,0.0,25.5743,0.0,10920.22
2025-09-01,POL0036,EMP012,Capital Distribution,Wholesale,REG002,Ontario,Ontario,PRD005,Life Basic,Life,Core,Watch,439,11227.12,0.0,0.0,0.0,0.0,0.0,0.0,25.5743,0.0,11227.12
2025-10-01,POL0036,EMP012,Capital Distribution,Wholesale,REG002,Ontario,Ontario,PRD005,Life Basic,Life,Core,Watch,446,11406.14,0.0,0.0,0.0,0.0,0.0,0.0,25.5743,0.0,11406.14
2025-11-01,POL0036,EMP012,Capital Distribution,Wholesale,REG002,Ontario,Ontario,PRD005,Life Basic,Life,Core,Watch,419,10715.63,4310.09,4572.3,1.0,0.4267,0.0024,4572.3,25.5743,10.9124,6143.33
2025-12-01,POL0036,EMP012,Capital Distribution,Wholesale,REG002,Ontario,Ontario,PRD005,Life Basic,Life,Core,Watch,446,11406.14,0.0,0.0,0.0,0.0,0.0,0.0,25.5743,0.0,11406.14
